<?xml version="1.0" encoding="UTF-8"?>
<osm version="0.6" generator="openstreetmap-cgimap 2.1.0 (2102906 spike-06.openstreetmap.org)" copyright="OpenStreetMap and contributors" attribution="http://www.openstreetmap.org/copyright" license="http://opendatacommons.org/licenses/odbl/1-0/">
 <bounds minlat="59.9031000" minlon="10.8734000" maxlat="59.9201000" maxlon="10.8826000"/>
 <node id="32694407" visible="true" version="4" changeset="139534883" timestamp="2023-08-06T22:44:55Z" user="olejorgenb" uid="154646" lat="59.9124046" lon="10.8796784"/>
 <node id="32694408" visible="true" version="3" changeset="139534883" timestamp="2023-08-06T22:44:55Z" user="olejorgenb" uid="154646" lat="59.9130413" lon="10.8805502"/>
 <node id="32694409" visible="true" version="3" changeset="139534883" timestamp="2023-08-06T22:44:55Z" user="olejorgenb" uid="154646" lat="59.9134165" lon="10.8809069"/>
 <node id="32694410" visible="true" version="3" changeset="139534883" timestamp="2023-08-06T22:44:55Z" user="olejorgenb" uid="154646" lat="59.9139919" lon="10.8813145"/>
 <node id="32694411" visible="true" version="3" changeset="139534883" timestamp="2023-08-06T22:44:55Z" user="olejorgenb" uid="154646" lat="59.9148202" lon="10.8818135"/>
 <node id="32694412" visible="true" version="3" changeset="139534883" timestamp="2023-08-06T22:44:55Z" user="olejorgenb" uid="154646" lat="59.9151012" lon="10.8821793"/>
 <node id="32694413" visible="true" version="3" changeset="139534883" timestamp="2023-08-06T22:44:55Z" user="olejorgenb" uid="154646" lat="59.9152491" lon="10.8823660"/>
 <node id="32694414" visible="true" version="3" changeset="139534883" timestamp="2023-08-06T22:44:55Z" user="olejorgenb" uid="154646" lat="59.9158730" lon="10.8822238"/>
 <node id="32694415" visible="true" version="3" changeset="139534883" timestamp="2023-08-06T22:44:55Z" user="olejorgenb" uid="154646" lat="59.9163489" lon="10.8823365"/>
 <node id="32694416" visible="true" version="3" changeset="139534883" timestamp="2023-08-06T22:44:55Z" user="olejorgenb" uid="154646" lat="59.9168182" lon="10.8825940"/>
 <node id="32694417" visible="true" version="3" changeset="139534883" timestamp="2023-08-06T22:44:55Z" user="olejorgenb" uid="154646" lat="59.9170507" lon="10.8826047"/>
 <node id="32694418" visible="true" version="3" changeset="139534883" timestamp="2023-08-06T22:44:55Z" user="olejorgenb" uid="154646" lat="59.9172639" lon="10.8825859"/>
 <node id="32694419" visible="true" version="3" changeset="56263268" timestamp="2018-02-11T13:15:51Z" user="Tractor" uid="395141" lat="59.9174863" lon="10.8822292"/>
 <node id="32694420" visible="true" version="4" changeset="128959356" timestamp="2022-11-15T21:00:43Z" user="ccamfwfwtn" uid="1883123" lat="59.9176239" lon="10.8816534"/>
 <node id="32694421" visible="true" version="4" changeset="128959356" timestamp="2022-11-15T21:00:43Z" user="ccamfwfwtn" uid="1883123" lat="59.9176025" lon="10.8810757"/>
 <node id="32694422" visible="true" version="3" changeset="128959356" timestamp="2022-11-15T21:00:43Z" user="ccamfwfwtn" uid="1883123" lat="59.9180208" lon="10.8810427"/>
 <node id="32694423" visible="true" version="3" changeset="128959356" timestamp="2022-11-15T21:00:43Z" user="ccamfwfwtn" uid="1883123" lat="59.9183752" lon="10.8810899"/>
 <node id="32694424" visible="true" version="3" changeset="128959356" timestamp="2022-11-15T21:00:43Z" user="ccamfwfwtn" uid="1883123" lat="59.9186354" lon="10.8809211"/>
 <node id="32694425" visible="true" version="3" changeset="128959356" timestamp="2022-11-15T21:00:43Z" user="ccamfwfwtn" uid="1883123" lat="59.9190178" lon="10.8798919"/>
 <node id="32694426" visible="true" version="3" changeset="128959356" timestamp="2022-11-15T21:00:43Z" user="ccamfwfwtn" uid="1883123" lat="59.9189128" lon="10.8798119"/>
 <node id="32694427" visible="true" version="3" changeset="128959356" timestamp="2022-11-15T21:00:43Z" user="ccamfwfwtn" uid="1883123" lat="59.9189995" lon="10.8794812"/>
 <node id="32694428" visible="true" version="3" changeset="128959356" timestamp="2022-11-15T21:00:43Z" user="ccamfwfwtn" uid="1883123" lat="59.9192295" lon="10.8796988"/>
 <node id="32694429" visible="true" version="3" changeset="128959356" timestamp="2022-11-15T21:00:43Z" user="ccamfwfwtn" uid="1883123" lat="59.9196350" lon="10.8794984"/>
 <node id="32694430" visible="true" version="5" changeset="128959356" timestamp="2022-11-15T21:00:43Z" user="ccamfwfwtn" uid="1883123" lat="59.9199835" lon="10.8786815"/>
 <node id="32694431" visible="true" version="5" changeset="128959356" timestamp="2022-11-15T21:00:43Z" user="ccamfwfwtn" uid="1883123" lat="59.9200963" lon="10.8783729"/>
 <node id="32694432" visible="true" version="5" changeset="128959356" timestamp="2022-11-15T21:00:43Z" user="ccamfwfwtn" uid="1883123" lat="59.9199057" lon="10.8774819"/>
 <node id="32694433" visible="true" version="5" changeset="128959356" timestamp="2022-11-15T21:00:43Z" user="ccamfwfwtn" uid="1883123" lat="59.9196420" lon="10.8771597"/>
 <node id="32694434" visible="true" version="4" changeset="8134043" timestamp="2011-05-13T18:37:31Z" user="vibrog" uid="11992" lat="59.9187928" lon="10.8770925"/>
 <node id="32694435" visible="true" version="4" changeset="8134043" timestamp="2011-05-13T18:37:51Z" user="vibrog" uid="11992" lat="59.9183460" lon="10.8768012"/>
 <node id="32694436" visible="true" version="5" changeset="139534883" timestamp="2023-08-06T22:44:55Z" user="olejorgenb" uid="154646" lat="59.9180551" lon="10.8767253"/>
 <node id="32694437" visible="true" version="5" changeset="139534883" timestamp="2023-08-06T22:44:55Z" user="olejorgenb" uid="154646" lat="59.9174794" lon="10.8762883"/>
 <node id="32694438" visible="true" version="5" changeset="139534883" timestamp="2023-08-06T22:44:55Z" user="olejorgenb" uid="154646" lat="59.9172021" lon="10.8762731"/>
 <node id="32694439" visible="true" version="5" changeset="139534883" timestamp="2023-08-06T22:44:55Z" user="olejorgenb" uid="154646" lat="59.9167418" lon="10.8760741"/>
 <node id="32694440" visible="true" version="5" changeset="139534883" timestamp="2023-08-06T22:44:55Z" user="olejorgenb" uid="154646" lat="59.9161365" lon="10.8759911"/>
 <node id="32694468" visible="true" version="5" changeset="139534883" timestamp="2023-08-06T22:44:55Z" user="olejorgenb" uid="154646" lat="59.9155088" lon="10.8756658"/>
 <node id="32694469" visible="true" version="5" changeset="139534883" timestamp="2023-08-06T22:44:55Z" user="olejorgenb" uid="154646" lat="59.9150433" lon="10.8754960"/>
 <node id="32694470" visible="true" version="5" changeset="139534883" timestamp="2023-08-06T22:44:55Z" user="olejorgenb" uid="154646" lat="59.9146421" lon="10.8751376"/>
 <node id="32694471" visible="true" version="5" changeset="139534883" timestamp="2023-08-06T22:44:55Z" user="olejorgenb" uid="154646" lat="59.9137623" lon="10.8748275"/>
 <node id="32694472" visible="true" version="5" changeset="139534883" timestamp="2023-08-06T22:44:55Z" user="olejorgenb" uid="154646" lat="59.9132926" lon="10.8745095"/>
 <node id="32694473" visible="true" version="5" changeset="139534883" timestamp="2023-08-06T22:44:55Z" user="olejorgenb" uid="154646" lat="59.9125406" lon="10.8739472"/>
 <node id="32694474" visible="true" version="5" changeset="139534883" timestamp="2023-08-06T22:44:55Z" user="olejorgenb" uid="154646" lat="59.9121074" lon="10.8739272"/>
 <node id="32694475" visible="true" version="5" changeset="139534883" timestamp="2023-08-06T22:44:55Z" user="olejorgenb" uid="154646" lat="59.9117852" lon="10.8738497"/>
 <node id="32694476" visible="true" version="5" changeset="139534883" timestamp="2023-08-06T22:44:55Z" user="olejorgenb" uid="154646" lat="59.9112548" lon="10.8740188"/>
 <node id="32694477" visible="true" version="4" changeset="8134043" timestamp="2011-05-13T18:38:07Z" user="vibrog" uid="11992" lat="59.9104712" lon="10.8739449"/>
 <node id="32694478" visible="true" version="5" changeset="139534883" timestamp="2023-08-06T22:44:55Z" user="olejorgenb" uid="154646" lat="59.9100812" lon="10.8738942"/>
 <node id="32694480" visible="true" version="5" changeset="139534883" timestamp="2023-08-06T22:44:55Z" user="olejorgenb" uid="154646" lat="59.9089783" lon="10.8738502"/>
 <node id="32694481" visible="true" version="5" changeset="139534883" timestamp="2023-08-06T22:44:55Z" user="olejorgenb" uid="154646" lat="59.9080328" lon="10.8734872"/>
 <node id="32694482" visible="true" version="5" changeset="139534883" timestamp="2023-08-06T22:44:55Z" user="olejorgenb" uid="154646" lat="59.9075189" lon="10.8735226"/>
 <node id="32694483" visible="true" version="5" changeset="139534883" timestamp="2023-08-06T22:44:55Z" user="olejorgenb" uid="154646" lat="59.9067942" lon="10.8737234"/>
 <node id="32694484" visible="true" version="4" changeset="139534883" timestamp="2023-08-06T22:44:55Z" user="olejorgenb" uid="154646" lat="59.9056652" lon="10.8743999"/>
 <node id="32694485" visible="true" version="4" changeset="139534883" timestamp="2023-08-06T22:44:55Z" user="olejorgenb" uid="154646" lat="59.9050258" lon="10.8752228"/>
 <node id="32694486" visible="true" version="4" changeset="139534883" timestamp="2023-08-06T22:44:55Z" user="olejorgenb" uid="154646" lat="59.9046753" lon="10.8757906"/>
 <node id="32694487" visible="true" version="4" changeset="139534883" timestamp="2023-08-06T22:44:55Z" user="olejorgenb" uid="154646" lat="59.9042785" lon="10.8760253"/>
 <node id="32694488" visible="true" version="5" changeset="139534883" timestamp="2023-08-06T22:44:55Z" user="olejorgenb" uid="154646" lat="59.9034587" lon="10.8763150"/>
 <node id="32694489" visible="true" version="8" changeset="139534883" timestamp="2023-08-06T22:44:55Z" user="olejorgenb" uid="154646" lat="59.9031993" lon="10.8767923"/>
 <node id="32694490" visible="true" version="4" changeset="139534883" timestamp="2023-08-06T22:44:55Z" user="olejorgenb" uid="154646" lat="59.9038878" lon="10.8767192"/>
 <node id="32694491" visible="true" version="4" changeset="139534883" timestamp="2023-08-06T22:44:55Z" user="olejorgenb" uid="154646" lat="59.9041521" lon="10.8767986"/>
 <node id="32694492" visible="true" version="4" changeset="139534883" timestamp="2023-08-06T22:44:55Z" user="olejorgenb" uid="154646" lat="59.9046160" lon="10.8767929"/>
 <node id="32694493" visible="true" version="3" changeset="139534883" timestamp="2023-08-06T22:44:55Z" user="olejorgenb" uid="154646" lat="59.9055005" lon="10.8767635"/>
 <node id="32694494" visible="true" version="4" changeset="139534883" timestamp="2023-08-06T22:44:55Z" user="olejorgenb" uid="154646" lat="59.9057116" lon="10.8767468"/>
 <node id="32694495" visible="true" version="4" changeset="139534883" timestamp="2023-08-06T22:44:55Z" user="olejorgenb" uid="154646" lat="59.9060046" lon="10.8766497"/>
 <node id="32694496" visible="true" version="4" changeset="139534883" timestamp="2023-08-06T22:44:55Z" user="olejorgenb" uid="154646" lat="59.9067704" lon="10.8761728"/>
 <node id="32694497" visible="true" version="3" changeset="139534883" timestamp="2023-08-06T22:44:55Z" user="olejorgenb" uid="154646" lat="59.9072219" lon="10.8763793"/>
 <node id="32694498" visible="true" version="3" changeset="139534883" timestamp="2023-08-06T22:44:55Z" user="olejorgenb" uid="154646" lat="59.9081372" lon="10.8768296"/>
 <node id="32694499" visible="true" version="3" changeset="139534883" timestamp="2023-08-06T22:44:55Z" user="olejorgenb" uid="154646" lat="59.9084766" lon="10.8774790"/>
 <node id="32694500" visible="true" version="3" changeset="139534883" timestamp="2023-08-06T22:44:55Z" user="olejorgenb" uid="154646" lat="59.9090744" lon="10.8777660"/>
 <node id="32694502" visible="true" version="3" changeset="139534883" timestamp="2023-08-06T22:44:55Z" user="olejorgenb" uid="154646" lat="59.9096365" lon="10.8777298"/>
 <node id="32694503" visible="true" version="3" changeset="139534883" timestamp="2023-08-06T22:44:55Z" user="olejorgenb" uid="154646" lat="59.9101670" lon="10.8779712"/>
 <node id="32694504" visible="true" version="3" changeset="139534883" timestamp="2023-08-06T22:44:55Z" user="olejorgenb" uid="154646" lat="59.9106215" lon="10.8780517"/>
 <node id="32694505" visible="true" version="3" changeset="139534883" timestamp="2023-08-06T22:44:55Z" user="olejorgenb" uid="154646" lat="59.9114169" lon="10.8783306"/>
 <node id="32694506" visible="true" version="3" changeset="139534883" timestamp="2023-08-06T22:44:55Z" user="olejorgenb" uid="154646" lat="59.9117672" lon="10.8789864"/>
 <node id="32697376" visible="true" version="3" changeset="128959356" timestamp="2022-11-15T21:00:43Z" user="ccamfwfwtn" uid="1883123" lat="59.9117426" lon="10.8759556"/>
 <node id="32697377" visible="true" version="3" changeset="128959356" timestamp="2022-11-15T21:00:43Z" user="ccamfwfwtn" uid="1883123" lat="59.9118055" lon="10.8760037"/>
 <node id="32697378" visible="true" version="3" changeset="128959356" timestamp="2022-11-15T21:00:43Z" user="ccamfwfwtn" uid="1883123" lat="59.9118742" lon="10.8759893"/>
 <node id="32697379" visible="true" version="3" changeset="128959356" timestamp="2022-11-15T21:00:43Z" user="ccamfwfwtn" uid="1883123" lat="59.9119754" lon="10.8758495"/>
 <node id="32697380" visible="true" version="3" changeset="128959356" timestamp="2022-11-15T21:00:43Z" user="ccamfwfwtn" uid="1883123" lat="59.9119957" lon="10.8757808"/>
 <node id="32697381" visible="true" version="3" changeset="128959356" timestamp="2022-11-15T21:00:43Z" user="ccamfwfwtn" uid="1883123" lat="59.9119577" lon="10.8756552"/>
 <node id="32697382" visible="true" version="3" changeset="128959356" timestamp="2022-11-15T21:00:43Z" user="ccamfwfwtn" uid="1883123" lat="59.9119696" lon="10.8754759"/>
 <node id="32697383" visible="true" version="3" changeset="128959356" timestamp="2022-11-15T21:00:43Z" user="ccamfwfwtn" uid="1883123" lat="59.9120141" lon="10.8753992"/>
 <node id="32697384" visible="true" version="3" changeset="128959356" timestamp="2022-11-15T21:00:43Z" user="ccamfwfwtn" uid="1883123" lat="59.9120766" lon="10.8753956"/>
 <node id="32697385" visible="true" version="3" changeset="128959356" timestamp="2022-11-15T21:00:43Z" user="ccamfwfwtn" uid="1883123" lat="59.9121040" lon="10.8754835"/>
 <node id="32697386" visible="true" version="3" changeset="128959356" timestamp="2022-11-15T21:00:43Z" user="ccamfwfwtn" uid="1883123" lat="59.9122117" lon="10.8755098"/>
 <node id="32697387" visible="true" version="3" changeset="128959356" timestamp="2022-11-15T21:00:43Z" user="ccamfwfwtn" uid="1883123" lat="59.9121786" lon="10.8754444"/>
 <node id="32697388" visible="true" version="3" changeset="128959356" timestamp="2022-11-15T21:00:43Z" user="ccamfwfwtn" uid="1883123" lat="59.9122004" lon="10.8751343"/>
 <node id="32697389" visible="true" version="3" changeset="128959356" timestamp="2022-11-15T21:00:43Z" user="ccamfwfwtn" uid="1883123" lat="59.9122430" lon="10.8749905"/>
 <node id="32697390" visible="true" version="3" changeset="128959356" timestamp="2022-11-15T21:00:43Z" user="ccamfwfwtn" uid="1883123" lat="59.9121729" lon="10.8749857"/>
 <node id="32697391" visible="true" version="3" changeset="128959356" timestamp="2022-11-15T21:00:43Z" user="ccamfwfwtn" uid="1883123" lat="59.9121128" lon="10.8749210"/>
 <node id="32697392" visible="true" version="3" changeset="128959356" timestamp="2022-11-15T21:00:43Z" user="ccamfwfwtn" uid="1883123" lat="59.9120007" lon="10.8749514"/>
 <node id="32697393" visible="true" version="3" changeset="128959356" timestamp="2022-11-15T21:00:43Z" user="ccamfwfwtn" uid="1883123" lat="59.9118629" lon="10.8750259"/>
 <node id="32697394" visible="true" version="3" changeset="128959356" timestamp="2022-11-15T21:00:43Z" user="ccamfwfwtn" uid="1883123" lat="59.9118505" lon="10.8751619"/>
 <node id="32697395" visible="true" version="3" changeset="128959356" timestamp="2022-11-15T21:00:43Z" user="ccamfwfwtn" uid="1883123" lat="59.9118351" lon="10.8753172"/>
 <node id="32697396" visible="true" version="3" changeset="128959356" timestamp="2022-11-15T21:00:43Z" user="ccamfwfwtn" uid="1883123" lat="59.9118365" lon="10.8754029"/>
 <node id="32697397" visible="true" version="3" changeset="128959356" timestamp="2022-11-15T21:00:43Z" user="ccamfwfwtn" uid="1883123" lat="59.9118229" lon="10.8754805"/>
 <node id="32697398" visible="true" version="3" changeset="128959356" timestamp="2022-11-15T21:00:43Z" user="ccamfwfwtn" uid="1883123" lat="59.9117372" lon="10.8755048"/>
 <node id="32697399" visible="true" version="3" changeset="128959356" timestamp="2022-11-15T21:00:43Z" user="ccamfwfwtn" uid="1883123" lat="59.9116149" lon="10.8755453"/>
 <node id="32697400" visible="true" version="3" changeset="128959356" timestamp="2022-11-15T21:00:43Z" user="ccamfwfwtn" uid="1883123" lat="59.9115474" lon="10.8756034"/>
 <node id="32697401" visible="true" version="3" changeset="128959356" timestamp="2022-11-15T21:00:43Z" user="ccamfwfwtn" uid="1883123" lat="59.9114998" lon="10.8758734"/>
 <node id="32697402" visible="true" version="3" changeset="128959356" timestamp="2022-11-15T21:00:43Z" user="ccamfwfwtn" uid="1883123" lat="59.9115222" lon="10.8759285"/>
 <node id="32697403" visible="true" version="4" changeset="128959356" timestamp="2022-11-15T21:00:43Z" user="ccamfwfwtn" uid="1883123" lat="59.9116681" lon="10.8759857"/>
 <node id="32697467" visible="true" version="6" changeset="128959356" timestamp="2022-11-15T21:00:43Z" user="ccamfwfwtn" uid="1883123" lat="59.9124130" lon="10.8753770"/>
 <node id="32697468" visible="true" version="4" changeset="128959356" timestamp="2022-11-15T21:00:43Z" user="ccamfwfwtn" uid="1883123" lat="59.9124116" lon="10.8755191"/>
 <node id="32697469" visible="true" version="4" changeset="128959356" timestamp="2022-11-15T21:00:43Z" user="ccamfwfwtn" uid="1883123" lat="59.9124805" lon="10.8755822"/>
 <node id="32697470" visible="true" version="4" changeset="128959356" timestamp="2022-11-15T21:00:43Z" user="ccamfwfwtn" uid="1883123" lat="59.9125662" lon="10.8755878"/>
 <node id="32697471" visible="true" version="4" changeset="128959356" timestamp="2022-11-15T21:00:43Z" user="ccamfwfwtn" uid="1883123" lat="59.9125160" lon="10.8754430"/>
 <node id="32699975" visible="true" version="3" changeset="128959356" timestamp="2022-11-15T21:00:43Z" user="ccamfwfwtn" uid="1883123" lat="59.9183641" lon="10.8790366"/>
 <node id="32699976" visible="true" version="3" changeset="128959356" timestamp="2022-11-15T21:00:43Z" user="ccamfwfwtn" uid="1883123" lat="59.9182349" lon="10.8792036"/>
 <node id="32699977" visible="true" version="3" changeset="128959356" timestamp="2022-11-15T21:00:43Z" user="ccamfwfwtn" uid="1883123" lat="59.9180711" lon="10.8792873"/>
 <node id="32699978" visible="true" version="3" changeset="128959356" timestamp="2022-11-15T21:00:43Z" user="ccamfwfwtn" uid="1883123" lat="59.9179719" lon="10.8792445"/>
 <node id="32699979" visible="true" version="3" changeset="128959356" timestamp="2022-11-15T21:00:43Z" user="ccamfwfwtn" uid="1883123" lat="59.9178679" lon="10.8792311"/>
 <node id="32699980" visible="true" version="3" changeset="128959356" timestamp="2022-11-15T21:00:43Z" user="ccamfwfwtn" uid="1883123" lat="59.9177833" lon="10.8792049"/>
 <node id="32699981" visible="true" version="3" changeset="128959356" timestamp="2022-11-15T21:00:43Z" user="ccamfwfwtn" uid="1883123" lat="59.9177764" lon="10.8792344"/>
 <node id="32699982" visible="true" version="3" changeset="128959356" timestamp="2022-11-15T21:00:43Z" user="ccamfwfwtn" uid="1883123" lat="59.9175829" lon="10.8792188"/>
 <node id="32699983" visible="true" version="3" changeset="128959356" timestamp="2022-11-15T21:00:43Z" user="ccamfwfwtn" uid="1883123" lat="59.9173893" lon="10.8791691"/>
 <node id="32699984" visible="true" version="3" changeset="128959356" timestamp="2022-11-15T21:00:43Z" user="ccamfwfwtn" uid="1883123" lat="59.9173014" lon="10.8790272"/>
 <node id="32699985" visible="true" version="3" changeset="128959356" timestamp="2022-11-15T21:00:43Z" user="ccamfwfwtn" uid="1883123" lat="59.9172702" lon="10.8788621"/>
 <node id="32699986" visible="true" version="3" changeset="128959356" timestamp="2022-11-15T21:00:43Z" user="ccamfwfwtn" uid="1883123" lat="59.9172431" lon="10.8787992"/>
 <node id="32699987" visible="true" version="2" changeset="492661" timestamp="2009-04-13T12:43:49Z" user="welo" uid="71311" lat="59.9172562" lon="10.8787670"/>
 <node id="32699988" visible="true" version="3" changeset="128959356" timestamp="2022-11-15T21:00:43Z" user="ccamfwfwtn" uid="1883123" lat="59.9173513" lon="10.8786315"/>
 <node id="32699989" visible="true" version="3" changeset="128959356" timestamp="2022-11-15T21:00:43Z" user="ccamfwfwtn" uid="1883123" lat="59.9173754" lon="10.8785883"/>
 <node id="32699990" visible="true" version="3" changeset="128959356" timestamp="2022-11-15T21:00:43Z" user="ccamfwfwtn" uid="1883123" lat="59.9174656" lon="10.8785681"/>
 <node id="32699991" visible="true" version="3" changeset="128959356" timestamp="2022-11-15T21:00:43Z" user="ccamfwfwtn" uid="1883123" lat="59.9175525" lon="10.8785042"/>
 <node id="32699992" visible="true" version="3" changeset="128959356" timestamp="2022-11-15T21:00:43Z" user="ccamfwfwtn" uid="1883123" lat="59.9176457" lon="10.8785387"/>
 <node id="32699993" visible="true" version="3" changeset="128959356" timestamp="2022-11-15T21:00:43Z" user="ccamfwfwtn" uid="1883123" lat="59.9177793" lon="10.8784837"/>
 <node id="32699994" visible="true" version="3" changeset="128959356" timestamp="2022-11-15T21:00:43Z" user="ccamfwfwtn" uid="1883123" lat="59.9178402" lon="10.8784827"/>
 <node id="32699995" visible="true" version="3" changeset="128959356" timestamp="2022-11-15T21:00:43Z" user="ccamfwfwtn" uid="1883123" lat="59.9179289" lon="10.8784952"/>
 <node id="32699996" visible="true" version="3" changeset="128959356" timestamp="2022-11-15T21:00:43Z" user="ccamfwfwtn" uid="1883123" lat="59.9180148" lon="10.8785020"/>
 <node id="32699997" visible="true" version="2" changeset="492661" timestamp="2009-04-13T12:43:51Z" user="welo" uid="71311" lat="59.9180951" lon="10.8785095"/>
 <node id="32699998" visible="true" version="3" changeset="128959356" timestamp="2022-11-15T21:00:43Z" user="ccamfwfwtn" uid="1883123" lat="59.9181927" lon="10.8785056"/>
 <node id="32699999" visible="true" version="3" changeset="128959356" timestamp="2022-11-15T21:00:43Z" user="ccamfwfwtn" uid="1883123" lat="59.9183834" lon="10.8785847"/>
 <node id="32700000" visible="true" version="3" changeset="128959356" timestamp="2022-11-15T21:00:43Z" user="ccamfwfwtn" uid="1883123" lat="59.9184772" lon="10.8786091"/>
 <node id="32700001" visible="true" version="4" changeset="128959356" timestamp="2022-11-15T21:00:43Z" user="ccamfwfwtn" uid="1883123" lat="59.9184973" lon="10.8788297"/>
 <node id="244003587" visible="true" version="2" changeset="707453" timestamp="2008-01-29T16:47:56Z" user="Bobkare" uid="4948" lat="59.9285405" lon="10.9172356"/>
 <node id="244003588" visible="true" version="3" changeset="36073524" timestamp="2015-12-20T21:04:34Z" user="vibrog" uid="11992" lat="59.9286736" lon="10.9212677"/>
 <node id="244003636" visible="true" version="4" changeset="423260" timestamp="2008-10-18T10:44:37Z" user="Gustav F" uid="36641" lat="59.9204604" lon="10.8789860"/>
 <node id="244003637" visible="true" version="3" changeset="7156627" timestamp="2011-02-01T17:03:13Z" user="vibrog" uid="11992" lat="59.9208157" lon="10.8788148"/>
 <node id="244003638" visible="true" version="3" changeset="7156627" timestamp="2011-02-01T17:03:08Z" user="vibrog" uid="11992" lat="59.9212736" lon="10.8793502"/>
 <node id="244003639" visible="true" version="3" changeset="7156627" timestamp="2011-02-01T17:02:47Z" user="vibrog" uid="11992" lat="59.9215525" lon="10.8789116"/>
 <node id="244003640" visible="true" version="2" changeset="5541065" timestamp="2010-08-20T06:14:30Z" user="vibrog" uid="11992" lat="59.9221262" lon="10.8787369"/>
 <node id="244003641" visible="true" version="3" changeset="7156627" timestamp="2011-02-01T17:03:07Z" user="vibrog" uid="11992" lat="59.9227818" lon="10.8788672"/>
 <node id="244003642" visible="true" version="3" changeset="7156627" timestamp="2011-02-01T17:02:47Z" user="vibrog" uid="11992" lat="59.9231589" lon="10.8784778"/>
 <node id="244003643" visible="true" version="2" changeset="5541065" timestamp="2010-08-20T06:14:42Z" user="vibrog" uid="11992" lat="59.9247321" lon="10.8784605"/>
 <node id="244003644" visible="true" version="1" changeset="707453" timestamp="2008-01-29T16:37:19Z" user="Bobkare" uid="4948" lat="59.9253077" lon="10.8788002"/>
 <node id="244003645" visible="true" version="3" changeset="5541065" timestamp="2010-08-20T06:14:29Z" user="vibrog" uid="11992" lat="59.9279089" lon="10.8809080"/>
 <node id="244003677" visible="true" version="2" changeset="7156627" timestamp="2011-02-01T17:03:10Z" user="vibrog" uid="11992" lat="59.9264106" lon="10.8806576"/>
 <node id="244003678" visible="true" version="2" changeset="7156627" timestamp="2011-02-01T17:03:07Z" user="vibrog" uid="11992" lat="59.9266741" lon="10.8804396"/>
 <node id="244003679" visible="true" version="1" changeset="707453" timestamp="2008-01-29T16:39:26Z" user="Bobkare" uid="4948" lat="59.9265981" lon="10.8797014"/>
 <node id="244003680" visible="true" version="1" changeset="707453" timestamp="2008-01-29T16:39:26Z" user="Bobkare" uid="4948" lat="59.9279658" lon="10.8868683"/>
 <node id="244003701" visible="true" version="1" changeset="707453" timestamp="2008-01-29T16:40:10Z" user="Bobkare" uid="4948" lat="59.9261895" lon="10.8795212"/>
 <node id="244003702" visible="true" version="1" changeset="707453" timestamp="2008-01-29T16:40:10Z" user="Bobkare" uid="4948" lat="59.9261895" lon="10.8804481"/>
 <node id="244003703" visible="true" version="2" changeset="5541065" timestamp="2010-08-20T06:14:42Z" user="vibrog" uid="11992" lat="59.9276783" lon="10.8803497"/>
 <node id="244039489" visible="true" version="12" changeset="7122713" timestamp="2011-01-29T14:37:55Z" user="vibrog" uid="11992" lat="59.8990794" lon="10.8541037"/>
 <node id="244039490" visible="true" version="4" changeset="35202857" timestamp="2015-11-09T21:32:05Z" user="MaxMad" uid="706634" lat="59.9001473" lon="10.8539382"/>
 <node id="244039491" visible="true" version="3" changeset="7122713" timestamp="2011-01-29T14:38:09Z" user="vibrog" uid="11992" lat="59.9002329" lon="10.8538611"/>
 <node id="244039492" visible="true" version="4" changeset="102752194" timestamp="2021-04-11T18:51:28Z" user="mapify7" uid="7238959" lat="59.9006409" lon="10.8539782"/>
 <node id="244039493" visible="true" version="3" changeset="7122713" timestamp="2011-01-29T14:38:05Z" user="vibrog" uid="11992" lat="59.9006892" lon="10.8541058"/>
 <node id="244039494" visible="true" version="2" changeset="4727804" timestamp="2010-05-17T11:35:39Z" user="xiphias256" uid="200141" lat="59.9006006" lon="10.8542628"/>
 <node id="244039495" visible="true" version="3" changeset="7122713" timestamp="2011-01-29T14:37:42Z" user="vibrog" uid="11992" lat="59.9002833" lon="10.8543731"/>
 <node id="244039496" visible="true" version="3" changeset="7122713" timestamp="2011-01-29T14:37:47Z" user="vibrog" uid="11992" lat="59.9001438" lon="10.8545257"/>
 <node id="244039497" visible="true" version="3" changeset="7122713" timestamp="2011-01-29T14:37:38Z" user="vibrog" uid="11992" lat="59.9010202" lon="10.8545110"/>
 <node id="244039498" visible="true" version="3" changeset="102752194" timestamp="2021-04-11T18:51:28Z" user="mapify7" uid="7238959" lat="59.9012127" lon="10.8549079"/>
 <node id="244039499" visible="true" version="3" changeset="102752194" timestamp="2021-04-11T18:51:28Z" user="mapify7" uid="7238959" lat="59.9012740" lon="10.8548572"/>
 <node id="244039501" visible="true" version="4" changeset="102752194" timestamp="2021-04-11T18:51:28Z" user="mapify7" uid="7238959" lat="59.9017077" lon="10.8540957"/>
 <node id="244039505" visible="true" version="3" changeset="102752194" timestamp="2021-04-11T18:51:28Z" user="mapify7" uid="7238959" lat="59.9004367" lon="10.8535789"/>
 <node id="244039506" visible="true" version="3" changeset="35202857" timestamp="2015-11-09T21:32:05Z" user="MaxMad" uid="706634" lat="59.9001336" lon="10.8532552"/>
 <node id="244039511" visible="true" version="2" changeset="4727804" timestamp="2010-05-17T11:35:44Z" user="xiphias256" uid="200141" lat="59.8994642" lon="10.8526148"/>
 <node id="244039512" visible="true" version="2" changeset="4727804" timestamp="2010-05-17T11:35:44Z" user="xiphias256" uid="200141" lat="59.8995245" lon="10.8523573"/>
 <node id="244039513" visible="true" version="3" changeset="67264257" timestamp="2019-02-16T21:50:15Z" user="mariusscheide" uid="9358617" lat="59.8997679" lon="10.8522198"/>
 <node id="244039514" visible="true" version="4" changeset="67264257" timestamp="2019-02-16T21:50:15Z" user="mariusscheide" uid="9358617" lat="59.8999361" lon="10.8523586"/>
 <node id="244039515" visible="true" version="2" changeset="4727804" timestamp="2010-05-17T11:35:45Z" user="xiphias256" uid="200141" lat="59.9002046" lon="10.8525290"/>
 <node id="244039516" visible="true" version="3" changeset="6425424" timestamp="2010-11-21T18:43:09Z" user="vibrog" uid="11992" lat="59.9005822" lon="10.8525276"/>
 <node id="244039517" visible="true" version="2" changeset="4727804" timestamp="2010-05-17T11:35:45Z" user="xiphias256" uid="200141" lat="59.9004973" lon="10.8529410"/>
 <node id="244039518" visible="true" version="2" changeset="4727804" timestamp="2010-05-17T11:35:46Z" user="xiphias256" uid="200141" lat="59.9007642" lon="10.8531470"/>
 <node id="244039519" visible="true" version="2" changeset="4727804" timestamp="2010-05-17T11:35:47Z" user="xiphias256" uid="200141" lat="59.9009449" lon="10.8528895"/>
 <node id="244039520" visible="true" version="2" changeset="4727804" timestamp="2010-05-17T11:35:47Z" user="xiphias256" uid="200141" lat="59.9010569" lon="10.8537135"/>
 <node id="244039521" visible="true" version="2" changeset="4727804" timestamp="2010-05-17T11:35:47Z" user="xiphias256" uid="200141" lat="59.9014529" lon="10.8536877"/>
 <node id="244039522" visible="true" version="2" changeset="4727804" timestamp="2010-05-17T11:35:48Z" user="xiphias256" uid="200141" lat="59.9014615" lon="10.8534731"/>
 <node id="244039523" visible="true" version="2" changeset="4727804" timestamp="2010-05-17T11:35:48Z" user="xiphias256" uid="200141" lat="59.9016681" lon="10.8534045"/>
 <node id="244039524" visible="true" version="2" changeset="4727804" timestamp="2010-05-17T11:35:48Z" user="xiphias256" uid="200141" lat="59.9018187" lon="10.8537478"/>
 <node id="244039525" visible="true" version="2" changeset="4727804" timestamp="2010-05-17T11:35:48Z" user="xiphias256" uid="200141" lat="59.9021846" lon="10.8534903"/>
 <node id="244039526" visible="true" version="2" changeset="4727804" timestamp="2010-05-17T11:35:48Z" user="xiphias256" uid="200141" lat="59.9027872" lon="10.8532328"/>
 <node id="244039527" visible="true" version="2" changeset="4727804" timestamp="2010-05-17T11:35:49Z" user="xiphias256" uid="200141" lat="59.9030239" lon="10.8530268"/>
 <node id="244039528" visible="true" version="2" changeset="4727804" timestamp="2010-05-17T11:35:49Z" user="xiphias256" uid="200141" lat="59.9031315" lon="10.8527693"/>
 <node id="244039529" visible="true" version="2" changeset="4727804" timestamp="2010-05-17T11:35:49Z" user="xiphias256" uid="200141" lat="59.9032176" lon="10.8523144"/>
 <node id="244039530" visible="true" version="2" changeset="4727804" timestamp="2010-05-17T11:35:49Z" user="xiphias256" uid="200141" lat="59.9032391" lon="10.8527436"/>
 <node id="244039531" visible="true" version="2" changeset="4727804" timestamp="2010-05-17T11:35:49Z" user="xiphias256" uid="200141" lat="59.9031530" lon="10.8531470"/>
 <node id="244039532" visible="true" version="2" changeset="4727804" timestamp="2010-05-17T11:35:50Z" user="xiphias256" uid="200141" lat="59.9030454" lon="10.8534045"/>
 <node id="244039533" visible="true" version="2" changeset="4727804" timestamp="2010-05-17T11:35:51Z" user="xiphias256" uid="200141" lat="59.9029722" lon="10.8535590"/>
 <node id="244039534" visible="true" version="2" changeset="4727804" timestamp="2010-05-17T11:35:51Z" user="xiphias256" uid="200141" lat="59.9045518" lon="10.8530268"/>
 <node id="244039535" visible="true" version="2" changeset="4727804" timestamp="2010-05-17T11:35:51Z" user="xiphias256" uid="200141" lat="59.9052792" lon="10.8527007"/>
 <node id="244039536" visible="true" version="2" changeset="4727804" timestamp="2010-05-17T11:35:52Z" user="xiphias256" uid="200141" lat="59.9052060" lon="10.8534388"/>
 <node id="244039537" visible="true" version="2" changeset="4727804" timestamp="2010-05-17T11:35:52Z" user="xiphias256" uid="200141" lat="59.9052620" lon="10.8538851"/>
 <node id="244039538" visible="true" version="2" changeset="4727804" timestamp="2010-05-17T11:35:52Z" user="xiphias256" uid="200141" lat="59.9054642" lon="10.8540740"/>
 <node id="244039539" visible="true" version="2" changeset="4727804" timestamp="2010-05-17T11:35:52Z" user="xiphias256" uid="200141" lat="59.9061399" lon="10.8538422"/>
 <node id="244039541" visible="true" version="2" changeset="4727804" timestamp="2010-05-17T11:35:52Z" user="xiphias256" uid="200141" lat="59.9059936" lon="10.8541598"/>
 <node id="244039542" visible="true" version="2" changeset="4727804" timestamp="2010-05-17T11:35:53Z" user="xiphias256" uid="200141" lat="59.9057784" lon="10.8543572"/>
 <node id="244039543" visible="true" version="2" changeset="4727804" timestamp="2010-05-17T11:35:54Z" user="xiphias256" uid="200141" lat="59.9057009" lon="10.8546748"/>
 <node id="244039544" visible="true" version="3" changeset="7123599" timestamp="2011-01-29T15:54:05Z" user="vibrog" uid="11992" lat="59.9054850" lon="10.8549669"/>
 <node id="244039545" visible="true" version="3" changeset="7123599" timestamp="2011-01-29T15:53:54Z" user="vibrog" uid="11992" lat="59.9056479" lon="10.8550710"/>
 <node id="244039546" visible="true" version="2" changeset="4727804" timestamp="2010-05-17T11:35:55Z" user="xiphias256" uid="200141" lat="59.9058085" lon="10.8551898"/>
 <node id="244039547" visible="true" version="3" changeset="7123599" timestamp="2011-01-29T15:54:14Z" user="vibrog" uid="11992" lat="59.9060602" lon="10.8552613"/>
 <node id="244039548" visible="true" version="3" changeset="7123599" timestamp="2011-01-29T15:54:25Z" user="vibrog" uid="11992" lat="59.9062262" lon="10.8551827"/>
 <node id="244039549" visible="true" version="5" changeset="10733616" timestamp="2012-02-19T19:02:13Z" user="ArneH" uid="256393" lat="59.9066396" lon="10.8547206"/>
 <node id="244039550" visible="true" version="3" changeset="7162297" timestamp="2011-02-02T08:17:34Z" user="vibrog" uid="11992" lat="59.9067463" lon="10.8554003"/>
 <node id="244039551" visible="true" version="3" changeset="7123599" timestamp="2011-01-29T15:54:28Z" user="vibrog" uid="11992" lat="59.9068710" lon="10.8558377"/>
 <node id="244039552" visible="true" version="3" changeset="7123599" timestamp="2011-01-29T15:54:14Z" user="vibrog" uid="11992" lat="59.9069129" lon="10.8561852"/>
 <node id="244039553" visible="true" version="3" changeset="7123599" timestamp="2011-01-29T15:53:56Z" user="vibrog" uid="11992" lat="59.9073642" lon="10.8566601"/>
 <node id="244039554" visible="true" version="3" changeset="7123599" timestamp="2011-01-29T15:53:47Z" user="vibrog" uid="11992" lat="59.9083724" lon="10.8561961"/>
 <node id="244039555" visible="true" version="2" changeset="4727804" timestamp="2010-05-17T11:35:57Z" user="xiphias256" uid="200141" lat="59.9085972" lon="10.8558764"/>
 <node id="244039556" visible="true" version="3" changeset="7123599" timestamp="2011-01-29T15:54:28Z" user="vibrog" uid="11992" lat="59.9087430" lon="10.8554553"/>
 <node id="244039557" visible="true" version="3" changeset="7123599" timestamp="2011-01-29T15:54:05Z" user="vibrog" uid="11992" lat="59.9087627" lon="10.8550341"/>
 <node id="244039558" visible="true" version="3" changeset="7123599" timestamp="2011-01-29T15:53:54Z" user="vibrog" uid="11992" lat="59.9090963" lon="10.8554711"/>
 <node id="244039559" visible="true" version="3" changeset="7123599" timestamp="2011-01-29T15:53:42Z" user="vibrog" uid="11992" lat="59.9087953" lon="10.8559956"/>
 <node id="244039560" visible="true" version="3" changeset="7123599" timestamp="2011-01-29T15:53:48Z" user="vibrog" uid="11992" lat="59.9085551" lon="10.8565563"/>
 <node id="244039562" visible="true" version="3" changeset="7123599" timestamp="2011-01-29T15:54:03Z" user="vibrog" uid="11992" lat="59.9085592" lon="10.8567481"/>
 <node id="244039563" visible="true" version="2" changeset="4727804" timestamp="2010-05-17T11:35:59Z" user="xiphias256" uid="200141" lat="59.9087479" lon="10.8574214"/>
 <node id="244039564" visible="true" version="2" changeset="4727804" timestamp="2010-05-17T11:36:00Z" user="xiphias256" uid="200141" lat="59.9095225" lon="10.8568463"/>
 <node id="244039573" visible="true" version="3" changeset="10733616" timestamp="2012-02-19T19:02:09Z" user="ArneH" uid="256393" lat="59.9100166" lon="10.8560084"/>
 <node id="244039574" visible="true" version="3" changeset="7162297" timestamp="2011-02-02T08:17:31Z" user="vibrog" uid="11992" lat="59.9098833" lon="10.8556541"/>
 <node id="244039575" visible="true" version="4" changeset="10733616" timestamp="2012-02-19T19:02:17Z" user="ArneH" uid="256393" lat="59.9097337" lon="10.8553192"/>
 <node id="244039576" visible="true" version="3" changeset="7162297" timestamp="2011-02-02T08:17:34Z" user="vibrog" uid="11992" lat="59.9099777" lon="10.8549391"/>
 <node id="244039577" visible="true" version="3" changeset="10733616" timestamp="2012-02-19T19:02:05Z" user="ArneH" uid="256393" lat="59.9102679" lon="10.8547681"/>
 <node id="244039578" visible="true" version="3" changeset="10733616" timestamp="2012-02-19T19:02:03Z" user="ArneH" uid="256393" lat="59.9107769" lon="10.8544477"/>
 <node id="244039579" visible="true" version="3" changeset="7162297" timestamp="2011-02-02T08:17:12Z" user="vibrog" uid="11992" lat="59.9108674" lon="10.8540513"/>
 <node id="244039580" visible="true" version="4" changeset="10733616" timestamp="2012-02-19T19:02:06Z" user="ArneH" uid="256393" lat="59.9111052" lon="10.8539951"/>
 <node id="244039581" visible="true" version="2" changeset="4727804" timestamp="2010-05-17T11:36:06Z" user="xiphias256" uid="200141" lat="59.9113083" lon="10.8543143"/>
 <node id="244039582" visible="true" version="2" changeset="4727804" timestamp="2010-05-17T11:36:06Z" user="xiphias256" uid="200141" lat="59.9114933" lon="10.8548464"/>
 <node id="244039583" visible="true" version="3" changeset="7162297" timestamp="2011-02-02T08:17:34Z" user="vibrog" uid="11992" lat="59.9114000" lon="10.8554068"/>
 <node id="244039584" visible="true" version="2" changeset="4727804" timestamp="2010-05-17T11:36:07Z" user="xiphias256" uid="200141" lat="59.9115449" lon="10.8554730"/>
 <node id="244039585" visible="true" version="2" changeset="4727804" timestamp="2010-05-17T11:36:07Z" user="xiphias256" uid="200141" lat="59.9118031" lon="10.8557047"/>
 <node id="244039586" visible="true" version="2" changeset="4727804" timestamp="2010-05-17T11:36:08Z" user="xiphias256" uid="200141" lat="59.9123281" lon="10.8555331"/>
 <node id="244039587" visible="true" version="3" changeset="7162297" timestamp="2011-02-02T08:17:12Z" user="vibrog" uid="11992" lat="59.9123352" lon="10.8557621"/>
 <node id="244039588" visible="true" version="3" changeset="7162297" timestamp="2011-02-02T08:17:31Z" user="vibrog" uid="11992" lat="59.9117257" lon="10.8558223"/>
 <node id="244039589" visible="true" version="3" changeset="7162297" timestamp="2011-02-02T08:17:32Z" user="vibrog" uid="11992" lat="59.9116441" lon="10.8562484"/>
 <node id="244039590" visible="true" version="3" changeset="7162297" timestamp="2011-02-02T08:17:34Z" user="vibrog" uid="11992" lat="59.9118305" lon="10.8566549"/>
 <node id="244039591" visible="true" version="3" changeset="7162297" timestamp="2011-02-02T08:17:11Z" user="vibrog" uid="11992" lat="59.9116901" lon="10.8567467"/>
 <node id="244039593" visible="true" version="3" changeset="7162297" timestamp="2011-02-02T08:17:12Z" user="vibrog" uid="11992" lat="59.9115790" lon="10.8562542"/>
 <node id="244039594" visible="true" version="2" changeset="4727804" timestamp="2010-05-17T11:36:11Z" user="xiphias256" uid="200141" lat="59.9110931" lon="10.8564429"/>
 <node id="244039595" visible="true" version="2" changeset="4727804" timestamp="2010-05-17T11:36:11Z" user="xiphias256" uid="200141" lat="59.9108478" lon="10.8567347"/>
 <node id="244039596" visible="true" version="2" changeset="4727804" timestamp="2010-05-17T11:36:11Z" user="xiphias256" uid="200141" lat="59.9107274" lon="10.8570437"/>
 <node id="244039597" visible="true" version="2" changeset="4727804" timestamp="2010-05-17T11:36:12Z" user="xiphias256" uid="200141" lat="59.9110802" lon="10.8573012"/>
 <node id="244039598" visible="true" version="2" changeset="4727804" timestamp="2010-05-17T11:36:12Z" user="xiphias256" uid="200141" lat="59.9110372" lon="10.8575758"/>
 <node id="244039599" visible="true" version="2" changeset="4727804" timestamp="2010-05-17T11:36:12Z" user="xiphias256" uid="200141" lat="59.9104606" lon="10.8573870"/>
 <node id="244039600" visible="true" version="2" changeset="4727804" timestamp="2010-05-17T11:36:13Z" user="xiphias256" uid="200141" lat="59.9099743" lon="10.8575072"/>
 <node id="244039601" visible="true" version="2" changeset="4727804" timestamp="2010-05-17T11:36:13Z" user="xiphias256" uid="200141" lat="59.9090405" lon="10.8583312"/>
 <node id="244039602" visible="true" version="2" changeset="4727804" timestamp="2010-05-17T11:36:13Z" user="xiphias256" uid="200141" lat="59.9087995" lon="10.8584342"/>
 <node id="244039603" visible="true" version="2" changeset="4727804" timestamp="2010-05-17T11:36:13Z" user="xiphias256" uid="200141" lat="59.9086188" lon="10.8585629"/>
 <node id="244039604" visible="true" version="2" changeset="4727804" timestamp="2010-05-17T11:36:14Z" user="xiphias256" uid="200141" lat="59.9085757" lon="10.8587603"/>
 <node id="244039605" visible="true" version="3" changeset="7162297" timestamp="2011-02-02T08:17:11Z" user="vibrog" uid="11992" lat="59.9087482" lon="10.8588633"/>
 <node id="244039606" visible="true" version="4" changeset="7162297" timestamp="2011-02-02T08:17:12Z" user="vibrog" uid="11992" lat="59.9087757" lon="10.8591383"/>
 <node id="244039607" visible="true" version="2" changeset="4727804" timestamp="2010-05-17T11:36:14Z" user="xiphias256" uid="200141" lat="59.9085972" lon="10.8593783"/>
 <node id="244039608" visible="true" version="2" changeset="4727804" timestamp="2010-05-17T11:36:15Z" user="xiphias256" uid="200141" lat="59.9090835" lon="10.8597216"/>
 <node id="244039609" visible="true" version="2" changeset="4727804" timestamp="2010-05-17T11:36:15Z" user="xiphias256" uid="200141" lat="59.9091868" lon="10.8603224"/>
 <node id="244039610" visible="true" version="2" changeset="4727804" timestamp="2010-05-17T11:36:15Z" user="xiphias256" uid="200141" lat="59.9094364" lon="10.8606486"/>
 <node id="244039611" visible="true" version="2" changeset="4727804" timestamp="2010-05-17T11:36:16Z" user="xiphias256" uid="200141" lat="59.9093848" lon="10.8613095"/>
 <node id="244039612" visible="true" version="3" changeset="7162297" timestamp="2011-02-02T08:17:12Z" user="vibrog" uid="11992" lat="59.9095174" lon="10.8620128"/>
 <node id="244039613" visible="true" version="3" changeset="7162297" timestamp="2011-02-02T08:17:30Z" user="vibrog" uid="11992" lat="59.9096255" lon="10.8624947"/>
 <node id="244039614" visible="true" version="2" changeset="4727804" timestamp="2010-05-17T11:36:18Z" user="xiphias256" uid="200141" lat="59.9094579" lon="10.8630862"/>
 <node id="244039615" visible="true" version="2" changeset="4727804" timestamp="2010-05-17T11:36:18Z" user="xiphias256" uid="200141" lat="59.9094278" lon="10.8634123"/>
 <node id="244039616" visible="true" version="2" changeset="4727804" timestamp="2010-05-17T11:36:19Z" user="xiphias256" uid="200141" lat="59.9093073" lon="10.8640732"/>
 <node id="244039617" visible="true" version="3" changeset="7162094" timestamp="2011-02-02T07:43:36Z" user="vibrog" uid="11992" lat="59.9090815" lon="10.8644311"/>
 <node id="244039618" visible="true" version="3" changeset="7162094" timestamp="2011-02-02T07:43:41Z" user="vibrog" uid="11992" lat="59.9089493" lon="10.8652135"/>
 <node id="244039619" visible="true" version="3" changeset="7162094" timestamp="2011-02-02T07:43:50Z" user="vibrog" uid="11992" lat="59.9094206" lon="10.8653529"/>
 <node id="244039620" visible="true" version="3" changeset="7162094" timestamp="2011-02-02T07:43:35Z" user="vibrog" uid="11992" lat="59.9098237" lon="10.8650130"/>
 <node id="244039621" visible="true" version="3" changeset="7162094" timestamp="2011-02-02T07:43:40Z" user="vibrog" uid="11992" lat="59.9101189" lon="10.8649292"/>
 <node id="244039624" visible="true" version="3" changeset="16165273" timestamp="2013-05-17T10:43:23Z" user="vibrog" uid="11992" lat="59.9102276" lon="10.8647724"/>
 <node id="244039625" visible="true" version="3" changeset="16165273" timestamp="2013-05-17T10:43:23Z" user="vibrog" uid="11992" lat="59.9104463" lon="10.8646705"/>
 <node id="244039626" visible="true" version="3" changeset="16165273" timestamp="2013-05-17T10:43:23Z" user="vibrog" uid="11992" lat="59.9107763" lon="10.8643768"/>
 <node id="244039627" visible="true" version="3" changeset="16165273" timestamp="2013-05-17T10:43:23Z" user="vibrog" uid="11992" lat="59.9109254" lon="10.8642937"/>
 <node id="244039628" visible="true" version="3" changeset="16165273" timestamp="2013-05-17T10:43:23Z" user="vibrog" uid="11992" lat="59.9115472" lon="10.8636474"/>
 <node id="244039629" visible="true" version="3" changeset="16165273" timestamp="2013-05-17T10:43:23Z" user="vibrog" uid="11992" lat="59.9117789" lon="10.8635316"/>
 <node id="244039630" visible="true" version="2" changeset="4727804" timestamp="2010-05-17T11:36:23Z" user="xiphias256" uid="200141" lat="59.9123625" lon="10.8626313"/>
 <node id="244039631" visible="true" version="2" changeset="4727804" timestamp="2010-05-17T11:36:24Z" user="xiphias256" uid="200141" lat="59.9126207" lon="10.8625197"/>
 <node id="244039632" visible="true" version="3" changeset="7162094" timestamp="2011-02-02T07:43:55Z" user="vibrog" uid="11992" lat="59.9129813" lon="10.8620296"/>
 <node id="244039633" visible="true" version="3" changeset="7162094" timestamp="2011-02-02T07:43:37Z" user="vibrog" uid="11992" lat="59.9130182" lon="10.8615682"/>
 <node id="244039634" visible="true" version="2" changeset="4727804" timestamp="2010-05-17T11:36:25Z" user="xiphias256" uid="200141" lat="59.9132661" lon="10.8614897"/>
 <node id="244039635" visible="true" version="3" changeset="7162297" timestamp="2011-02-02T08:17:34Z" user="vibrog" uid="11992" lat="59.9133583" lon="10.8617033"/>
 <node id="244039636" visible="true" version="3" changeset="7162297" timestamp="2011-02-02T08:17:11Z" user="vibrog" uid="11992" lat="59.9138371" lon="10.8612705"/>
 <node id="244039637" visible="true" version="3" changeset="7162297" timestamp="2011-02-02T08:17:11Z" user="vibrog" uid="11992" lat="59.9143179" lon="10.8612554"/>
 <node id="244039638" visible="true" version="4" changeset="96592357" timestamp="2020-12-29T10:29:17Z" user="Euref" uid="10702970" lat="59.9147421" lon="10.8603893"/>
 <node id="244039639" visible="true" version="4" changeset="96592357" timestamp="2020-12-29T10:29:17Z" user="Euref" uid="10702970" lat="59.9147606" lon="10.8607081"/>
 <node id="244039640" visible="true" version="3" changeset="96592357" timestamp="2020-12-29T10:29:17Z" user="Euref" uid="10702970" lat="59.9147790" lon="10.8609898"/>
 <node id="244039641" visible="true" version="2" changeset="4727804" timestamp="2010-05-17T11:36:26Z" user="xiphias256" uid="200141" lat="59.9146516" lon="10.8617386"/>
 <node id="244039642" visible="true" version="3" changeset="16165273" timestamp="2013-05-17T10:43:23Z" user="vibrog" uid="11992" lat="59.9152338" lon="10.8621831"/>
 <node id="244039643" visible="true" version="3" changeset="16165273" timestamp="2013-05-17T10:43:23Z" user="vibrog" uid="11992" lat="59.9169830" lon="10.8628281"/>
 <node id="244039644" visible="true" version="3" changeset="16169356" timestamp="2013-05-17T16:03:52Z" user="vibrog" uid="11992" lat="59.9177206" lon="10.8612036"/>
 <node id="244039645" visible="true" version="3" changeset="16169356" timestamp="2013-05-17T16:03:52Z" user="vibrog" uid="11992" lat="59.9177937" lon="10.8611926"/>
 <node id="244039646" visible="true" version="2" changeset="4727804" timestamp="2010-05-17T11:36:27Z" user="xiphias256" uid="200141" lat="59.9180763" lon="10.8628115"/>
 <node id="244039647" visible="true" version="3" changeset="5541065" timestamp="2010-08-20T06:14:29Z" user="vibrog" uid="11992" lat="59.9180905" lon="10.8645343"/>
 <node id="244039648" visible="true" version="4" changeset="16075882" timestamp="2013-05-11T07:53:27Z" user="vibrog" uid="11992" lat="59.9189230" lon="10.8649134"/>
 <node id="244039649" visible="true" version="4" changeset="16075882" timestamp="2013-05-11T07:53:27Z" user="vibrog" uid="11992" lat="59.9190572" lon="10.8644975"/>
 <node id="244039650" visible="true" version="3" changeset="7162394" timestamp="2011-02-02T08:30:56Z" user="vibrog" uid="11992" lat="59.9201197" lon="10.8642662"/>
 <node id="244039651" visible="true" version="4" changeset="112825164" timestamp="2021-10-22T07:55:42Z" user="Wulfmorn" uid="5198133" lat="59.9199870" lon="10.8648187"/>
 <node id="244039653" visible="true" version="4" changeset="112825164" timestamp="2021-10-22T07:55:42Z" user="Wulfmorn" uid="5198133" lat="59.9195703" lon="10.8656716"/>
 <node id="244039654" visible="true" version="4" changeset="112825164" timestamp="2021-10-22T07:55:42Z" user="Wulfmorn" uid="5198133" lat="59.9201521" lon="10.8658718"/>
 <node id="244039656" visible="true" version="3" changeset="7162394" timestamp="2011-02-02T08:30:56Z" user="vibrog" uid="11992" lat="59.9201555" lon="10.8661124"/>
 <node id="244039657" visible="true" version="4" changeset="10734214" timestamp="2012-02-19T19:57:38Z" user="ArneH" uid="256393" lat="59.9202121" lon="10.8666132"/>
 <node id="244039658" visible="true" version="4" changeset="10734214" timestamp="2012-02-19T19:56:40Z" user="ArneH" uid="256393" lat="59.9201001" lon="10.8666700"/>
 <node id="244039659" visible="true" version="4" changeset="10734214" timestamp="2012-02-19T19:56:39Z" user="ArneH" uid="256393" lat="59.9202487" lon="10.8681155"/>
 <node id="244039660" visible="true" version="3" changeset="10734214" timestamp="2012-02-19T19:57:10Z" user="ArneH" uid="256393" lat="59.9204045" lon="10.8681587"/>
 <node id="244039661" visible="true" version="2" changeset="4727804" timestamp="2010-05-17T11:36:32Z" user="xiphias256" uid="200141" lat="59.9205241" lon="10.8687510"/>
 <node id="244039662" visible="true" version="2" changeset="4727804" timestamp="2010-05-17T11:36:32Z" user="xiphias256" uid="200141" lat="59.9207392" lon="10.8693947"/>
 <node id="244039663" visible="true" version="2" changeset="4727804" timestamp="2010-05-17T11:36:32Z" user="xiphias256" uid="200141" lat="59.9210102" lon="10.8690772"/>
 <node id="244039664" visible="true" version="3" changeset="7162394" timestamp="2011-02-02T08:30:56Z" user="vibrog" uid="11992" lat="59.9211764" lon="10.8704746"/>
 <node id="244039665" visible="true" version="3" changeset="7162394" timestamp="2011-02-02T08:31:08Z" user="vibrog" uid="11992" lat="59.9217091" lon="10.8704434"/>
 <node id="244039666" visible="true" version="3" changeset="7162394" timestamp="2011-02-02T08:31:08Z" user="vibrog" uid="11992" lat="59.9217048" lon="10.8712190"/>
 <node id="244039667" visible="true" version="2" changeset="4727804" timestamp="2010-05-17T11:36:33Z" user="xiphias256" uid="200141" lat="59.9218791" lon="10.8716263"/>
 <node id="244039668" visible="true" version="2" changeset="4727804" timestamp="2010-05-17T11:36:34Z" user="xiphias256" uid="200141" lat="59.9216856" lon="10.8721413"/>
 <node id="244039669" visible="true" version="2" changeset="4727804" timestamp="2010-05-17T11:36:34Z" user="xiphias256" uid="200141" lat="59.9218791" lon="10.8722271"/>
 <node id="244039670" visible="true" version="2" changeset="4727804" timestamp="2010-05-17T11:36:34Z" user="xiphias256" uid="200141" lat="59.9222147" lon="10.8720984"/>
 <node id="244039671" visible="true" version="2" changeset="4727804" timestamp="2010-05-17T11:36:34Z" user="xiphias256" uid="200141" lat="59.9229330" lon="10.8720984"/>
 <node id="244039672" visible="true" version="2" changeset="4727804" timestamp="2010-05-17T11:36:35Z" user="xiphias256" uid="200141" lat="59.9234277" lon="10.8717980"/>
 <node id="244039673" visible="true" version="2" changeset="4727804" timestamp="2010-05-17T11:36:35Z" user="xiphias256" uid="200141" lat="59.9241417" lon="10.8715405"/>
 <node id="244039674" visible="true" version="3" changeset="64550055" timestamp="2018-11-16T02:08:35Z" user="Tractor" uid="395141" lat="59.9242539" lon="10.8718531"/>
 <node id="244039675" visible="true" version="3" changeset="64550055" timestamp="2018-11-16T02:08:35Z" user="Tractor" uid="395141" lat="59.9240391" lon="10.8719811"/>
 <node id="244039676" visible="true" version="2" changeset="4727804" timestamp="2010-05-17T11:36:35Z" user="xiphias256" uid="200141" lat="59.9239568" lon="10.8722443"/>
 <node id="244039677" visible="true" version="2" changeset="4727804" timestamp="2010-05-17T11:36:35Z" user="xiphias256" uid="200141" lat="59.9239783" lon="10.8727250"/>
 <node id="244039678" visible="true" version="2" changeset="4727804" timestamp="2010-05-17T11:36:36Z" user="xiphias256" uid="200141" lat="59.9229674" lon="10.8735146"/>
 <node id="244039679" visible="true" version="2" changeset="4727804" timestamp="2010-05-17T11:36:36Z" user="xiphias256" uid="200141" lat="59.9225373" lon="10.8740725"/>
 <node id="244039680" visible="true" version="2" changeset="4727804" timestamp="2010-05-17T11:36:36Z" user="xiphias256" uid="200141" lat="59.9222792" lon="10.8746304"/>
 <node id="244039681" visible="true" version="2" changeset="4727804" timestamp="2010-05-17T11:36:36Z" user="xiphias256" uid="200141" lat="59.9217200" lon="10.8751025"/>
 <node id="244039682" visible="true" version="2" changeset="4727804" timestamp="2010-05-17T11:36:36Z" user="xiphias256" uid="200141" lat="59.9215264" lon="10.8754029"/>
 <node id="244039683" visible="true" version="2" changeset="4727804" timestamp="2010-05-17T11:36:38Z" user="xiphias256" uid="200141" lat="59.9213974" lon="10.8759865"/>
 <node id="244039684" visible="true" version="2" changeset="4727804" timestamp="2010-05-17T11:36:38Z" user="xiphias256" uid="200141" lat="59.9212253" lon="10.8759007"/>
 <node id="244039685" visible="true" version="2" changeset="4727804" timestamp="2010-05-17T11:36:39Z" user="xiphias256" uid="200141" lat="59.9210962" lon="10.8761153"/>
 <node id="244039686" visible="true" version="2" changeset="4727804" timestamp="2010-05-17T11:36:39Z" user="xiphias256" uid="200141" lat="59.9211823" lon="10.8765273"/>
 <node id="244039687" visible="true" version="3" changeset="127840608" timestamp="2022-10-20T13:51:00Z" user="3723fs9734619216sdfg92747l" uid="17441850" lat="59.9210362" lon="10.8767069"/>
 <node id="244039688" visible="true" version="3" changeset="127840608" timestamp="2022-10-20T13:51:00Z" user="3723fs9734619216sdfg92747l" uid="17441850" lat="59.9210622" lon="10.8769988"/>
 <node id="244039689" visible="true" version="3" changeset="127840608" timestamp="2022-10-20T13:51:00Z" user="3723fs9734619216sdfg92747l" uid="17441850" lat="59.9211148" lon="10.8775618"/>
 <node id="244039690" visible="true" version="2" changeset="4727804" timestamp="2010-05-17T11:36:40Z" user="xiphias256" uid="200141" lat="59.9206230" lon="10.8779006"/>
 <node id="244039691" visible="true" version="3" changeset="5919373" timestamp="2010-09-30T12:04:18Z" user="vibrog" uid="11992" lat="59.9203427" lon="10.8779094"/>
 <node id="244039692" visible="true" version="3" changeset="8134043" timestamp="2011-05-13T18:37:54Z" user="vibrog" uid="11992" lat="59.9202073" lon="10.8784452"/>
 <node id="244047623" visible="true" version="1" changeset="707930" timestamp="2008-01-29T22:19:26Z" user="Bobkare" uid="4948" lat="59.9201408" lon="10.8787323"/>
 <node id="244047624" visible="true" version="1" changeset="707930" timestamp="2008-01-29T22:19:26Z" user="Bobkare" uid="4948" lat="59.9203559" lon="10.8784490"/>
 <node id="269875375" visible="true" version="4" changeset="7122713" timestamp="2011-01-29T14:37:38Z" user="vibrog" uid="11992" lat="59.8989660" lon="10.8531108"/>
 <node id="269875376" visible="true" version="3" changeset="294325" timestamp="2008-08-17T17:13:24Z" user="espen" uid="6683" lat="59.8984611" lon="10.8533292"/>
 <node id="269875377" visible="true" version="3" changeset="294325" timestamp="2008-08-17T17:13:24Z" user="espen" uid="6683" lat="59.8985386" lon="10.8539729"/>
 <node id="269875378" visible="true" version="3" changeset="294325" timestamp="2008-08-17T17:13:24Z" user="espen" uid="6683" lat="59.8985041" lon="10.8543678"/>
 <node id="269875379" visible="true" version="3" changeset="294325" timestamp="2008-08-17T17:13:24Z" user="espen" uid="6683" lat="59.8983362" lon="10.8545737"/>
 <node id="269875380" visible="true" version="3" changeset="294325" timestamp="2008-08-17T17:13:24Z" user="espen" uid="6683" lat="59.8975786" lon="10.8548742"/>
 <node id="269875381" visible="true" version="3" changeset="294325" timestamp="2008-08-17T17:13:24Z" user="espen" uid="6683" lat="59.8975269" lon="10.8554664"/>
 <node id="269875382" visible="true" version="3" changeset="294325" timestamp="2008-08-17T17:13:24Z" user="espen" uid="6683" lat="59.8973978" lon="10.8560157"/>
 <node id="269875383" visible="true" version="4" changeset="29741036" timestamp="2015-03-25T22:44:51Z" user="haakonst" uid="118690" lat="59.8968364" lon="10.8565825"/>
 <node id="269875384" visible="true" version="4" changeset="29741036" timestamp="2015-03-25T22:44:51Z" user="haakonst" uid="118690" lat="59.8963300" lon="10.8571112"/>
 <node id="269875385" visible="true" version="4" changeset="29741036" timestamp="2015-03-25T22:44:52Z" user="haakonst" uid="118690" lat="59.8962918" lon="10.8574461"/>
 <node id="269875386" visible="true" version="4" changeset="29741036" timestamp="2015-03-25T22:44:52Z" user="haakonst" uid="118690" lat="59.8952577" lon="10.8573645"/>
 <node id="269875387" visible="true" version="3" changeset="294325" timestamp="2008-08-17T17:13:24Z" user="espen" uid="6683" lat="59.8952109" lon="10.8572860"/>
 <node id="269875388" visible="true" version="4" changeset="29741036" timestamp="2015-03-25T22:44:52Z" user="haakonst" uid="118690" lat="59.8953830" lon="10.8569102"/>
 <node id="269875389" visible="true" version="3" changeset="294325" timestamp="2008-08-17T17:13:24Z" user="espen" uid="6683" lat="59.8954778" lon="10.8565908"/>
 <node id="269875390" visible="true" version="3" changeset="294325" timestamp="2008-08-17T17:13:24Z" user="espen" uid="6683" lat="59.8937815" lon="10.8572173"/>
 <node id="269875391" visible="true" version="4" changeset="11311696" timestamp="2012-04-15T15:28:40Z" user="vibrog" uid="11992" lat="59.8934897" lon="10.8580173"/>
 <node id="269875392" visible="true" version="4" changeset="11311696" timestamp="2012-04-15T15:28:40Z" user="vibrog" uid="11992" lat="59.8934105" lon="10.8579897"/>
 <node id="269875393" visible="true" version="4" changeset="11311696" timestamp="2012-04-15T15:28:40Z" user="vibrog" uid="11992" lat="59.8931919" lon="10.8576021"/>
 <node id="269875394" visible="true" version="4" changeset="16285375" timestamp="2013-05-25T21:50:09Z" user="vibrog" uid="11992" lat="59.8927737" lon="10.8575399"/>
 <node id="269875395" visible="true" version="4" changeset="16285375" timestamp="2013-05-25T21:50:09Z" user="vibrog" uid="11992" lat="59.8923545" lon="10.8570790"/>
 <node id="269875396" visible="true" version="4" changeset="16285375" timestamp="2013-05-25T21:50:09Z" user="vibrog" uid="11992" lat="59.8920111" lon="10.8575644"/>
 <node id="269875397" visible="true" version="5" changeset="16285375" timestamp="2013-05-25T21:50:09Z" user="vibrog" uid="11992" lat="59.8916757" lon="10.8576830"/>
 <node id="269875398" visible="true" version="6" changeset="16285375" timestamp="2013-05-25T21:50:09Z" user="vibrog" uid="11992" lat="59.8915079" lon="10.8578160"/>
 <node id="269875399" visible="true" version="4" changeset="16285375" timestamp="2013-05-25T21:50:09Z" user="vibrog" uid="11992" lat="59.8907499" lon="10.8578096"/>
 <node id="269875400" visible="true" version="5" changeset="83842999" timestamp="2020-04-20T21:29:15Z" user="Noen" uid="605010" lat="59.8906135" lon="10.8574989"/>
 <node id="269875401" visible="true" version="5" changeset="83842999" timestamp="2020-04-20T21:29:15Z" user="Noen" uid="605010" lat="59.8902071" lon="10.8577605"/>
 <node id="269875402" visible="true" version="5" changeset="83842999" timestamp="2020-04-20T21:29:15Z" user="Noen" uid="605010" lat="59.8896285" lon="10.8578771"/>
 <node id="269875403" visible="true" version="5" changeset="83842999" timestamp="2020-04-20T21:29:15Z" user="Noen" uid="605010" lat="59.8892518" lon="10.8580957"/>
 <node id="269875404" visible="true" version="4" changeset="83842999" timestamp="2020-04-20T21:29:15Z" user="Noen" uid="605010" lat="59.8891378" lon="10.8580673"/>
 <node id="454625594" visible="true" version="2" changeset="110307654" timestamp="2021-08-26T20:57:00Z" user="harahu" uid="10233897" lat="59.9010116" lon="10.8812646"/>
 <node id="558983415" visible="true" version="6" changeset="8150528" timestamp="2011-05-15T11:19:57Z" user="vibrog" uid="11992" lat="59.9032926" lon="10.8707870">
  <tag k="hiking" v="yes"/>
  <tag k="information" v="guidepost"/>
  <tag k="name" v="Rundtjern Ø"/>
  <tag k="operator" v="DNT Oslo og Omegn"/>
  <tag k="øx:iid" v="610"/>
  <tag k="ref" v="PM046421"/>
  <tag k="tourism" v="information"/>
 </node>
 <node id="558984489" visible="true" version="3" changeset="7623298" timestamp="2011-03-21T00:15:15Z" user="vibrog" uid="11992" lat="59.9033003" lon="10.8709925"/>
 <node id="558984494" visible="true" version="2" changeset="5907839" timestamp="2010-09-28T22:20:36Z" user="vibrog" uid="11992" lat="59.9032837" lon="10.8714065"/>
 <node id="558984495" visible="true" version="3" changeset="110349163" timestamp="2021-08-27T15:54:01Z" user="harahu" uid="10233897" lat="59.9033217" lon="10.8718223"/>
 <node id="558984497" visible="true" version="3" changeset="110349163" timestamp="2021-08-27T15:54:01Z" user="harahu" uid="10233897" lat="59.9032577" lon="10.8721223"/>
 <node id="558984500" visible="true" version="4" changeset="110349163" timestamp="2021-08-27T15:54:01Z" user="harahu" uid="10233897" lat="59.9032724" lon="10.8724140"/>
 <node id="558984502" visible="true" version="7" changeset="110349163" timestamp="2021-08-27T15:54:01Z" user="harahu" uid="10233897" lat="59.9034635" lon="10.8729736"/>
 <node id="558984504" visible="true" version="4" changeset="110349163" timestamp="2021-08-27T15:54:01Z" user="harahu" uid="10233897" lat="59.9035610" lon="10.8734346"/>
 <node id="558984505" visible="true" version="8" changeset="110349163" timestamp="2021-08-27T15:54:01Z" user="harahu" uid="10233897" lat="59.9037253" lon="10.8736711">
  <tag k="hiking" v="yes"/>
  <tag k="information" v="guidepost"/>
  <tag k="name" v="Rundtjern NØ"/>
  <tag k="operator" v="DNT Oslo og Omegn"/>
  <tag k="øx:iid" v="620"/>
  <tag k="ref" v="PM048422"/>
  <tag k="tourism" v="information"/>
 </node>
 <node id="558984507" visible="true" version="7" changeset="150701096" timestamp="2024-04-30T10:49:02Z" user="harahu" uid="10233897" lat="59.9038650" lon="10.8735687"/>
 <node id="558984509" visible="true" version="4" changeset="14631816" timestamp="2013-01-13T10:00:45Z" user="vibrog" uid="11992" lat="59.9041802" lon="10.8733971"/>
 <node id="558984511" visible="true" version="6" changeset="14631816" timestamp="2013-01-13T10:00:45Z" user="vibrog" uid="11992" lat="59.9046847" lon="10.8736555"/>
 <node id="558984514" visible="true" version="2" changeset="5907839" timestamp="2010-09-28T22:20:52Z" user="vibrog" uid="11992" lat="59.9047949" lon="10.8736394"/>
 <node id="558984516" visible="true" version="4" changeset="7167496" timestamp="2011-02-02T19:04:02Z" user="vibrog" uid="11992" lat="59.9052034" lon="10.8734015"/>
 <node id="558984522" visible="true" version="4" changeset="16084940" timestamp="2013-05-11T19:17:03Z" user="vibrog" uid="11992" lat="59.9052604" lon="10.8731507"/>
 <node id="558984523" visible="true" version="4" changeset="150701096" timestamp="2024-04-30T10:49:02Z" user="harahu" uid="10233897" lat="59.9060547" lon="10.8728579"/>
 <node id="558984525" visible="true" version="4" changeset="150701096" timestamp="2024-04-30T10:49:02Z" user="harahu" uid="10233897" lat="59.9061870" lon="10.8728932"/>
 <node id="558984527" visible="true" version="4" changeset="15838802" timestamp="2013-04-23T16:29:21Z" user="vibrog" uid="11992" lat="59.9068186" lon="10.8727601"/>
 <node id="558984529" visible="true" version="3" changeset="15838802" timestamp="2013-04-23T16:29:21Z" user="vibrog" uid="11992" lat="59.9073282" lon="10.8724402"/>
 <node id="558984531" visible="true" version="3" changeset="7162094" timestamp="2011-02-02T07:43:41Z" user="vibrog" uid="11992" lat="59.9076103" lon="10.8723724"/>
 <node id="558984533" visible="true" version="4" changeset="15838802" timestamp="2013-04-23T16:29:21Z" user="vibrog" uid="11992" lat="59.9077352" lon="10.8725730"/>
 <node id="558984535" visible="true" version="4" changeset="15838802" timestamp="2013-04-23T16:29:21Z" user="vibrog" uid="11992" lat="59.9084795" lon="10.8724515"/>
 <node id="558984538" visible="true" version="2" changeset="15838802" timestamp="2013-04-23T16:29:21Z" user="vibrog" uid="11992" lat="59.9087530" lon="10.8723911"/>
 <node id="558984541" visible="true" version="1" changeset="3056939" timestamp="2009-11-07T16:25:42Z" user="espen" uid="6683" lat="59.9093377" lon="10.8719669"/>
 <node id="558984543" visible="true" version="1" changeset="3056939" timestamp="2009-11-07T16:25:42Z" user="espen" uid="6683" lat="59.9095657" lon="10.8717351"/>
 <node id="558984545" visible="true" version="5" changeset="15838802" timestamp="2013-04-23T16:29:21Z" user="vibrog" uid="11992" lat="59.9099701" lon="10.8719318"/>
 <node id="558984546" visible="true" version="3" changeset="15838802" timestamp="2013-04-23T16:29:21Z" user="vibrog" uid="11992" lat="59.9106854" lon="10.8723861"/>
 <node id="558984552" visible="true" version="3" changeset="15838802" timestamp="2013-04-23T16:29:21Z" user="vibrog" uid="11992" lat="59.9108245" lon="10.8723385"/>
 <node id="558984554" visible="true" version="3" changeset="15838802" timestamp="2013-04-23T16:29:21Z" user="vibrog" uid="11992" lat="59.9113607" lon="10.8720575"/>
 <node id="558984556" visible="true" version="1" changeset="3056939" timestamp="2009-11-07T16:25:43Z" user="espen" uid="6683" lat="59.9114419" lon="10.8720012"/>
 <node id="558984558" visible="true" version="3" changeset="12947942" timestamp="2012-09-01T22:40:53Z" user="haakonst" uid="118690" lat="59.9118733" lon="10.8718594"/>
 <node id="558984560" visible="true" version="2" changeset="6009283" timestamp="2010-10-11T07:54:02Z" user="vibrog" uid="11992" lat="59.9125083" lon="10.8718909"/>
 <node id="558984562" visible="true" version="3" changeset="26977203" timestamp="2014-11-23T16:44:51Z" user="vibrog" uid="11992" lat="59.9129073" lon="10.8721181"/>
 <node id="558984564" visible="true" version="4" changeset="26977203" timestamp="2014-11-23T16:44:51Z" user="vibrog" uid="11992" lat="59.9129748" lon="10.8723296"/>
 <node id="558984566" visible="true" version="2" changeset="26977203" timestamp="2014-11-23T16:44:51Z" user="vibrog" uid="11992" lat="59.9131811" lon="10.8725666"/>
 <node id="558984568" visible="true" version="5" changeset="26977203" timestamp="2014-11-23T16:44:51Z" user="vibrog" uid="11992" lat="59.9134791" lon="10.8725506"/>
 <node id="558984570" visible="true" version="3" changeset="26977203" timestamp="2014-11-23T16:44:51Z" user="vibrog" uid="11992" lat="59.9136081" lon="10.8728576"/>
 <node id="558984572" visible="true" version="3" changeset="110349973" timestamp="2021-08-27T16:13:08Z" user="harahu" uid="10233897" lat="59.9135698" lon="10.8733356"/>
 <node id="558984574" visible="true" version="4" changeset="110349973" timestamp="2021-08-27T16:13:08Z" user="harahu" uid="10233897" lat="59.9135758" lon="10.8735093"/>
 <node id="558984575" visible="true" version="3" changeset="110349973" timestamp="2021-08-27T16:13:08Z" user="harahu" uid="10233897" lat="59.9136246" lon="10.8737195"/>
 <node id="558984580" visible="true" version="4" changeset="110349973" timestamp="2021-08-27T16:13:08Z" user="harahu" uid="10233897" lat="59.9140382" lon="10.8741591"/>
 <node id="558984582" visible="true" version="3" changeset="110349973" timestamp="2021-08-27T16:13:08Z" user="harahu" uid="10233897" lat="59.9144026" lon="10.8742929"/>
 <node id="558984584" visible="true" version="3" changeset="110349973" timestamp="2021-08-27T16:13:08Z" user="harahu" uid="10233897" lat="59.9145280" lon="10.8743681"/>
 <node id="558984586" visible="true" version="2" changeset="110349973" timestamp="2021-08-27T16:13:08Z" user="harahu" uid="10233897" lat="59.9147544" lon="10.8743615"/>
 <node id="558984588" visible="true" version="3" changeset="110349973" timestamp="2021-08-27T16:13:08Z" user="harahu" uid="10233897" lat="59.9150597" lon="10.8742728"/>
 <node id="558984590" visible="true" version="3" changeset="110349973" timestamp="2021-08-27T16:13:08Z" user="harahu" uid="10233897" lat="59.9152208" lon="10.8743799"/>
 <node id="558984591" visible="true" version="3" changeset="110349973" timestamp="2021-08-27T16:13:08Z" user="harahu" uid="10233897" lat="59.9156545" lon="10.8744202"/>
 <node id="558984593" visible="true" version="3" changeset="110349973" timestamp="2021-08-27T16:13:08Z" user="harahu" uid="10233897" lat="59.9161615" lon="10.8747361"/>
 <node id="558984595" visible="true" version="4" changeset="110349973" timestamp="2021-08-27T16:13:08Z" user="harahu" uid="10233897" lat="59.9163864" lon="10.8748381"/>
 <node id="558984596" visible="true" version="2" changeset="15989071" timestamp="2013-05-05T19:46:27Z" user="vibrog" uid="11992" lat="59.9167280" lon="10.8745626"/>
 <node id="558984597" visible="true" version="3" changeset="110349973" timestamp="2021-08-27T16:13:08Z" user="harahu" uid="10233897" lat="59.9171748" lon="10.8743106"/>
 <node id="558984598" visible="true" version="2" changeset="6007738" timestamp="2010-10-10T23:00:27Z" user="vibrog" uid="11992" lat="59.9175254" lon="10.8743500"/>
 <node id="558984599" visible="true" version="3" changeset="110349973" timestamp="2021-08-27T16:13:08Z" user="harahu" uid="10233897" lat="59.9178863" lon="10.8749655"/>
 <node id="558984602" visible="true" version="1" changeset="3056939" timestamp="2009-11-07T16:25:45Z" user="espen" uid="6683" lat="59.9180421" lon="10.8751340"/>
 <node id="558984604" visible="true" version="5" changeset="110349654" timestamp="2021-08-27T16:06:13Z" user="harahu" uid="10233897" lat="59.9181944" lon="10.8752276"/>
 <node id="558984607" visible="true" version="4" changeset="110349654" timestamp="2021-08-27T16:06:13Z" user="harahu" uid="10233897" lat="59.9189835" lon="10.8751797"/>
 <node id="558984609" visible="true" version="3" changeset="110349654" timestamp="2021-08-27T16:06:13Z" user="harahu" uid="10233897" lat="59.9191791" lon="10.8752300"/>
 <node id="558984611" visible="true" version="3" changeset="110349654" timestamp="2021-08-27T16:06:13Z" user="harahu" uid="10233897" lat="59.9195682" lon="10.8755351"/>
 <node id="558984615" visible="true" version="3" changeset="8134043" timestamp="2011-05-13T18:37:51Z" user="vibrog" uid="11992" lat="59.9198981" lon="10.8757692"/>
 <node id="558984617" visible="true" version="2" changeset="8134043" timestamp="2011-05-13T18:37:53Z" user="vibrog" uid="11992" lat="59.9199976" lon="10.8760520"/>
 <node id="558984619" visible="true" version="2" changeset="8134043" timestamp="2011-05-13T18:37:31Z" user="vibrog" uid="11992" lat="59.9200434" lon="10.8761977"/>
 <node id="558984621" visible="true" version="7" changeset="64499373" timestamp="2018-11-14T19:39:03Z" user="Tractor" uid="395141" lat="59.9201249" lon="10.8767245">
  <tag k="hiking" v="yes"/>
  <tag k="information" v="guidepost"/>
  <tag k="name" v="Fagerholt"/>
  <tag k="operator" v="DNT Oslo og Omegn"/>
  <tag k="øx:iid" v="607"/>
  <tag k="source" v="ØX"/>
  <tag k="tourism" v="information"/>
 </node>
 <node id="558985598" visible="true" version="5" changeset="64499373" timestamp="2018-11-14T19:39:03Z" user="Tractor" uid="395141" lat="59.9200912" lon="10.8769477"/>
 <node id="558985602" visible="true" version="5" changeset="64499373" timestamp="2018-11-14T19:39:03Z" user="Tractor" uid="395141" lat="59.9201548" lon="10.8773473"/>
 <node id="558985607" visible="true" version="5" changeset="37619143" timestamp="2016-03-04T23:44:00Z" user="Tractor" uid="395141" lat="59.9203053" lon="10.8777079"/>
 <node id="558985610" visible="true" version="6" changeset="64499373" timestamp="2018-11-14T19:39:03Z" user="Tractor" uid="395141" lat="59.9203588" lon="10.8779605"/>
 <node id="558985614" visible="true" version="6" changeset="64499373" timestamp="2018-11-14T19:39:03Z" user="Tractor" uid="395141" lat="59.9203880" lon="10.8782099"/>
 <node id="558985618" visible="true" version="7" changeset="88770153" timestamp="2020-07-31T08:19:55Z" user="Tractor" uid="395141" lat="59.9203907" lon="10.8784395"/>
 <node id="558985621" visible="true" version="4" changeset="64499373" timestamp="2018-11-14T19:39:03Z" user="Tractor" uid="395141" lat="59.9201206" lon="10.8789011"/>
 <node id="558985625" visible="true" version="2" changeset="64499373" timestamp="2018-11-14T19:39:03Z" user="Tractor" uid="395141" lat="59.9200715" lon="10.8790850"/>
 <node id="558985629" visible="true" version="1" changeset="3056939" timestamp="2009-11-07T16:26:59Z" user="espen" uid="6683" lat="59.9201243" lon="10.8798118"/>
 <node id="558985635" visible="true" version="4" changeset="64499373" timestamp="2018-11-14T19:39:03Z" user="Tractor" uid="395141" lat="59.9199421" lon="10.8804032"/>
 <node id="558985638" visible="true" version="4" changeset="64499373" timestamp="2018-11-14T19:39:03Z" user="Tractor" uid="395141" lat="59.9196046" lon="10.8805427"/>
 <node id="558985640" visible="true" version="3" changeset="64499373" timestamp="2018-11-14T19:39:03Z" user="Tractor" uid="395141" lat="59.9194115" lon="10.8806783"/>
 <node id="558985643" visible="true" version="1" changeset="3056939" timestamp="2009-11-07T16:27:00Z" user="espen" uid="6683" lat="59.9193327" lon="10.8808074"/>
 <node id="558985646" visible="true" version="2" changeset="56263268" timestamp="2018-02-11T13:15:51Z" user="Tractor" uid="395141" lat="59.9191120" lon="10.8811931"/>
 <node id="558985648" visible="true" version="2" changeset="56263268" timestamp="2018-02-11T13:15:51Z" user="Tractor" uid="395141" lat="59.9189046" lon="10.8814088"/>
 <node id="558985651" visible="true" version="1" changeset="3056939" timestamp="2009-11-07T16:27:01Z" user="espen" uid="6683" lat="59.9187863" lon="10.8815885"/>
 <node id="558985654" visible="true" version="6" changeset="88770153" timestamp="2020-07-31T08:19:55Z" user="Tractor" uid="395141" lat="59.9185087" lon="10.8818704">
  <tag k="hiking" v="yes"/>
  <tag k="information" v="guidepost"/>
  <tag k="name" v="Lut"/>
  <tag k="operator" v="DNT Oslo og Omegn"/>
  <tag k="øx:iid" v="625"/>
  <tag k="ref" v="PM0522143826"/>
  <tag k="ski" v="yes"/>
  <tag k="source" v="survey"/>
  <tag k="tourism" v="information"/>
 </node>
 <node id="558985658" visible="true" version="4" changeset="88770153" timestamp="2020-07-31T08:19:55Z" user="Tractor" uid="395141" lat="59.9183548" lon="10.8820541"/>
 <node id="558985662" visible="true" version="3" changeset="56263268" timestamp="2018-02-11T13:15:51Z" user="Tractor" uid="395141" lat="59.9181104" lon="10.8824934"/>
 <node id="558985714" visible="true" version="4" changeset="64499373" timestamp="2018-11-14T19:39:03Z" user="Tractor" uid="395141" lat="59.9211459" lon="10.8746623"/>
 <node id="558985720" visible="true" version="4" changeset="37619143" timestamp="2016-03-04T23:44:00Z" user="Tractor" uid="395141" lat="59.9206118" lon="10.8749819"/>
 <node id="558985729" visible="true" version="4" changeset="64499373" timestamp="2018-11-14T19:39:03Z" user="Tractor" uid="395141" lat="59.9203613" lon="10.8755489"/>
 <node id="558987122" visible="true" version="3" changeset="56263268" timestamp="2018-02-11T13:15:51Z" user="Tractor" uid="395141" lat="59.9180188" lon="10.8826118"/>
 <node id="558987124" visible="true" version="3" changeset="56263268" timestamp="2018-02-11T13:15:51Z" user="Tractor" uid="395141" lat="59.9178740" lon="10.8826987"/>
 <node id="558987127" visible="true" version="3" changeset="56263268" timestamp="2018-02-11T13:15:51Z" user="Tractor" uid="395141" lat="59.9175228" lon="10.8827264"/>
 <node id="558987129" visible="true" version="3" changeset="56263268" timestamp="2018-02-11T13:15:51Z" user="Tractor" uid="395141" lat="59.9173619" lon="10.8827419"/>
 <node id="558987131" visible="true" version="1" changeset="3056939" timestamp="2009-11-07T16:28:54Z" user="espen" uid="6683" lat="59.9164373" lon="10.8828674"/>
 <node id="558987133" visible="true" version="2" changeset="56263268" timestamp="2018-02-11T13:15:51Z" user="Tractor" uid="395141" lat="59.9161034" lon="10.8828351"/>
 <node id="558987136" visible="true" version="2" changeset="56263268" timestamp="2018-02-11T13:15:51Z" user="Tractor" uid="395141" lat="59.9157172" lon="10.8830368"/>
 <node id="558987138" visible="true" version="2" changeset="56263268" timestamp="2018-02-11T13:15:51Z" user="Tractor" uid="395141" lat="59.9155139" lon="10.8831227"/>
 <node id="558987140" visible="true" version="1" changeset="3056939" timestamp="2009-11-07T16:28:54Z" user="espen" uid="6683" lat="59.9150132" lon="10.8831077"/>
 <node id="558987143" visible="true" version="1" changeset="3056939" timestamp="2009-11-07T16:28:54Z" user="espen" uid="6683" lat="59.9145399" lon="10.8830133"/>
 <node id="558987145" visible="true" version="1" changeset="3056939" timestamp="2009-11-07T16:28:55Z" user="espen" uid="6683" lat="59.9143377" lon="10.8831335"/>
 <node id="558987150" visible="true" version="2" changeset="18376058" timestamp="2013-10-15T20:31:36Z" user="vibrog" uid="11992" lat="59.9139386" lon="10.8832738"/>
 <node id="558987152" visible="true" version="2" changeset="18376058" timestamp="2013-10-15T20:31:36Z" user="vibrog" uid="11992" lat="59.9134727" lon="10.8831940"/>
 <node id="558987157" visible="true" version="2" changeset="110346461" timestamp="2021-08-27T14:48:53Z" user="harahu" uid="10233897" lat="59.9130978" lon="10.8827947"/>
 <node id="558987160" visible="true" version="2" changeset="110346461" timestamp="2021-08-27T14:48:53Z" user="harahu" uid="10233897" lat="59.9125566" lon="10.8826865"/>
 <node id="558987164" visible="true" version="1" changeset="3056939" timestamp="2009-11-07T16:28:56Z" user="espen" uid="6683" lat="59.9120486" lon="10.8828159"/>
 <node id="558987167" visible="true" version="1" changeset="3056939" timestamp="2009-11-07T16:28:56Z" user="espen" uid="6683" lat="59.9117517" lon="10.8826871"/>
 <node id="558987172" visible="true" version="1" changeset="3056939" timestamp="2009-11-07T16:28:56Z" user="espen" uid="6683" lat="59.9113731" lon="10.8825841"/>
 <node id="558987174" visible="true" version="1" changeset="3056939" timestamp="2009-11-07T16:28:56Z" user="espen" uid="6683" lat="59.9110030" lon="10.8827386"/>
 <node id="558987176" visible="true" version="1" changeset="3056939" timestamp="2009-11-07T16:28:56Z" user="espen" uid="6683" lat="59.9102586" lon="10.8830390"/>
 <node id="558987178" visible="true" version="2" changeset="110346461" timestamp="2021-08-27T14:48:53Z" user="harahu" uid="10233897" lat="59.9099814" lon="10.8832710"/>
 <node id="558987180" visible="true" version="1" changeset="3056939" timestamp="2009-11-07T16:28:57Z" user="espen" uid="6683" lat="59.9092774" lon="10.8830905"/>
 <node id="558987182" visible="true" version="1" changeset="3056939" timestamp="2009-11-07T16:28:57Z" user="espen" uid="6683" lat="59.9086577" lon="10.8829446"/>
 <node id="558987185" visible="true" version="1" changeset="3056939" timestamp="2009-11-07T16:28:57Z" user="espen" uid="6683" lat="59.9082919" lon="10.8827300"/>
 <node id="558987187" visible="true" version="2" changeset="110318089" timestamp="2021-08-27T05:44:31Z" user="harahu" uid="10233897" lat="59.9080231" lon="10.8824873"/>
 <node id="558987191" visible="true" version="2" changeset="110318089" timestamp="2021-08-27T05:44:31Z" user="harahu" uid="10233897" lat="59.9078864" lon="10.8821224"/>
 <node id="558987193" visible="true" version="2" changeset="110318089" timestamp="2021-08-27T05:44:31Z" user="harahu" uid="10233897" lat="59.9075679" lon="10.8818373"/>
 <node id="558987197" visible="true" version="2" changeset="110318089" timestamp="2021-08-27T05:44:31Z" user="harahu" uid="10233897" lat="59.9073069" lon="10.8816584"/>
 <node id="558987199" visible="true" version="2" changeset="110318089" timestamp="2021-08-27T05:44:31Z" user="harahu" uid="10233897" lat="59.9069524" lon="10.8816455"/>
 <node id="558987204" visible="true" version="4" changeset="172826624" timestamp="2025-10-04T11:29:24Z" user="Marius Løkken" uid="20041403" lat="59.9061915" lon="10.8813781"/>
 <node id="558987207" visible="true" version="3" changeset="110318089" timestamp="2021-08-27T05:44:31Z" user="harahu" uid="10233897" lat="59.9060581" lon="10.8811294"/>
 <node id="558987210" visible="true" version="3" changeset="110318089" timestamp="2021-08-27T05:44:31Z" user="harahu" uid="10233897" lat="59.9059780" lon="10.8806190"/>
 <node id="558987213" visible="true" version="3" changeset="110318089" timestamp="2021-08-27T05:44:31Z" user="harahu" uid="10233897" lat="59.9057932" lon="10.8801722"/>
 <node id="558987217" visible="true" version="3" changeset="110318089" timestamp="2021-08-27T05:44:31Z" user="harahu" uid="10233897" lat="59.9055798" lon="10.8799622"/>
 <node id="558987220" visible="true" version="3" changeset="110318089" timestamp="2021-08-27T05:44:31Z" user="harahu" uid="10233897" lat="59.9049709" lon="10.8797872"/>
 <node id="558987223" visible="true" version="2" changeset="18376019" timestamp="2013-10-15T20:28:46Z" user="vibrog" uid="11992" lat="59.9044487" lon="10.8794439"/>
 <node id="558987225" visible="true" version="2" changeset="18376019" timestamp="2013-10-15T20:28:46Z" user="vibrog" uid="11992" lat="59.9040362" lon="10.8790614"/>
 <node id="558987227" visible="true" version="3" changeset="110318089" timestamp="2021-08-27T05:44:31Z" user="harahu" uid="10233897" lat="59.9038798" lon="10.8785780"/>
 <node id="558987229" visible="true" version="3" changeset="110318089" timestamp="2021-08-27T05:44:31Z" user="harahu" uid="10233897" lat="59.9037298" lon="10.8784685"/>
 <node id="558987232" visible="true" version="2" changeset="110318089" timestamp="2021-08-27T05:44:31Z" user="harahu" uid="10233897" lat="59.9035978" lon="10.8782970"/>
 <node id="558987234" visible="true" version="2" changeset="110318089" timestamp="2021-08-27T05:44:31Z" user="harahu" uid="10233897" lat="59.9034194" lon="10.8781988"/>
 <node id="558987236" visible="true" version="2" changeset="110318089" timestamp="2021-08-27T05:44:31Z" user="harahu" uid="10233897" lat="59.9028126" lon="10.8781122"/>
 <node id="558987237" visible="true" version="2" changeset="110318089" timestamp="2021-08-27T05:44:31Z" user="harahu" uid="10233897" lat="59.9024028" lon="10.8779300"/>
 <node id="558987239" visible="true" version="2" changeset="110349654" timestamp="2021-08-27T16:06:13Z" user="harahu" uid="10233897" lat="59.9021821" lon="10.8779338"/>
 <node id="558987242" visible="true" version="2" changeset="110349654" timestamp="2021-08-27T16:06:13Z" user="harahu" uid="10233897" lat="59.9020634" lon="10.8777816"/>
 <node id="558987244" visible="true" version="2" changeset="110349654" timestamp="2021-08-27T16:06:13Z" user="harahu" uid="10233897" lat="59.9017519" lon="10.8775472"/>
 <node id="558987248" visible="true" version="2" changeset="110349654" timestamp="2021-08-27T16:06:13Z" user="harahu" uid="10233897" lat="59.9015145" lon="10.8772537"/>
 <node id="558987250" visible="true" version="6" changeset="172826624" timestamp="2025-10-04T11:29:24Z" user="Marius Løkken" uid="20041403" lat="59.9013109" lon="10.8768811">
  <tag k="class:bicycle:mtb" v="2"/>
  <tag k="highway" v="path"/>
  <tag k="hiking" v="yes"/>
  <tag k="mtb:scale" v="3"/>
  <tag k="name" v="DH banen - Lutåsen til Lutvangen"/>
  <tag k="source" v="survey"/>
  <tag k="surface" v="unpaved"/>
 </node>
 <node id="737248890" visible="true" version="8" changeset="56259820" timestamp="2018-02-11T10:35:35Z" user="Tractor" uid="395141" lat="59.9194685" lon="10.8838511">
  <tag k="hiking" v="yes"/>
  <tag k="information" v="guidepost"/>
  <tag k="name" v="Lut NØ 0.2"/>
  <tag k="operator" v="DNT Oslo og Omegn"/>
  <tag k="øx:iid" v="626"/>
  <tag k="ref" v="PM0532243490"/>
  <tag k="ski" v="yes"/>
  <tag k="source" v="survey"/>
  <tag k="tourism" v="information"/>
 </node>
 <node id="737249983" visible="true" version="2" changeset="6495822" timestamp="2010-11-30T16:53:39Z" user="vibrog" uid="11992" lat="59.9019258" lon="10.8766444"/>
 <node id="737249984" visible="true" version="2" changeset="6873152" timestamp="2011-01-05T15:53:09Z" user="vibrog" uid="11992" lat="59.9021127" lon="10.8766815"/>
 <node id="737249985" visible="true" version="3" changeset="37619100" timestamp="2016-03-04T23:39:36Z" user="Tractor" uid="395141" lat="59.9023909" lon="10.8767263"/>
 <node id="792543657" visible="true" version="3" changeset="8168311" timestamp="2011-05-17T05:25:55Z" user="vibrog" uid="11992" lat="59.9015629" lon="10.8755697"/>
 <node id="792543658" visible="true" version="4" changeset="150701096" timestamp="2024-04-30T10:49:02Z" user="harahu" uid="10233897" lat="59.9020333" lon="10.8753348"/>
 <node id="792543659" visible="true" version="3" changeset="150701096" timestamp="2024-04-30T10:49:02Z" user="harahu" uid="10233897" lat="59.9023108" lon="10.8754721"/>
 <node id="792543660" visible="true" version="4" changeset="150701096" timestamp="2024-04-30T10:49:02Z" user="harahu" uid="10233897" lat="59.9033229" lon="10.8749845"/>
 <node id="792543661" visible="true" version="4" changeset="7180414" timestamp="2011-02-04T07:09:25Z" user="vibrog" uid="11992" lat="59.9037062" lon="10.8746719"/>
 <node id="792543662" visible="true" version="3" changeset="8156780" timestamp="2011-05-15T20:40:43Z" user="vibrog" uid="11992" lat="59.9042044" lon="10.8742464"/>
 <node id="793334444" visible="true" version="5" changeset="64613057" timestamp="2018-11-18T07:39:52Z" user="Tractor" uid="395141" lat="59.9281833" lon="10.8831137">
  <tag k="hiking" v="yes"/>
  <tag k="information" v="guidepost"/>
  <tag k="name" v="Lindebergplassen P"/>
  <tag k="operator" v="DNT Oslo og Omegn"/>
  <tag k="øx:iid" v="632"/>
  <tag k="ref" v="PM053449"/>
  <tag k="source" v="survey"/>
  <tag k="tourism" v="information"/>
 </node>
 <node id="793335021" visible="true" version="5" changeset="56259820" timestamp="2018-02-11T10:35:36Z" user="Tractor" uid="395141" lat="59.9198674" lon="10.8836549"/>
 <node id="793335039" visible="true" version="6" changeset="56259820" timestamp="2018-02-11T10:35:36Z" user="Tractor" uid="395141" lat="59.9195598" lon="10.8837889"/>
 <node id="793335048" visible="true" version="4" changeset="56259820" timestamp="2018-02-11T10:35:36Z" user="Tractor" uid="395141" lat="59.9193719" lon="10.8836196"/>
 <node id="793335056" visible="true" version="2" changeset="15585645" timestamp="2013-04-02T19:09:57Z" user="vibrog" uid="11992" lat="59.9192382" lon="10.8833897"/>
 <node id="793335062" visible="true" version="4" changeset="56259820" timestamp="2018-02-11T10:35:37Z" user="Tractor" uid="395141" lat="59.9189603" lon="10.8828921"/>
 <node id="793335075" visible="true" version="6" changeset="56259820" timestamp="2018-02-11T10:35:37Z" user="Tractor" uid="395141" lat="59.9187292" lon="10.8823383">
  <tag k="hiking" v="yes"/>
  <tag k="information" v="guidepost"/>
  <tag k="name" v="Lut NØ 0.1"/>
  <tag k="operator" v="DNT Oslo og Omegn"/>
  <tag k="øx:iid" v="625"/>
  <tag k="source" v="survey"/>
  <tag k="tourism" v="information"/>
 </node>
 <node id="793335258" visible="true" version="3" changeset="56259820" timestamp="2018-02-11T10:35:37Z" user="Tractor" uid="395141" lat="59.9190180" lon="10.8823793"/>
 <node id="793335271" visible="true" version="2" changeset="56259820" timestamp="2018-02-11T10:35:37Z" user="Tractor" uid="395141" lat="59.9193988" lon="10.8826923"/>
 <node id="793335283" visible="true" version="4" changeset="56259820" timestamp="2018-02-11T10:35:37Z" user="Tractor" uid="395141" lat="59.9197014" lon="10.8826550"/>
 <node id="793335296" visible="true" version="3" changeset="56259820" timestamp="2018-02-11T10:35:37Z" user="Tractor" uid="395141" lat="59.9199399" lon="10.8825278"/>
 <node id="793335313" visible="true" version="3" changeset="56259820" timestamp="2018-02-11T10:35:37Z" user="Tractor" uid="395141" lat="59.9200273" lon="10.8824483"/>
 <node id="793335318" visible="true" version="4" changeset="56259820" timestamp="2018-02-11T10:35:37Z" user="Tractor" uid="395141" lat="59.9203759" lon="10.8824101"/>
 <node id="793335330" visible="true" version="2" changeset="6415526" timestamp="2010-11-20T16:24:23Z" user="vibrog" uid="11992" lat="59.9205570" lon="10.8822618"/>
 <node id="793335336" visible="true" version="3" changeset="56259820" timestamp="2018-02-11T10:35:37Z" user="Tractor" uid="395141" lat="59.9210657" lon="10.8824013"/>
 <node id="793335339" visible="true" version="3" changeset="56259820" timestamp="2018-02-11T10:35:37Z" user="Tractor" uid="395141" lat="59.9211364" lon="10.8823904"/>
 <node id="793335344" visible="true" version="3" changeset="56259820" timestamp="2018-02-11T10:35:37Z" user="Tractor" uid="395141" lat="59.9213497" lon="10.8823362"/>
 <node id="793335348" visible="true" version="3" changeset="56259820" timestamp="2018-02-11T10:35:37Z" user="Tractor" uid="395141" lat="59.9215157" lon="10.8823290"/>
 <node id="793335353" visible="true" version="4" changeset="56259820" timestamp="2018-02-11T10:35:37Z" user="Tractor" uid="395141" lat="59.9216612" lon="10.8823348"/>
 <node id="793335358" visible="true" version="2" changeset="8134043" timestamp="2011-05-13T18:37:30Z" user="vibrog" uid="11992" lat="59.9222948" lon="10.8825031"/>
 <node id="793335362" visible="true" version="3" changeset="8134043" timestamp="2011-05-13T18:37:52Z" user="vibrog" uid="11992" lat="59.9223990" lon="10.8824120"/>
 <node id="793335369" visible="true" version="3" changeset="88770153" timestamp="2020-07-31T08:19:55Z" user="Tractor" uid="395141" lat="59.9232185" lon="10.8821139"/>
 <node id="793335374" visible="true" version="3" changeset="88770153" timestamp="2020-07-31T08:19:55Z" user="Tractor" uid="395141" lat="59.9232895" lon="10.8819288"/>
 <node id="793335380" visible="true" version="3" changeset="88770153" timestamp="2020-07-31T08:19:55Z" user="Tractor" uid="395141" lat="59.9233867" lon="10.8816830"/>
 <node id="793335394" visible="true" version="1" changeset="5091982" timestamp="2010-06-27T18:53:11Z" user="xiphias256" uid="200141" lat="59.9239720" lon="10.8816087"/>
 <node id="793335400" visible="true" version="2" changeset="8134043" timestamp="2011-05-13T18:37:32Z" user="vibrog" uid="11992" lat="59.9240707" lon="10.8815941"/>
 <node id="793335406" visible="true" version="2" changeset="8134043" timestamp="2011-05-13T18:37:53Z" user="vibrog" uid="11992" lat="59.9241530" lon="10.8816512"/>
 <node id="793335414" visible="true" version="3" changeset="52994135" timestamp="2017-10-16T20:04:20Z" user="km2bp" uid="3610826" lat="59.9244796" lon="10.8815713"/>
 <node id="793335419" visible="true" version="3" changeset="52994135" timestamp="2017-10-16T20:04:20Z" user="km2bp" uid="3610826" lat="59.9245883" lon="10.8815391"/>
 <node id="793335422" visible="true" version="1" changeset="5091982" timestamp="2010-06-27T18:53:12Z" user="xiphias256" uid="200141" lat="59.9248860" lon="10.8816946"/>
 <node id="793335426" visible="true" version="2" changeset="8134043" timestamp="2011-05-13T18:38:09Z" user="vibrog" uid="11992" lat="59.9250002" lon="10.8816628"/>
 <node id="793335431" visible="true" version="3" changeset="52994135" timestamp="2017-10-16T20:04:20Z" user="km2bp" uid="3610826" lat="59.9254306" lon="10.8819371"/>
 <node id="793335435" visible="true" version="2" changeset="8134043" timestamp="2011-05-13T18:38:07Z" user="vibrog" uid="11992" lat="59.9255310" lon="10.8819533"/>
 <node id="793335444" visible="true" version="2" changeset="8134043" timestamp="2011-05-13T18:38:10Z" user="vibrog" uid="11992" lat="59.9256407" lon="10.8819893"/>
 <node id="793335452" visible="true" version="2" changeset="8134043" timestamp="2011-05-13T18:37:52Z" user="vibrog" uid="11992" lat="59.9258478" lon="10.8822058"/>
 <node id="793335463" visible="true" version="2" changeset="8134043" timestamp="2011-05-13T18:38:07Z" user="vibrog" uid="11992" lat="59.9261564" lon="10.8824503"/>
 <node id="793335470" visible="true" version="2" changeset="8134043" timestamp="2011-05-13T18:38:11Z" user="vibrog" uid="11992" lat="59.9263642" lon="10.8823954"/>
 <node id="793335475" visible="true" version="2" changeset="8134043" timestamp="2011-05-13T18:38:09Z" user="vibrog" uid="11992" lat="59.9266103" lon="10.8824331"/>
 <node id="793335480" visible="true" version="2" changeset="8134043" timestamp="2011-05-13T18:37:52Z" user="vibrog" uid="11992" lat="59.9270936" lon="10.8826430"/>
 <node id="793335485" visible="true" version="1" changeset="5091982" timestamp="2010-06-27T18:53:13Z" user="xiphias256" uid="200141" lat="59.9274022" lon="10.8827675"/>
 <node id="793335490" visible="true" version="2" changeset="8134043" timestamp="2011-05-13T18:37:33Z" user="vibrog" uid="11992" lat="59.9275522" lon="10.8828015"/>
 <node id="793335497" visible="true" version="3" changeset="64613057" timestamp="2018-11-18T07:39:52Z" user="Tractor" uid="395141" lat="59.9277467" lon="10.8828867"/>
 <node id="793335503" visible="true" version="3" changeset="64613057" timestamp="2018-11-18T07:39:52Z" user="Tractor" uid="395141" lat="59.9279925" lon="10.8829192"/>
 <node id="868535895" visible="true" version="3" changeset="6007738" timestamp="2010-10-10T23:00:27Z" user="vibrog" uid="11992" lat="59.9187897" lon="10.8743185"/>
 <node id="868536201" visible="true" version="3" changeset="6007738" timestamp="2010-10-10T23:00:30Z" user="vibrog" uid="11992" lat="59.9204253" lon="10.8705747"/>
 <node id="869862647" visible="true" version="1" changeset="5541065" timestamp="2010-08-20T06:14:05Z" user="vibrog" uid="11992" lat="59.9278483" lon="10.8806100"/>
 <node id="869862693" visible="true" version="2" changeset="16075882" timestamp="2013-05-11T07:53:27Z" user="vibrog" uid="11992" lat="59.9184665" lon="10.8652432"/>
 <node id="869862698" visible="true" version="1" changeset="5541065" timestamp="2010-08-20T06:14:07Z" user="vibrog" uid="11992" lat="59.9181573" lon="10.8633967"/>
 <node id="869862725" visible="true" version="1" changeset="5541065" timestamp="2010-08-20T06:14:07Z" user="vibrog" uid="11992" lat="59.9280253" lon="10.8829449"/>
 <node id="869862733" visible="true" version="1" changeset="5541065" timestamp="2010-08-20T06:14:08Z" user="vibrog" uid="11992" lat="59.9279896" lon="10.8865313"/>
 <node id="869862768" visible="true" version="1" changeset="5541065" timestamp="2010-08-20T06:14:09Z" user="vibrog" uid="11992" lat="59.9278945" lon="10.8823074"/>
 <node id="869862813" visible="true" version="1" changeset="5541065" timestamp="2010-08-20T06:14:10Z" user="vibrog" uid="11992" lat="59.9281485" lon="10.8839623"/>
 <node id="869862848" visible="true" version="1" changeset="5541065" timestamp="2010-08-20T06:14:11Z" user="vibrog" uid="11992" lat="59.9233550" lon="10.8784744"/>
 <node id="869862925" visible="true" version="2" changeset="7156627" timestamp="2011-02-01T17:02:43Z" user="vibrog" uid="11992" lat="59.9227755" lon="10.8786093"/>
 <node id="869862941" visible="true" version="1" changeset="5541065" timestamp="2010-08-20T06:14:14Z" user="vibrog" uid="11992" lat="59.9236268" lon="10.8784033"/>
 <node id="869862974" visible="true" version="1" changeset="5541065" timestamp="2010-08-20T06:14:15Z" user="vibrog" uid="11992" lat="59.9181212" lon="10.8642488"/>
 <node id="869863003" visible="true" version="1" changeset="5541065" timestamp="2010-08-20T06:14:16Z" user="vibrog" uid="11992" lat="59.9280484" lon="10.8836212"/>
 <node id="869863044" visible="true" version="1" changeset="5541065" timestamp="2010-08-20T06:14:17Z" user="vibrog" uid="11992" lat="59.9179949" lon="10.8639247"/>
 <node id="869863066" visible="true" version="1" changeset="5541065" timestamp="2010-08-20T06:14:18Z" user="vibrog" uid="11992" lat="59.9281792" lon="10.8860005"/>
 <node id="869863080" visible="true" version="1" changeset="5541065" timestamp="2010-08-20T06:14:18Z" user="vibrog" uid="11992" lat="59.9222580" lon="10.8789276"/>
 <node id="897759909" visible="true" version="2" changeset="7167496" timestamp="2011-02-02T19:03:56Z" user="vibrog" uid="11992" lat="59.9054383" lon="10.8718940"/>
 <node id="897765833" visible="true" version="2" changeset="110349163" timestamp="2021-08-27T15:54:01Z" user="harahu" uid="10233897" lat="59.9001535" lon="10.8737945"/>
 <node id="929557667" visible="true" version="3" changeset="15838802" timestamp="2013-04-23T16:29:21Z" user="vibrog" uid="11992" lat="59.9082109" lon="10.8725172"/>
 <node id="929557679" visible="true" version="3" changeset="15838802" timestamp="2013-04-23T16:29:21Z" user="vibrog" uid="11992" lat="59.9102410" lon="10.8720161"/>
 <node id="929557694" visible="true" version="2" changeset="14631816" timestamp="2013-01-13T10:00:45Z" user="vibrog" uid="11992" lat="59.9045452" lon="10.8734143"/>
 <node id="929557701" visible="true" version="1" changeset="5907839" timestamp="2010-09-28T22:20:04Z" user="vibrog" uid="11992" lat="59.9115478" lon="10.8719323"/>
 <node id="929557706" visible="true" version="1" changeset="5907839" timestamp="2010-09-28T22:20:04Z" user="vibrog" uid="11992" lat="59.9079482" lon="10.8725728"/>
 <node id="929557713" visible="true" version="6" changeset="110349163" timestamp="2021-08-27T15:54:01Z" user="harahu" uid="10233897" lat="59.9036874" lon="10.8735997"/>
 <node id="929557722" visible="true" version="6" changeset="110349163" timestamp="2021-08-27T15:54:01Z" user="harahu" uid="10233897" lat="59.9036102" lon="10.8734981"/>
 <node id="929557725" visible="true" version="2" changeset="7162094" timestamp="2011-02-02T07:43:51Z" user="vibrog" uid="11992" lat="59.9065618" lon="10.8728255"/>
 <node id="929557748" visible="true" version="1" changeset="5907839" timestamp="2010-09-28T22:20:06Z" user="vibrog" uid="11992" lat="59.9111174" lon="10.8721574"/>
 <node id="929557749" visible="true" version="2" changeset="7162094" timestamp="2011-02-02T07:43:36Z" user="vibrog" uid="11992" lat="59.9057691" lon="10.8729009"/>
 <node id="929557764" visible="true" version="1" changeset="5907839" timestamp="2010-09-28T22:20:07Z" user="vibrog" uid="11992" lat="59.9044057" lon="10.8740105"/>
 <node id="929557769" visible="true" version="1" changeset="5907839" timestamp="2010-09-28T22:20:07Z" user="vibrog" uid="11992" lat="59.9071377" lon="10.8725435"/>
 <node id="929557777" visible="true" version="3" changeset="150701096" timestamp="2024-04-30T10:49:02Z" user="harahu" uid="10233897" lat="59.9059079" lon="10.8728449"/>
 <node id="929557784" visible="true" version="3" changeset="110349163" timestamp="2021-08-27T15:54:01Z" user="harahu" uid="10233897" lat="59.9032424" lon="10.8722514"/>
 <node id="929557799" visible="true" version="1" changeset="5907839" timestamp="2010-09-28T22:20:08Z" user="vibrog" uid="11992" lat="59.9096915" lon="10.8717177"/>
 <node id="929557844" visible="true" version="3" changeset="150701096" timestamp="2024-04-30T10:49:02Z" user="harahu" uid="10233897" lat="59.9063667" lon="10.8728070"/>
 <node id="929557850" visible="true" version="4" changeset="8150528" timestamp="2011-05-15T11:19:52Z" user="vibrog" uid="11992" lat="59.9121999" lon="10.8718406">
  <tag k="hiking" v="yes"/>
  <tag k="information" v="guidepost"/>
  <tag k="name" v="Lutvann"/>
  <tag k="operator" v="DNT Oslo og Omegn"/>
  <tag k="øx:iid" v="623"/>
  <tag k="ref" v="PM047431"/>
  <tag k="tourism" v="information"/>
 </node>
 <node id="929557868" visible="true" version="2" changeset="7162094" timestamp="2011-02-02T07:43:40Z" user="vibrog" uid="11992" lat="59.9076798" lon="10.8724175"/>
 <node id="929557877" visible="true" version="1" changeset="5907839" timestamp="2010-09-28T22:20:11Z" user="vibrog" uid="11992" lat="59.9105079" lon="10.8722049"/>
 <node id="929557880" visible="true" version="4" changeset="14631816" timestamp="2013-01-13T10:00:45Z" user="vibrog" uid="11992" lat="59.9046495" lon="10.8735029"/>
 <node id="929557885" visible="true" version="1" changeset="5907839" timestamp="2010-09-28T22:20:11Z" user="vibrog" uid="11992" lat="59.9117108" lon="10.8718989"/>
 <node id="929557910" visible="true" version="3" changeset="15838802" timestamp="2013-04-23T16:29:21Z" user="vibrog" uid="11992" lat="59.9086632" lon="10.8724924"/>
 <node id="929557935" visible="true" version="2" changeset="14631816" timestamp="2013-01-13T10:00:45Z" user="vibrog" uid="11992" lat="59.9043248" lon="10.8733675"/>
 <node id="929557938" visible="true" version="2" changeset="8156780" timestamp="2011-05-15T20:40:44Z" user="vibrog" uid="11992" lat="59.9044865" lon="10.8738536"/>
 <node id="929557940" visible="true" version="3" changeset="15838802" timestamp="2013-04-23T16:29:21Z" user="vibrog" uid="11992" lat="59.9080790" lon="10.8724268"/>
 <node id="929557943" visible="true" version="2" changeset="7162094" timestamp="2011-02-02T07:43:45Z" user="vibrog" uid="11992" lat="59.9053601" lon="10.8729951"/>
 <node id="931678365" visible="true" version="2" changeset="6007738" timestamp="2010-10-10T23:00:25Z" user="vibrog" uid="11992" lat="59.9186704" lon="10.8750465"/>
 <node id="932489974" visible="true" version="3" changeset="37619100" timestamp="2016-03-04T23:39:36Z" user="Tractor" uid="395141" lat="59.9073229" lon="10.8758514"/>
 <node id="932489975" visible="true" version="2" changeset="28403611" timestamp="2015-01-25T19:42:36Z" user="Tractor" uid="395141" lat="59.9054765" lon="10.8759737"/>
 <node id="932489976" visible="true" version="3" changeset="37619100" timestamp="2016-03-04T23:39:36Z" user="Tractor" uid="395141" lat="59.9027782" lon="10.8767298"/>
 <node id="932489977" visible="true" version="4" changeset="64499373" timestamp="2018-11-14T19:39:03Z" user="Tractor" uid="395141" lat="59.9203590" lon="10.8782698"/>
 <node id="932489978" visible="true" version="3" changeset="139534883" timestamp="2023-08-06T22:44:55Z" user="olejorgenb" uid="154646" lat="59.9032623" lon="10.8764262"/>
 <node id="932489979" visible="true" version="2" changeset="139534883" timestamp="2023-08-06T22:44:55Z" user="olejorgenb" uid="154646" lat="59.9032459" lon="10.8768029"/>
 <node id="932489980" visible="true" version="3" changeset="64499373" timestamp="2018-11-14T19:39:04Z" user="Tractor" uid="395141" lat="59.9201661" lon="10.8785435"/>
 <node id="932489981" visible="true" version="3" changeset="37619100" timestamp="2016-03-04T23:39:36Z" user="Tractor" uid="395141" lat="59.9067959" lon="10.8758530"/>
 <node id="932489983" visible="true" version="4" changeset="64499373" timestamp="2018-11-14T19:39:04Z" user="Tractor" uid="395141" lat="59.9202864" lon="10.8783995"/>
 <node id="932489984" visible="true" version="2" changeset="28403611" timestamp="2015-01-25T19:42:36Z" user="Tractor" uid="395141" lat="59.9044603" lon="10.8764695"/>
 <node id="932489985" visible="true" version="3" changeset="37619100" timestamp="2016-03-04T23:39:36Z" user="Tractor" uid="395141" lat="59.9101488" lon="10.8765133"/>
 <node id="932489986" visible="true" version="4" changeset="128959356" timestamp="2022-11-15T21:00:43Z" user="ccamfwfwtn" uid="1883123" lat="59.9200575" lon="10.8785888"/>
 <node id="932489987" visible="true" version="5" changeset="88770153" timestamp="2020-07-31T08:19:55Z" user="Tractor" uid="395141" lat="59.9203709" lon="10.8785395"/>
 <node id="932489988" visible="true" version="3" changeset="37619100" timestamp="2016-03-04T23:39:36Z" user="Tractor" uid="395141" lat="59.9062440" lon="10.8757651"/>
 <node id="939668335" visible="true" version="3" changeset="136845779" timestamp="2023-06-01T20:23:32Z" user="harahu" uid="10233897" lat="59.9172852" lon="10.8716792"/>
 <node id="939668370" visible="true" version="2" changeset="6007738" timestamp="2010-10-10T23:00:27Z" user="vibrog" uid="11992" lat="59.9207394" lon="10.8699211"/>
 <node id="939668382" visible="true" version="1" changeset="5973624" timestamp="2010-10-06T21:07:13Z" user="vibrog" uid="11992" lat="59.9128029" lon="10.8719498"/>
 <node id="939668471" visible="true" version="1" changeset="5973624" timestamp="2010-10-06T21:07:17Z" user="vibrog" uid="11992" lat="59.9127031" lon="10.8719249"/>
 <node id="944697001" visible="true" version="1" changeset="6007738" timestamp="2010-10-10T23:00:19Z" user="vibrog" uid="11992" lat="59.9194800" lon="10.8726881"/>
 <node id="944697002" visible="true" version="2" changeset="110349654" timestamp="2021-08-27T16:06:13Z" user="harahu" uid="10233897" lat="59.9184602" lon="10.8752011"/>
 <node id="944697004" visible="true" version="1" changeset="6007738" timestamp="2010-10-10T23:00:19Z" user="vibrog" uid="11992" lat="59.9187648" lon="10.8751118"/>
 <node id="944697006" visible="true" version="2" changeset="110349654" timestamp="2021-08-27T16:06:13Z" user="harahu" uid="10233897" lat="59.9190873" lon="10.8740098"/>
 <node id="944697008" visible="true" version="1" changeset="6007738" timestamp="2010-10-10T23:00:19Z" user="vibrog" uid="11992" lat="59.9205301" lon="10.8704347"/>
 <node id="944697016" visible="true" version="1" changeset="6007738" timestamp="2010-10-10T23:00:20Z" user="vibrog" uid="11992" lat="59.9202676" lon="10.8717380"/>
 <node id="944697017" visible="true" version="1" changeset="6007738" timestamp="2010-10-10T23:00:20Z" user="vibrog" uid="11992" lat="59.9196174" lon="10.8724757"/>
 <node id="944697019" visible="true" version="2" changeset="110349654" timestamp="2021-08-27T16:06:13Z" user="harahu" uid="10233897" lat="59.9192665" lon="10.8735619"/>
 <node id="944697022" visible="true" version="2" changeset="110349973" timestamp="2021-08-27T16:13:08Z" user="harahu" uid="10233897" lat="59.9176495" lon="10.8746026"/>
 <node id="944697024" visible="true" version="2" changeset="110349654" timestamp="2021-08-27T16:06:13Z" user="harahu" uid="10233897" lat="59.9188260" lon="10.8751884">
  <tag k="hiking" v="yes"/>
  <tag k="information" v="guidepost"/>
  <tag k="name" v="Fagerholt S"/>
  <tag k="operator" v="DNT Oslo og Omegn"/>
  <tag k="øx:iid" v="627"/>
  <tag k="ref" v="PM048439"/>
  <tag k="tourism" v="information"/>
 </node>
 <node id="944697027" visible="true" version="1" changeset="6007738" timestamp="2010-10-10T23:00:20Z" user="vibrog" uid="11992" lat="59.9206766" lon="10.8703738"/>
 <node id="944697033" visible="true" version="1" changeset="6007738" timestamp="2010-10-10T23:00:21Z" user="vibrog" uid="11992" lat="59.9203286" lon="10.8712265"/>
 <node id="944697035" visible="true" version="1" changeset="6007738" timestamp="2010-10-10T23:00:21Z" user="vibrog" uid="11992" lat="59.9201272" lon="10.8719573"/>
 <node id="944697038" visible="true" version="1" changeset="6007738" timestamp="2010-10-10T23:00:21Z" user="vibrog" uid="11992" lat="59.9186113" lon="10.8746000">
  <tag k="barrier" v="windfall"/>
 </node>
 <node id="944697040" visible="true" version="2" changeset="110349654" timestamp="2021-08-27T16:06:13Z" user="harahu" uid="10233897" lat="59.9191731" lon="10.8738608"/>
 <node id="944697044" visible="true" version="1" changeset="6007738" timestamp="2010-10-10T23:00:21Z" user="vibrog" uid="11992" lat="59.9183803" lon="10.8749825"/>
 <node id="944697045" visible="true" version="1" changeset="6007738" timestamp="2010-10-10T23:00:21Z" user="vibrog" uid="11992" lat="59.9203347" lon="10.8714701"/>
 <node id="944697048" visible="true" version="2" changeset="110349654" timestamp="2021-08-27T16:06:13Z" user="harahu" uid="10233897" lat="59.9184063" lon="10.8748465"/>
 <node id="944697050" visible="true" version="2" changeset="110349654" timestamp="2021-08-27T16:06:13Z" user="harahu" uid="10233897" lat="59.9193388" lon="10.8730623"/>
 <node id="944869455" visible="true" version="2" changeset="15989071" timestamp="2013-05-05T19:46:29Z" user="vibrog" uid="11992" lat="59.9135571" lon="10.8742500"/>
 <node id="944869470" visible="true" version="3" changeset="110349973" timestamp="2021-08-27T16:13:08Z" user="harahu" uid="10233897" lat="59.9136624" lon="10.8741062"/>
 <node id="944869472" visible="true" version="1" changeset="6009283" timestamp="2010-10-11T07:53:51Z" user="vibrog" uid="11992" lat="59.9150620" lon="10.8745559"/>
 <node id="944869488" visible="true" version="2" changeset="110349973" timestamp="2021-08-27T16:13:08Z" user="harahu" uid="10233897" lat="59.9159230" lon="10.8745084"/>
 <node id="944869499" visible="true" version="3" changeset="110349973" timestamp="2021-08-27T16:13:08Z" user="harahu" uid="10233897" lat="59.9139477" lon="10.8739701"/>
 <node id="944869507" visible="true" version="3" changeset="110349973" timestamp="2021-08-27T16:13:08Z" user="harahu" uid="10233897" lat="59.9136767" lon="10.8738154"/>
 <node id="944869520" visible="true" version="3" changeset="110349973" timestamp="2021-08-27T16:13:08Z" user="harahu" uid="10233897" lat="59.9138966" lon="10.8742043"/>
 <node id="944869522" visible="true" version="2" changeset="110349973" timestamp="2021-08-27T16:13:08Z" user="harahu" uid="10233897" lat="59.9154989" lon="10.8743751"/>
 <node id="944869529" visible="true" version="3" changeset="110349973" timestamp="2021-08-27T16:13:08Z" user="harahu" uid="10233897" lat="59.9165083" lon="10.8747994"/>
 <node id="944869542" visible="true" version="2" changeset="15989071" timestamp="2013-05-05T19:46:29Z" user="vibrog" uid="11992" lat="59.9143467" lon="10.8747181"/>
 <node id="944869552" visible="true" version="3" changeset="110349973" timestamp="2021-08-27T16:13:08Z" user="harahu" uid="10233897" lat="59.9136462" lon="10.8739689"/>
 <node id="944869559" visible="true" version="2" changeset="110349973" timestamp="2021-08-27T16:13:08Z" user="harahu" uid="10233897" lat="59.9142868" lon="10.8742344"/>
 <node id="944869561" visible="true" version="2" changeset="110349973" timestamp="2021-08-27T16:13:08Z" user="harahu" uid="10233897" lat="59.9158143" lon="10.8744557"/>
 <node id="944871342" visible="true" version="2" changeset="110349973" timestamp="2021-08-27T16:13:08Z" user="harahu" uid="10233897" lat="59.9110815" lon="10.8738869"/>
 <node id="944871346" visible="true" version="3" changeset="110349973" timestamp="2021-08-27T16:13:08Z" user="harahu" uid="10233897" lat="59.9114104" lon="10.8732548"/>
 <node id="944871350" visible="true" version="2" changeset="110349973" timestamp="2021-08-27T16:13:08Z" user="harahu" uid="10233897" lat="59.9122811" lon="10.8725976"/>
 <node id="944871351" visible="true" version="3" changeset="110349973" timestamp="2021-08-27T16:13:08Z" user="harahu" uid="10233897" lat="59.9115444" lon="10.8731427"/>
 <node id="944871353" visible="true" version="2" changeset="110349973" timestamp="2021-08-27T16:13:08Z" user="harahu" uid="10233897" lat="59.9124415" lon="10.8723406"/>
 <node id="944871354" visible="true" version="2" changeset="110349973" timestamp="2021-08-27T16:13:08Z" user="harahu" uid="10233897" lat="59.9112533" lon="10.8737268"/>
 <node id="944871363" visible="true" version="2" changeset="110349973" timestamp="2021-08-27T16:13:08Z" user="harahu" uid="10233897" lat="59.9120176" lon="10.8727600"/>
 <node id="996325577" visible="true" version="2" changeset="56263268" timestamp="2018-02-11T13:15:51Z" user="Tractor" uid="395141" lat="59.9180127" lon="10.8824150"/>
 <node id="996325739" visible="true" version="3" changeset="88770153" timestamp="2020-07-31T08:19:55Z" user="Tractor" uid="395141" lat="59.9177649" lon="10.8821551"/>
 <node id="996325933" visible="true" version="1" changeset="6415526" timestamp="2010-11-20T16:21:56Z" user="vibrog" uid="11992" lat="59.9179902" lon="10.8814313"/>
 <node id="996325998" visible="true" version="7" changeset="88770153" timestamp="2020-07-31T08:19:55Z" user="Tractor" uid="395141" lat="59.9176509" lon="10.8812041">
  <tag k="access" v="official"/>
  <tag k="access:conditional" v="no @ (sunset-sunrise)"/>
  <tag k="leisure" v="firepit"/>
  <tag k="note:no" v="Godkjent bålplass"/>
 </node>
 <node id="996326079" visible="true" version="2" changeset="64240711" timestamp="2018-11-06T18:46:47Z" user="Tractor" uid="395141" lat="59.9183541" lon="10.8816317"/>
 <node id="996326131" visible="true" version="1" changeset="6415526" timestamp="2010-11-20T16:22:02Z" user="vibrog" uid="11992" lat="59.9181797" lon="10.8826164"/>
 <node id="996326425" visible="true" version="2" changeset="64240711" timestamp="2018-11-06T18:46:47Z" user="Tractor" uid="395141" lat="59.9176808" lon="10.8812078"/>
 <node id="996326477" visible="true" version="7" changeset="122014129" timestamp="2022-06-06T09:20:48Z" user="GSBattleman" uid="10006989" lat="59.9182058" lon="10.8825065">
  <tag k="amenity" v="toilets"/>
  <tag k="changing_table" v="no"/>
  <tag k="fee" v="no"/>
  <tag k="toilets:disposal" v="pitlatrine"/>
  <tag k="wheelchair" v="yes"/>
 </node>
 <node id="996326564" visible="true" version="2" changeset="64240711" timestamp="2018-11-06T18:46:47Z" user="Tractor" uid="395141" lat="59.9181339" lon="10.8814903"/>
 <node id="996326638" visible="true" version="5" changeset="88770153" timestamp="2020-07-31T08:19:55Z" user="Tractor" uid="395141" lat="59.9186014" lon="10.8818226"/>
 <node id="996326823" visible="true" version="1" changeset="6415526" timestamp="2010-11-20T16:22:22Z" user="vibrog" uid="11992" lat="59.9185145" lon="10.8819064"/>
 <node id="996326885" visible="true" version="2" changeset="8134043" timestamp="2011-05-13T18:38:07Z" user="vibrog" uid="11992" lat="59.9226911" lon="10.8824231"/>
 <node id="996326910" visible="true" version="2" changeset="56259820" timestamp="2018-02-11T10:35:37Z" user="Tractor" uid="395141" lat="59.9192676" lon="10.8826185"/>
 <node id="996327034" visible="true" version="1" changeset="6415526" timestamp="2010-11-20T16:22:28Z" user="vibrog" uid="11992" lat="59.9178319" lon="10.8813850"/>
 <node id="996327065" visible="true" version="3" changeset="122014131" timestamp="2022-06-06T09:20:50Z" user="GSBattleman" uid="10006989" lat="59.9180050" lon="10.8815361">
  <tag k="check_date" v="2022-06-06"/>
  <tag k="hiking" v="yes"/>
  <tag k="information" v="map"/>
  <tag k="operator" v="Oslo kommune"/>
  <tag k="source" v="survey"/>
  <tag k="tourism" v="information"/>
 </node>
 <node id="996327092" visible="true" version="3" changeset="88770153" timestamp="2020-07-31T08:19:55Z" user="Tractor" uid="395141" lat="59.9182572" lon="10.8815046"/>
 <node id="996327127" visible="true" version="1" changeset="6415526" timestamp="2010-11-20T16:22:34Z" user="vibrog" uid="11992" lat="59.9178468" lon="10.8827264"/>
 <node id="996341112" visible="true" version="2" changeset="56259820" timestamp="2018-02-11T10:35:37Z" user="Tractor" uid="395141" lat="59.9197828" lon="10.8826235"/>
 <node id="996341114" visible="true" version="2" changeset="8134043" timestamp="2011-05-13T18:37:34Z" user="vibrog" uid="11992" lat="59.9198895" lon="10.8834150"/>
 <node id="996341117" visible="true" version="2" changeset="8134043" timestamp="2011-05-13T18:38:07Z" user="vibrog" uid="11992" lat="59.9198955" lon="10.8835653"/>
 <node id="998315120" visible="true" version="3" changeset="59092559" timestamp="2018-05-18T22:41:15Z" user="Tractor_import" uid="2115582" lat="59.8996376" lon="10.8521636"/>
 <node id="998315201" visible="true" version="4" changeset="59092559" timestamp="2018-05-18T22:41:15Z" user="Tractor_import" uid="2115582" lat="59.8998874" lon="10.8524827"/>
 <node id="999586118" visible="true" version="3" changeset="59092559" timestamp="2018-05-18T22:41:15Z" user="Tractor_import" uid="2115582" lat="59.8999907" lon="10.8522540"/>
 <node id="1008267658" visible="true" version="3" changeset="15987054" timestamp="2013-05-05T17:10:49Z" user="vibrog" uid="11992" lat="59.9152215" lon="10.8715433"/>
 <node id="1013587119" visible="true" version="1" changeset="6495822" timestamp="2010-11-30T16:53:18Z" user="vibrog" uid="11992" lat="59.9037550" lon="10.8738398"/>
 <node id="1013587120" visible="true" version="1" changeset="6495822" timestamp="2010-11-30T16:53:18Z" user="vibrog" uid="11992" lat="59.9014205" lon="10.8758633"/>
 <node id="1013587136" visible="true" version="1" changeset="6495822" timestamp="2010-11-30T16:53:18Z" user="vibrog" uid="11992" lat="59.9038137" lon="10.8741669"/>
 <node id="1013587156" visible="true" version="2" changeset="37619100" timestamp="2016-03-04T23:39:36Z" user="Tractor" uid="395141" lat="59.9016042" lon="10.8768927"/>
 <node id="1013587212" visible="true" version="4" changeset="110349163" timestamp="2021-08-27T15:54:01Z" user="harahu" uid="10233897" lat="59.9035196" lon="10.8733450"/>
 <node id="1013587213" visible="true" version="2" changeset="150701096" timestamp="2024-04-30T10:49:02Z" user="harahu" uid="10233897" lat="59.9018171" lon="10.8753925"/>
 <node id="1013587231" visible="true" version="3" changeset="110349163" timestamp="2021-08-27T15:54:01Z" user="harahu" uid="10233897" lat="59.9034951" lon="10.8731789"/>
 <node id="1013587232" visible="true" version="1" changeset="6495822" timestamp="2010-11-30T16:53:22Z" user="vibrog" uid="11992" lat="59.9037226" lon="10.8745545"/>
 <node id="1013587307" visible="true" version="1" changeset="6495822" timestamp="2010-11-30T16:53:26Z" user="vibrog" uid="11992" lat="59.9037631" lon="10.8739609"/>
 <node id="1013587308" visible="true" version="1" changeset="6495822" timestamp="2010-11-30T16:53:26Z" user="vibrog" uid="11992" lat="59.9037104" lon="10.8744374"/>
 <node id="1013587328" visible="true" version="1" changeset="6495822" timestamp="2010-11-30T16:53:27Z" user="vibrog" uid="11992" lat="59.9038016" lon="10.8743163"/>
 <node id="1013587344" visible="true" version="1" changeset="6495822" timestamp="2010-11-30T16:53:27Z" user="vibrog" uid="11992" lat="59.9017763" lon="10.8767556"/>
 <node id="1077844046" visible="true" version="1" changeset="6834468" timestamp="2011-01-02T01:20:57Z" user="haakonst" uid="118690" lat="59.9014121" lon="10.8759173"/>
 <node id="1077844060" visible="true" version="3" changeset="139534883" timestamp="2023-08-06T22:44:55Z" user="olejorgenb" uid="154646" lat="59.9030892" lon="10.8766283"/>
 <node id="1083633604" visible="true" version="2" changeset="37619100" timestamp="2016-03-04T23:39:36Z" user="Tractor" uid="395141" lat="59.9022752" lon="10.8767121"/>
 <node id="1083633683" visible="true" version="2" changeset="37619100" timestamp="2016-03-04T23:39:36Z" user="Tractor" uid="395141" lat="59.9025740" lon="10.8767998"/>
 <node id="1126329989" visible="true" version="1" changeset="7123599" timestamp="2011-01-29T15:53:28Z" user="vibrog" uid="11992" lat="59.9068119" lon="10.8554352"/>
 <node id="1126330068" visible="true" version="1" changeset="7123599" timestamp="2011-01-29T15:53:30Z" user="vibrog" uid="11992" lat="59.9070404" lon="10.8555112"/>
 <node id="1126330073" visible="true" version="1" changeset="7123599" timestamp="2011-01-29T15:53:30Z" user="vibrog" uid="11992" lat="59.9064389" lon="10.8549067"/>
 <node id="1126330165" visible="true" version="4" changeset="162651316" timestamp="2025-02-18T09:08:24Z" user="ccamfwfwtn" uid="1883123" lat="59.9074148" lon="10.8548092"/>
 <node id="1131163972" visible="true" version="1" changeset="7156627" timestamp="2011-02-01T17:02:25Z" user="vibrog" uid="11992" lat="59.9265744" lon="10.8806569"/>
 <node id="1132100524" visible="true" version="4" changeset="15838802" timestamp="2013-04-23T16:29:19Z" user="vibrog" uid="11992" lat="59.9098525" lon="10.8718837"/>
 <node id="1132100598" visible="true" version="2" changeset="7167496" timestamp="2011-02-02T19:04:04Z" user="vibrog" uid="11992" lat="59.9047802" lon="10.8734450"/>
 <node id="1132100649" visible="true" version="1" changeset="7162094" timestamp="2011-02-02T07:43:03Z" user="vibrog" uid="11992" lat="59.9102910" lon="10.8720545"/>
 <node id="1132100654" visible="true" version="1" changeset="7162094" timestamp="2011-02-02T07:43:03Z" user="vibrog" uid="11992" lat="59.9050411" lon="10.8732945"/>
 <node id="1132100740" visible="true" version="1" changeset="7162094" timestamp="2011-02-02T07:43:07Z" user="vibrog" uid="11992" lat="59.9091404" lon="10.8654376"/>
 <node id="1132100754" visible="true" version="1" changeset="7162094" timestamp="2011-02-02T07:43:08Z" user="vibrog" uid="11992" lat="59.9049209" lon="10.8733725"/>
 <node id="1132112293" visible="true" version="3" changeset="16165273" timestamp="2013-05-17T10:43:22Z" user="vibrog" uid="11992" lat="59.9163470" lon="10.8624751"/>
 <node id="1132112368" visible="true" version="3" changeset="16165273" timestamp="2013-05-17T10:43:23Z" user="vibrog" uid="11992" lat="59.9166944" lon="10.8624487"/>
 <node id="1132112379" visible="true" version="2" changeset="112825164" timestamp="2021-10-22T07:55:42Z" user="Wulfmorn" uid="5198133" lat="59.9205465" lon="10.8633789"/>
 <node id="1132112461" visible="true" version="3" changeset="10734214" timestamp="2012-02-19T19:57:39Z" user="ArneH" uid="256393" lat="59.9202775" lon="10.8635649"/>
 <node id="1132112486" visible="true" version="3" changeset="16165273" timestamp="2013-05-17T10:43:23Z" user="vibrog" uid="11992" lat="59.9159401" lon="10.8622002"/>
 <node id="1132116295" visible="true" version="3" changeset="133775912" timestamp="2023-03-17T07:14:44Z" user="RUTER Heidi Henden" uid="2499673" lat="59.9206568" lon="10.8618796"/>
 <node id="1132116296" visible="true" version="2" changeset="16075882" timestamp="2013-05-11T07:53:26Z" user="vibrog" uid="11992" lat="59.9206455" lon="10.8628800"/>
 <node id="1132116300" visible="true" version="2" changeset="16075882" timestamp="2013-05-11T07:53:27Z" user="vibrog" uid="11992" lat="59.9192152" lon="10.8629811"/>
 <node id="1132116307" visible="true" version="2" changeset="16075882" timestamp="2013-05-11T07:53:27Z" user="vibrog" uid="11992" lat="59.9194266" lon="10.8637989"/>
 <node id="1132116308" visible="true" version="1" changeset="7162394" timestamp="2011-02-02T08:30:53Z" user="vibrog" uid="11992" lat="59.9217369" lon="10.8717828"/>
 <node id="1132116317" visible="true" version="2" changeset="16075882" timestamp="2013-05-11T07:53:27Z" user="vibrog" uid="11992" lat="59.9209206" lon="10.8626124"/>
 <node id="1132116318" visible="true" version="1" changeset="7162394" timestamp="2011-02-02T08:30:53Z" user="vibrog" uid="11992" lat="59.9205714" lon="10.8631101"/>
 <node id="1132116323" visible="true" version="2" changeset="64447751" timestamp="2018-11-13T15:53:25Z" user="Tractor" uid="395141" lat="59.9197773" lon="10.8630948"/>
 <node id="1132116334" visible="true" version="2" changeset="16075882" timestamp="2013-05-11T07:53:27Z" user="vibrog" uid="11992" lat="59.9198005" lon="10.8637453"/>
 <node id="1132116337" visible="true" version="2" changeset="16075882" timestamp="2013-05-11T07:53:27Z" user="vibrog" uid="11992" lat="59.9207291" lon="10.8627541"/>
 <node id="1132116343" visible="true" version="2" changeset="16075882" timestamp="2013-05-11T07:53:27Z" user="vibrog" uid="11992" lat="59.9205344" lon="10.8625405"/>
 <node id="1132116348" visible="true" version="2" changeset="16075882" timestamp="2013-05-11T07:53:27Z" user="vibrog" uid="11992" lat="59.9192206" lon="10.8630881"/>
 <node id="1132116353" visible="true" version="2" changeset="16075882" timestamp="2013-05-11T07:53:27Z" user="vibrog" uid="11992" lat="59.9192241" lon="10.8644319"/>
 <node id="1132116354" visible="true" version="1" changeset="7162394" timestamp="2011-02-02T08:30:55Z" user="vibrog" uid="11992" lat="59.9218614" lon="10.8714316"/>
 <node id="1132116358" visible="true" version="2" changeset="16075882" timestamp="2013-05-11T07:53:27Z" user="vibrog" uid="11992" lat="59.9195298" lon="10.8627027"/>
 <node id="1132617455" visible="true" version="1" changeset="7167496" timestamp="2011-02-02T19:03:44Z" user="vibrog" uid="11992" lat="59.9051186" lon="10.8734683"/>
 <node id="1132617602" visible="true" version="2" changeset="14631816" timestamp="2013-01-13T10:00:45Z" user="vibrog" uid="11992" lat="59.9050045" lon="10.8734761"/>
 <node id="1135212465" visible="true" version="1" changeset="7180414" timestamp="2011-02-04T07:09:21Z" user="vibrog" uid="11992" lat="59.9039504" lon="10.8743974"/>
 <node id="1135212482" visible="true" version="2" changeset="150701096" timestamp="2024-04-30T10:49:02Z" user="harahu" uid="10233897" lat="59.9038262" lon="10.8746292"/>
 <node id="1135212498" visible="true" version="2" changeset="150701096" timestamp="2024-04-30T10:49:02Z" user="harahu" uid="10233897" lat="59.9038805" lon="10.8744517"/>
 <node id="1138013310" visible="true" version="2" changeset="10734034" timestamp="2012-02-19T19:37:20Z" user="ArneH" uid="256393" lat="59.8943130" lon="10.8569338"/>
 <node id="1138013333" visible="true" version="2" changeset="10734034" timestamp="2012-02-19T19:37:23Z" user="ArneH" uid="256393" lat="59.8938809" lon="10.8569776"/>
 <node id="1138013348" visible="true" version="3" changeset="29741036" timestamp="2015-03-25T22:44:51Z" user="haakonst" uid="118690" lat="59.8953075" lon="10.8564820"/>
 <node id="1138013370" visible="true" version="3" changeset="29741036" timestamp="2015-03-25T22:44:51Z" user="haakonst" uid="118690" lat="59.8946137" lon="10.8568183"/>
 <node id="1211302631" visible="true" version="2" changeset="8167333" timestamp="2011-05-16T22:35:04Z" user="vibrog" uid="11992" lat="59.9052358" lon="10.8722091"/>
 <node id="1211302646" visible="true" version="2" changeset="8168311" timestamp="2011-05-17T05:25:57Z" user="vibrog" uid="11992" lat="59.9053618" lon="10.8720735"/>
 <node id="1281757898" visible="true" version="5" changeset="136854703" timestamp="2023-06-02T06:47:04Z" user="harahu" uid="10233897" lat="59.9028139" lon="10.8743161"/>
 <node id="1281757903" visible="true" version="5" changeset="150701096" timestamp="2024-04-30T10:49:02Z" user="harahu" uid="10233897" lat="59.9021275" lon="10.8746342"/>
 <node id="1281757904" visible="true" version="5" changeset="136854703" timestamp="2023-06-02T06:47:04Z" user="harahu" uid="10233897" lat="59.9022526" lon="10.8744845"/>
 <node id="1281757906" visible="true" version="3" changeset="10020822" timestamp="2011-12-02T23:00:08Z" user="vibrog" uid="11992" lat="59.9019768" lon="10.8746228"/>
 <node id="1283128044" visible="true" version="1" changeset="8134043" timestamp="2011-05-13T18:37:22Z" user="vibrog" uid="11992" lat="59.9262543" lon="10.8824587"/>
 <node id="1283128055" visible="true" version="1" changeset="8134043" timestamp="2011-05-13T18:37:23Z" user="vibrog" uid="11992" lat="59.9203537" lon="10.8781939"/>
 <node id="1283128058" visible="true" version="2" changeset="56259820" timestamp="2018-02-11T10:35:37Z" user="Tractor" uid="395141" lat="59.9198616" lon="10.8833254"/>
 <node id="1283128061" visible="true" version="2" changeset="56259820" timestamp="2018-02-11T10:35:37Z" user="Tractor" uid="395141" lat="59.9211999" lon="10.8823911"/>
 <node id="1283128062" visible="true" version="2" changeset="128959356" timestamp="2022-11-15T21:00:43Z" user="ccamfwfwtn" uid="1883123" lat="59.9200238" lon="10.8776433"/>
 <node id="1283128076" visible="true" version="1" changeset="8134043" timestamp="2011-05-13T18:37:23Z" user="vibrog" uid="11992" lat="59.9243065" lon="10.8815719"/>
 <node id="1283128077" visible="true" version="2" changeset="56259820" timestamp="2018-02-11T10:35:37Z" user="Tractor" uid="395141" lat="59.9196486" lon="10.8795956"/>
 <node id="1283128082" visible="true" version="1" changeset="8134043" timestamp="2011-05-13T18:37:23Z" user="vibrog" uid="11992" lat="59.9259163" lon="10.8823503"/>
 <node id="1283128085" visible="true" version="2" changeset="56259820" timestamp="2018-02-11T10:35:37Z" user="Tractor" uid="395141" lat="59.9195632" lon="10.8796919"/>
 <node id="1283128102" visible="true" version="2" changeset="56259820" timestamp="2018-02-11T10:35:37Z" user="Tractor" uid="395141" lat="59.9199086" lon="10.8829305"/>
 <node id="1283128105" visible="true" version="1" changeset="8134043" timestamp="2011-05-13T18:37:24Z" user="vibrog" uid="11992" lat="59.9229614" lon="10.8823408"/>
 <node id="1283128123" visible="true" version="2" changeset="56259820" timestamp="2018-02-11T10:35:37Z" user="Tractor" uid="395141" lat="59.9186599" lon="10.8810194"/>
 <node id="1283128125" visible="true" version="1" changeset="8134043" timestamp="2011-05-13T18:37:24Z" user="vibrog" uid="11992" lat="59.9201931" lon="10.8824493"/>
 <node id="1283128126" visible="true" version="4" changeset="88770153" timestamp="2020-07-31T08:19:55Z" user="Tractor" uid="395141" lat="59.9203338" lon="10.8786558"/>
 <node id="1283128131" visible="true" version="2" changeset="56259820" timestamp="2018-02-11T10:35:37Z" user="Tractor" uid="395141" lat="59.9198529" lon="10.8831434"/>
 <node id="1283128134" visible="true" version="2" changeset="56259820" timestamp="2018-02-11T10:35:37Z" user="Tractor" uid="395141" lat="59.9202953" lon="10.8824315"/>
 <node id="1283128136" visible="true" version="1" changeset="8134043" timestamp="2011-05-13T18:37:25Z" user="vibrog" uid="11992" lat="59.9199715" lon="10.8758538"/>
 <node id="1283128141" visible="true" version="2" changeset="52994135" timestamp="2017-10-16T20:04:20Z" user="km2bp" uid="3610826" lat="59.9251869" lon="10.8817710"/>
 <node id="1283128142" visible="true" version="1" changeset="8134043" timestamp="2011-05-13T18:37:25Z" user="vibrog" uid="11992" lat="59.9197436" lon="10.8791082"/>
 <node id="1283128143" visible="true" version="1" changeset="8134043" timestamp="2011-05-13T18:37:25Z" user="vibrog" uid="11992" lat="59.9201736" lon="10.8757093"/>
 <node id="1283128146" visible="true" version="2" changeset="56259820" timestamp="2018-02-11T10:35:37Z" user="Tractor" uid="395141" lat="59.9191273" lon="10.8804779"/>
 <node id="1283128150" visible="true" version="2" changeset="37619143" timestamp="2016-03-04T23:44:00Z" user="Tractor" uid="395141" lat="59.9201031" lon="10.8771724"/>
 <node id="1283128156" visible="true" version="2" changeset="128959356" timestamp="2022-11-15T21:00:43Z" user="ccamfwfwtn" uid="1883123" lat="59.9193372" lon="10.8770024"/>
 <node id="1283128162" visible="true" version="1" changeset="8134043" timestamp="2011-05-13T18:37:26Z" user="vibrog" uid="11992" lat="59.9182520" lon="10.8813427"/>
 <node id="1283128164" visible="true" version="2" changeset="128959356" timestamp="2022-11-15T21:00:43Z" user="ccamfwfwtn" uid="1883123" lat="59.9200863" lon="10.8784416"/>
 <node id="1283128171" visible="true" version="2" changeset="56259820" timestamp="2018-02-11T10:35:37Z" user="Tractor" uid="395141" lat="59.9208782" lon="10.8823457"/>
 <node id="1283128173" visible="true" version="1" changeset="8134043" timestamp="2011-05-13T18:37:26Z" user="vibrog" uid="11992" lat="59.9199145" lon="10.8788426"/>
 <node id="1283128175" visible="true" version="1" changeset="8134043" timestamp="2011-05-13T18:37:26Z" user="vibrog" uid="11992" lat="59.9200390" lon="10.8757123"/>
 <node id="1283128177" visible="true" version="2" changeset="56259820" timestamp="2018-02-11T10:35:37Z" user="Tractor" uid="395141" lat="59.9196780" lon="10.8795242"/>
 <node id="1283128180" visible="true" version="1" changeset="8134043" timestamp="2011-05-13T18:37:26Z" user="vibrog" uid="11992" lat="59.9250890" lon="10.8817229"/>
 <node id="1283128183" visible="true" version="2" changeset="56259820" timestamp="2018-02-11T10:35:37Z" user="Tractor" uid="395141" lat="59.9185542" lon="10.8812217"/>
 <node id="1283128185" visible="true" version="3" changeset="64499373" timestamp="2018-11-14T19:39:04Z" user="Tractor" uid="395141" lat="59.9200879" lon="10.8789745"/>
 <node id="1283128193" visible="true" version="1" changeset="8134043" timestamp="2011-05-13T18:37:26Z" user="vibrog" uid="11992" lat="59.9206966" lon="10.8822889"/>
 <node id="1283128198" visible="true" version="1" changeset="8134043" timestamp="2011-05-13T18:37:27Z" user="vibrog" uid="11992" lat="59.9219638" lon="10.8824116"/>
 <node id="1283128199" visible="true" version="2" changeset="56259820" timestamp="2018-02-11T10:35:38Z" user="Tractor" uid="395141" lat="59.9197040" lon="10.8793501"/>
 <node id="1283128200" visible="true" version="1" changeset="8134043" timestamp="2011-05-13T18:37:27Z" user="vibrog" uid="11992" lat="59.9203144" lon="10.8755916"/>
 <node id="1286901074" visible="true" version="1" changeset="8156780" timestamp="2011-05-15T20:40:21Z" user="vibrog" uid="11992" lat="59.9045318" lon="10.8737989"/>
 <node id="1288310962" visible="true" version="3" changeset="136854703" timestamp="2023-06-02T06:47:04Z" user="harahu" uid="10233897" lat="59.9032683" lon="10.8740717"/>
 <node id="1288310965" visible="true" version="3" changeset="150701096" timestamp="2024-04-30T10:49:02Z" user="harahu" uid="10233897" lat="59.9041621" lon="10.8726632"/>
 <node id="1288310968" visible="true" version="4" changeset="110349163" timestamp="2021-08-27T15:54:01Z" user="harahu" uid="10233897" lat="59.9012006" lon="10.8745452"/>
 <node id="1288310969" visible="true" version="3" changeset="150701096" timestamp="2024-04-30T10:49:02Z" user="harahu" uid="10233897" lat="59.9042574" lon="10.8727631"/>
 <node id="1288310973" visible="true" version="4" changeset="110349163" timestamp="2021-08-27T15:54:01Z" user="harahu" uid="10233897" lat="59.9003147" lon="10.8739048"/>
 <node id="1288310974" visible="true" version="2" changeset="26518450" timestamp="2014-11-03T05:09:13Z" user="vibrog" uid="11992" lat="59.9051891" lon="10.8724187"/>
 <node id="1288310977" visible="true" version="2" changeset="26518450" timestamp="2014-11-03T05:09:13Z" user="vibrog" uid="11992" lat="59.9043300" lon="10.8727562"/>
 <node id="1288310983" visible="true" version="3" changeset="136854703" timestamp="2023-06-02T06:47:04Z" user="harahu" uid="10233897" lat="59.9030081" lon="10.8741519"/>
 <node id="1288310986" visible="true" version="3" changeset="110349163" timestamp="2021-08-27T15:54:01Z" user="harahu" uid="10233897" lat="59.9007195" lon="10.8743340"/>
 <node id="1288310987" visible="true" version="3" changeset="150701096" timestamp="2024-04-30T10:49:02Z" user="harahu" uid="10233897" lat="59.9044019" lon="10.8726731"/>
 <node id="1288310989" visible="true" version="1" changeset="8167333" timestamp="2011-05-16T22:35:02Z" user="vibrog" uid="11992" lat="59.9050879" lon="10.8724294"/>
 <node id="1288310994" visible="true" version="3" changeset="110349163" timestamp="2021-08-27T15:54:01Z" user="harahu" uid="10233897" lat="59.9015249" lon="10.8746039"/>
 <node id="1288310999" visible="true" version="2" changeset="110349163" timestamp="2021-08-27T15:54:01Z" user="harahu" uid="10233897" lat="59.9004936" lon="10.8743669"/>
 <node id="1288311003" visible="true" version="2" changeset="26518450" timestamp="2014-11-03T05:09:13Z" user="vibrog" uid="11992" lat="59.9049715" lon="10.8724059"/>
 <node id="1288646636" visible="true" version="2" changeset="26518450" timestamp="2014-11-03T05:09:13Z" user="vibrog" uid="11992" lat="59.9052202" lon="10.8723367"/>
 <node id="1288646638" visible="true" version="2" changeset="150701096" timestamp="2024-04-30T10:49:02Z" user="harahu" uid="10233897" lat="59.9026051" lon="10.8753297"/>
 <node id="1288646647" visible="true" version="2" changeset="26518450" timestamp="2014-11-03T05:09:13Z" user="vibrog" uid="11992" lat="59.9047040" lon="10.8724802"/>
 <node id="1288646648" visible="true" version="2" changeset="150701096" timestamp="2024-04-30T10:49:02Z" user="harahu" uid="10233897" lat="59.9027713" lon="10.8752813"/>
 <node id="1528889408" visible="true" version="2" changeset="110349163" timestamp="2021-08-27T15:54:01Z" user="harahu" uid="10233897" lat="59.9017573" lon="10.8746110"/>
 <node id="1528889420" visible="true" version="3" changeset="150701096" timestamp="2024-04-30T10:49:02Z" user="harahu" uid="10233897" lat="59.9024805" lon="10.8744670"/>
 <node id="1639640425" visible="true" version="1" changeset="10734034" timestamp="2012-02-19T19:37:16Z" user="ArneH" uid="256393" lat="59.8944581" lon="10.8569675"/>
 <node id="1639640428" visible="true" version="1" changeset="10734034" timestamp="2012-02-19T19:37:16Z" user="ArneH" uid="256393" lat="59.8939741" lon="10.8569218"/>
 <node id="1639640434" visible="true" version="1" changeset="10734034" timestamp="2012-02-19T19:37:16Z" user="ArneH" uid="256393" lat="59.8944772" lon="10.8569054"/>
 <node id="1639640440" visible="true" version="1" changeset="10734034" timestamp="2012-02-19T19:37:16Z" user="ArneH" uid="256393" lat="59.8939088" lon="10.8569502"/>
 <node id="1639640455" visible="true" version="1" changeset="10734034" timestamp="2012-02-19T19:37:17Z" user="ArneH" uid="256393" lat="59.8941145" lon="10.8570152"/>
 <node id="1639640457" visible="true" version="1" changeset="10734034" timestamp="2012-02-19T19:37:17Z" user="ArneH" uid="256393" lat="59.8943241" lon="10.8570182"/>
 <node id="1639640466" visible="true" version="1" changeset="10734034" timestamp="2012-02-19T19:37:17Z" user="ArneH" uid="256393" lat="59.8942643" lon="10.8569251"/>
 <node id="1639668640" visible="true" version="1" changeset="10734214" timestamp="2012-02-19T19:56:38Z" user="ArneH" uid="256393" lat="59.9203809" lon="10.8680614"/>
 <node id="1639668650" visible="true" version="1" changeset="10734214" timestamp="2012-02-19T19:56:38Z" user="ArneH" uid="256393" lat="59.9203867" lon="10.8681558"/>
 <node id="1717988037" visible="true" version="1" changeset="11311696" timestamp="2012-04-15T15:27:52Z" user="vibrog" uid="11992" lat="59.8935694" lon="10.8577866"/>
 <node id="1737831656" visible="true" version="2" changeset="67264257" timestamp="2019-02-16T21:50:17Z" user="mariusscheide" uid="9358617" lat="59.9000468" lon="10.8524164"/>
 <node id="1893946162" visible="true" version="1" changeset="12947942" timestamp="2012-09-01T22:40:25Z" user="haakonst" uid="118690" lat="59.9117754" lon="10.8718685"/>
 <node id="1893946180" visible="true" version="2" changeset="110375149" timestamp="2021-08-28T10:43:34Z" user="harahu" uid="10233897" lat="59.9154574" lon="10.8724398"/>
 <node id="1893946182" visible="true" version="2" changeset="110375149" timestamp="2021-08-28T10:43:34Z" user="harahu" uid="10233897" lat="59.9154545" lon="10.8726987"/>
 <node id="1893946183" visible="true" version="2" changeset="110375149" timestamp="2021-08-28T10:43:34Z" user="harahu" uid="10233897" lat="59.9153349" lon="10.8721422"/>
 <node id="1893946184" visible="true" version="2" changeset="110375149" timestamp="2021-08-28T10:43:34Z" user="harahu" uid="10233897" lat="59.9152626" lon="10.8718616"/>
 <node id="1893946187" visible="true" version="2" changeset="110375149" timestamp="2021-08-28T10:43:34Z" user="harahu" uid="10233897" lat="59.9153470" lon="10.8728712"/>
 <node id="1893946188" visible="true" version="1" changeset="12947942" timestamp="2012-09-01T22:40:26Z" user="haakonst" uid="118690" lat="59.9154617" lon="10.8729381"/>
 <node id="1893946189" visible="true" version="2" changeset="110375149" timestamp="2021-08-28T10:43:34Z" user="harahu" uid="10233897" lat="59.9155368" lon="10.8730348"/>
 <node id="1893946192" visible="true" version="2" changeset="110375149" timestamp="2021-08-28T10:43:34Z" user="harahu" uid="10233897" lat="59.9159572" lon="10.8729760"/>
 <node id="1893946193" visible="true" version="2" changeset="110375149" timestamp="2021-08-28T10:43:34Z" user="harahu" uid="10233897" lat="59.9160139" lon="10.8730706"/>
 <node id="1893946194" visible="true" version="1" changeset="12947942" timestamp="2012-09-01T22:40:26Z" user="haakonst" uid="118690" lat="59.9160403" lon="10.8733245"/>
 <node id="1893946195" visible="true" version="1" changeset="12947942" timestamp="2012-09-01T22:40:26Z" user="haakonst" uid="118690" lat="59.9160557" lon="10.8734448"/>
 <node id="1893946197" visible="true" version="1" changeset="12947942" timestamp="2012-09-01T22:40:26Z" user="haakonst" uid="118690" lat="59.9161827" lon="10.8738005"/>
 <node id="1893946198" visible="true" version="1" changeset="12947942" timestamp="2012-09-01T22:40:26Z" user="haakonst" uid="118690" lat="59.9162930" lon="10.8738466"/>
 <node id="1893946200" visible="true" version="1" changeset="12947942" timestamp="2012-09-01T22:40:27Z" user="haakonst" uid="118690" lat="59.9164148" lon="10.8740513"/>
 <node id="1893946201" visible="true" version="2" changeset="15987054" timestamp="2013-05-05T17:10:49Z" user="vibrog" uid="11992" lat="59.9164776" lon="10.8740768"/>
 <node id="1893946202" visible="true" version="2" changeset="15987054" timestamp="2013-05-05T17:10:49Z" user="vibrog" uid="11992" lat="59.9165675" lon="10.8740282"/>
 <node id="1893946203" visible="true" version="1" changeset="12947942" timestamp="2012-09-01T22:40:27Z" user="haakonst" uid="118690" lat="59.9166470" lon="10.8741179"/>
 <node id="1893946205" visible="true" version="3" changeset="110349973" timestamp="2021-08-27T16:13:08Z" user="harahu" uid="10233897" lat="59.9168170" lon="10.8744846"/>
 <node id="1893946212" visible="true" version="1" changeset="12947942" timestamp="2012-09-01T22:40:27Z" user="haakonst" uid="118690" lat="59.9175934" lon="10.8742624"/>
 <node id="1893946214" visible="true" version="1" changeset="12947942" timestamp="2012-09-01T22:40:27Z" user="haakonst" uid="118690" lat="59.9176518" lon="10.8740897"/>
 <node id="1893946218" visible="true" version="2" changeset="15987054" timestamp="2013-05-05T17:10:50Z" user="vibrog" uid="11992" lat="59.9179883" lon="10.8738231"/>
 <node id="1893946251" visible="true" version="3" changeset="110349654" timestamp="2021-08-27T16:06:13Z" user="harahu" uid="10233897" lat="59.9187405" lon="10.8736779"/>
 <node id="1893946254" visible="true" version="2" changeset="110349654" timestamp="2021-08-27T16:06:13Z" user="harahu" uid="10233897" lat="59.9187854" lon="10.8737439"/>
 <node id="1893946255" visible="true" version="2" changeset="110349654" timestamp="2021-08-27T16:06:13Z" user="harahu" uid="10233897" lat="59.9188793" lon="10.8738603"/>
 <node id="1893946256" visible="true" version="2" changeset="110349654" timestamp="2021-08-27T16:06:13Z" user="harahu" uid="10233897" lat="59.9189680" lon="10.8740785"/>
 <node id="1893946257" visible="true" version="2" changeset="110349654" timestamp="2021-08-27T16:06:13Z" user="harahu" uid="10233897" lat="59.9192157" lon="10.8741140"/>
 <node id="1893946258" visible="true" version="2" changeset="110349654" timestamp="2021-08-27T16:06:13Z" user="harahu" uid="10233897" lat="59.9193453" lon="10.8740821"/>
 <node id="1893946259" visible="true" version="2" changeset="110349654" timestamp="2021-08-27T16:06:13Z" user="harahu" uid="10233897" lat="59.9196830" lon="10.8738394"/>
 <node id="1893946261" visible="true" version="2" changeset="110349654" timestamp="2021-08-27T16:06:13Z" user="harahu" uid="10233897" lat="59.9201087" lon="10.8733899"/>
 <node id="1893946262" visible="true" version="1" changeset="12947942" timestamp="2012-09-01T22:40:29Z" user="haakonst" uid="118690" lat="59.9202074" lon="10.8718320"/>
 <node id="1893946264" visible="true" version="2" changeset="110349654" timestamp="2021-08-27T16:06:13Z" user="harahu" uid="10233897" lat="59.9202116" lon="10.8733555"/>
 <node id="1893946265" visible="true" version="2" changeset="110349654" timestamp="2021-08-27T16:06:13Z" user="harahu" uid="10233897" lat="59.9199651" lon="10.8735000"/>
 <node id="1893946267" visible="true" version="2" changeset="110349654" timestamp="2021-08-27T16:06:13Z" user="harahu" uid="10233897" lat="59.9203607" lon="10.8732738"/>
 <node id="1893946269" visible="true" version="2" changeset="110349654" timestamp="2021-08-27T16:06:13Z" user="harahu" uid="10233897" lat="59.9205417" lon="10.8732209"/>
 <node id="1893946270" visible="true" version="2" changeset="110349654" timestamp="2021-08-27T16:06:13Z" user="harahu" uid="10233897" lat="59.9207459" lon="10.8732542"/>
 <node id="1893946273" visible="true" version="1" changeset="12947942" timestamp="2012-09-01T22:40:29Z" user="haakonst" uid="118690" lat="59.9211016" lon="10.8733203"/>
 <node id="1893946275" visible="true" version="1" changeset="12947942" timestamp="2012-09-01T22:40:29Z" user="haakonst" uid="118690" lat="59.9212231" lon="10.8733457"/>
 <node id="1893946276" visible="true" version="1" changeset="12947942" timestamp="2012-09-01T22:40:29Z" user="haakonst" uid="118690" lat="59.9214185" lon="10.8729891"/>
 <node id="1893946277" visible="true" version="1" changeset="12947942" timestamp="2012-09-01T22:40:29Z" user="haakonst" uid="118690" lat="59.9215275" lon="10.8728919"/>
 <node id="1893946278" visible="true" version="1" changeset="12947942" timestamp="2012-09-01T22:40:30Z" user="haakonst" uid="118690" lat="59.9216725" lon="10.8728637"/>
 <node id="1893946279" visible="true" version="1" changeset="12947942" timestamp="2012-09-01T22:40:30Z" user="haakonst" uid="118690" lat="59.9218559" lon="10.8726897"/>
 <node id="1893946280" visible="true" version="1" changeset="12947942" timestamp="2012-09-01T22:40:30Z" user="haakonst" uid="118690" lat="59.9219379" lon="10.8726743"/>
 <node id="1893946281" visible="true" version="1" changeset="12947942" timestamp="2012-09-01T22:40:30Z" user="haakonst" uid="118690" lat="59.9220598" lon="10.8727178"/>
 <node id="1893946282" visible="true" version="1" changeset="12947942" timestamp="2012-09-01T22:40:30Z" user="haakonst" uid="118690" lat="59.9222477" lon="10.8727056"/>
 <node id="1893946283" visible="true" version="1" changeset="12947942" timestamp="2012-09-01T22:40:30Z" user="haakonst" uid="118690" lat="59.9224813" lon="10.8725118"/>
 <node id="1893946285" visible="true" version="1" changeset="12947942" timestamp="2012-09-01T22:40:30Z" user="haakonst" uid="118690" lat="59.9226505" lon="10.8723518"/>
 <node id="1893946290" visible="true" version="1" changeset="12947942" timestamp="2012-09-01T22:40:30Z" user="haakonst" uid="118690" lat="59.9227279" lon="10.8723248"/>
 <node id="1895323475" visible="true" version="2" changeset="110318584" timestamp="2021-08-27T05:55:09Z" user="harahu" uid="10233897" lat="59.9108972" lon="10.8828286"/>
 <node id="1900466289" visible="true" version="2" changeset="136845779" timestamp="2023-06-01T20:23:32Z" user="harahu" uid="10233897" lat="59.9173323" lon="10.8718571"/>
 <node id="1900466298" visible="true" version="2" changeset="136845779" timestamp="2023-06-01T20:23:32Z" user="harahu" uid="10233897" lat="59.9173891" lon="10.8720439"/>
 <node id="1900466300" visible="true" version="2" changeset="136845779" timestamp="2023-06-01T20:23:32Z" user="harahu" uid="10233897" lat="59.9175438" lon="10.8724625"/>
 <node id="1900466302" visible="true" version="1" changeset="12996355" timestamp="2012-09-05T13:45:26Z" user="jejacobsen" uid="662455" lat="59.9175270" lon="10.8738942"/>
 <node id="1900466304" visible="true" version="2" changeset="136845779" timestamp="2023-06-01T20:23:32Z" user="harahu" uid="10233897" lat="59.9175772" lon="10.8727766"/>
 <node id="1900466306" visible="true" version="1" changeset="12996355" timestamp="2012-09-05T13:45:26Z" user="jejacobsen" uid="662455" lat="59.9175486" lon="10.8741439"/>
 <node id="1900466308" visible="true" version="2" changeset="136845779" timestamp="2023-06-01T20:23:32Z" user="harahu" uid="10233897" lat="59.9176334" lon="10.8730678"/>
 <node id="1900466311" visible="true" version="3" changeset="136845779" timestamp="2023-06-01T20:23:32Z" user="harahu" uid="10233897" lat="59.9176417" lon="10.8733686"/>
 <node id="2108570977" visible="true" version="3" changeset="136854703" timestamp="2023-06-02T06:47:04Z" user="harahu" uid="10233897" lat="59.9034764" lon="10.8738584"/>
 <node id="2108570978" visible="true" version="4" changeset="136854703" timestamp="2023-06-02T06:47:04Z" user="harahu" uid="10233897" lat="59.9036007" lon="10.8737968"/>
 <node id="2245249680" visible="true" version="2" changeset="56263268" timestamp="2018-02-11T13:15:51Z" user="Tractor" uid="395141" lat="59.9170091" lon="10.8813390"/>
 <node id="2245249683" visible="true" version="2" changeset="56259820" timestamp="2018-02-11T10:35:38Z" user="Tractor" uid="395141" lat="59.9186481" lon="10.8821892"/>
 <node id="2278513186" visible="true" version="1" changeset="15838802" timestamp="2013-04-23T16:29:11Z" user="vibrog" uid="11992" lat="59.9069666" lon="10.8726689"/>
 <node id="2278513203" visible="true" version="1" changeset="15838802" timestamp="2013-04-23T16:29:11Z" user="vibrog" uid="11992" lat="59.9083779" lon="10.8725476"/>
 <node id="2278513207" visible="true" version="2" changeset="139534883" timestamp="2023-08-06T22:44:55Z" user="olejorgenb" uid="154646" lat="59.9094191" lon="10.8738056"/>
 <node id="2278513209" visible="true" version="1" changeset="15838802" timestamp="2013-04-23T16:29:11Z" user="vibrog" uid="11992" lat="59.9095413" lon="10.8734964"/>
 <node id="2278513211" visible="true" version="1" changeset="15838802" timestamp="2013-04-23T16:29:11Z" user="vibrog" uid="11992" lat="59.9095882" lon="10.8734964"/>
 <node id="2278513213" visible="true" version="1" changeset="15838802" timestamp="2013-04-23T16:29:11Z" user="vibrog" uid="11992" lat="59.9096212" lon="10.8734827"/>
 <node id="2278513215" visible="true" version="1" changeset="15838802" timestamp="2013-04-23T16:29:11Z" user="vibrog" uid="11992" lat="59.9096515" lon="10.8734332"/>
 <node id="2278513217" visible="true" version="1" changeset="15838802" timestamp="2013-04-23T16:29:11Z" user="vibrog" uid="11992" lat="59.9097135" lon="10.8733123"/>
 <node id="2278513219" visible="true" version="1" changeset="15838802" timestamp="2013-04-23T16:29:11Z" user="vibrog" uid="11992" lat="59.9098045" lon="10.8732436"/>
 <node id="2278513223" visible="true" version="1" changeset="15838802" timestamp="2013-04-23T16:29:11Z" user="vibrog" uid="11992" lat="59.9099078" lon="10.8732519"/>
 <node id="2278513227" visible="true" version="1" changeset="15838802" timestamp="2013-04-23T16:29:11Z" user="vibrog" uid="11992" lat="59.9100401" lon="10.8731639"/>
 <node id="2278513230" visible="true" version="1" changeset="15838802" timestamp="2013-04-23T16:29:11Z" user="vibrog" uid="11992" lat="59.9101338" lon="10.8731914"/>
 <node id="2278513233" visible="true" version="1" changeset="15838802" timestamp="2013-04-23T16:29:11Z" user="vibrog" uid="11992" lat="59.9101374" lon="10.8719553"/>
 <node id="2278513238" visible="true" version="1" changeset="15838802" timestamp="2013-04-23T16:29:11Z" user="vibrog" uid="11992" lat="59.9103294" lon="10.8729661"/>
 <node id="2278513244" visible="true" version="1" changeset="15838802" timestamp="2013-04-23T16:29:11Z" user="vibrog" uid="11992" lat="59.9103854" lon="10.8720790"/>
 <node id="2278513246" visible="true" version="1" changeset="15838802" timestamp="2013-04-23T16:29:11Z" user="vibrog" uid="11992" lat="59.9103983" lon="10.8727847"/>
 <node id="2278513249" visible="true" version="1" changeset="15838802" timestamp="2013-04-23T16:29:11Z" user="vibrog" uid="11992" lat="59.9106352" lon="10.8724989"/>
 <node id="2292681612" visible="true" version="1" changeset="15987054" timestamp="2013-05-05T17:10:42Z" user="vibrog" uid="11992" lat="59.9142831" lon="10.8725355"/>
 <node id="2292681639" visible="true" version="1" changeset="15987054" timestamp="2013-05-05T17:10:42Z" user="vibrog" uid="11992" lat="59.9167137" lon="10.8738662"/>
 <node id="2292681640" visible="true" version="1" changeset="15987054" timestamp="2013-05-05T17:10:42Z" user="vibrog" uid="11992" lat="59.9168114" lon="10.8737020"/>
 <node id="2292681642" visible="true" version="2" changeset="26977203" timestamp="2014-11-23T16:44:51Z" user="vibrog" uid="11992" lat="59.9169802" lon="10.8733633"/>
 <node id="2292681643" visible="true" version="2" changeset="26977203" timestamp="2014-11-23T16:44:51Z" user="vibrog" uid="11992" lat="59.9171311" lon="10.8733990"/>
 <node id="2292681649" visible="true" version="1" changeset="15987054" timestamp="2013-05-05T17:10:42Z" user="vibrog" uid="11992" lat="59.9174387" lon="10.8733122"/>
 <node id="2292681671" visible="true" version="3" changeset="110349654" timestamp="2021-08-27T16:06:13Z" user="harahu" uid="10233897" lat="59.9189770" lon="10.8734867"/>
 <node id="2292681673" visible="true" version="1" changeset="15987054" timestamp="2013-05-05T17:10:43Z" user="vibrog" uid="11992" lat="59.9191846" lon="10.8732382"/>
 <node id="2292681675" visible="true" version="1" changeset="15987054" timestamp="2013-05-05T17:10:43Z" user="vibrog" uid="11992" lat="59.9196837" lon="10.8624824"/>
 <node id="2292681688" visible="true" version="1" changeset="15987054" timestamp="2013-05-05T17:10:43Z" user="vibrog" uid="11992" lat="59.9201636" lon="10.8631715"/>
 <node id="2292935972" visible="true" version="1" changeset="15989071" timestamp="2013-05-05T19:46:08Z" user="vibrog" uid="11992" lat="59.9133595" lon="10.8739048"/>
 <node id="2292935974" visible="true" version="2" changeset="26977203" timestamp="2014-11-23T16:44:51Z" user="vibrog" uid="11992" lat="59.9135623" lon="10.8726266"/>
 <node id="2292935979" visible="true" version="1" changeset="15989071" timestamp="2013-05-05T19:46:08Z" user="vibrog" uid="11992" lat="59.9182310" lon="10.8737639"/>
 <node id="2292935981" visible="true" version="1" changeset="15989071" timestamp="2013-05-05T19:46:08Z" user="vibrog" uid="11992" lat="59.9183368" lon="10.8737639"/>
 <node id="2292935989" visible="true" version="2" changeset="110349654" timestamp="2021-08-27T16:06:13Z" user="harahu" uid="10233897" lat="59.9188519" lon="10.8735784"/>
 <node id="2292936045" visible="true" version="2" changeset="52994135" timestamp="2017-10-16T20:04:20Z" user="km2bp" uid="3610826" lat="59.9200969" lon="10.8801073"/>
 <node id="2292936081" visible="true" version="2" changeset="52994135" timestamp="2017-10-16T20:04:20Z" user="km2bp" uid="3610826" lat="59.9236110" lon="10.8815052"/>
 <node id="2299241539" visible="true" version="1" changeset="16075882" timestamp="2013-05-11T07:53:20Z" user="vibrog" uid="11992" lat="59.9208343" lon="10.8621580"/>
 <node id="2299241540" visible="true" version="1" changeset="16075882" timestamp="2013-05-11T07:53:20Z" user="vibrog" uid="11992" lat="59.9208809" lon="10.8618675"/>
 <node id="2308394832" visible="true" version="1" changeset="16169356" timestamp="2013-05-17T16:03:45Z" user="vibrog" uid="11992" lat="59.9178011" lon="10.8621941"/>
 <node id="2308394844" visible="true" version="1" changeset="16169356" timestamp="2013-05-17T16:03:45Z" user="vibrog" uid="11992" lat="59.9179129" lon="10.8623256"/>
 <node id="2308394868" visible="true" version="1" changeset="16169356" timestamp="2013-05-17T16:03:46Z" user="vibrog" uid="11992" lat="59.9180118" lon="10.8622998"/>
 <node id="2320123188" visible="true" version="2" changeset="83842999" timestamp="2020-04-20T21:29:15Z" user="Noen" uid="605010" lat="59.8899474" lon="10.8577980"/>
 <node id="2320123195" visible="true" version="1" changeset="16285375" timestamp="2013-05-25T21:49:46Z" user="vibrog" uid="11992" lat="59.8906776" lon="10.8575885"/>
 <node id="2479649913" visible="true" version="1" changeset="18136305" timestamp="2013-10-02T02:13:24Z" user="haakonst" uid="118690" lat="59.9032880" lon="10.8715920"/>
 <node id="2479649961" visible="true" version="1" changeset="18136305" timestamp="2013-10-02T02:13:25Z" user="haakonst" uid="118690" lat="59.9130361" lon="10.8736919"/>
 <node id="2479649965" visible="true" version="1" changeset="18136305" timestamp="2013-10-02T02:13:25Z" user="haakonst" uid="118690" lat="59.9131833" lon="10.8737414"/>
 <node id="2479649967" visible="true" version="1" changeset="18136305" timestamp="2013-10-02T02:13:25Z" user="haakonst" uid="118690" lat="59.9132992" lon="10.8737444"/>
 <node id="2479649976" visible="true" version="1" changeset="18136305" timestamp="2013-10-02T02:13:25Z" user="haakonst" uid="118690" lat="59.9133644" lon="10.8737888"/>
 <node id="2479649983" visible="true" version="1" changeset="18136305" timestamp="2013-10-02T02:13:25Z" user="haakonst" uid="118690" lat="59.9134003" lon="10.8738382"/>
 <node id="2479649985" visible="true" version="1" changeset="18136305" timestamp="2013-10-02T02:13:25Z" user="haakonst" uid="118690" lat="59.9134474" lon="10.8738897"/>
 <node id="2479649989" visible="true" version="1" changeset="18136305" timestamp="2013-10-02T02:13:25Z" user="haakonst" uid="118690" lat="59.9134626" lon="10.8739482"/>
 <node id="2479649993" visible="true" version="1" changeset="18136305" timestamp="2013-10-02T02:13:25Z" user="haakonst" uid="118690" lat="59.9135233" lon="10.8739977"/>
 <node id="2479649999" visible="true" version="2" changeset="110349973" timestamp="2021-08-27T16:13:08Z" user="harahu" uid="10233897" lat="59.9136406" lon="10.8740280"/>
 <node id="2479650000" visible="true" version="1" changeset="18136305" timestamp="2013-10-02T02:13:25Z" user="haakonst" uid="118690" lat="59.9136710" lon="10.8739802"/>
 <node id="2479650005" visible="true" version="1" changeset="18136305" timestamp="2013-10-02T02:13:25Z" user="haakonst" uid="118690" lat="59.9138506" lon="10.8740105"/>
 <node id="2479650014" visible="true" version="1" changeset="18136305" timestamp="2013-10-02T02:13:26Z" user="haakonst" uid="118690" lat="59.9175432" lon="10.8737713"/>
 <node id="2479650016" visible="true" version="1" changeset="18136305" timestamp="2013-10-02T02:13:26Z" user="haakonst" uid="118690" lat="59.9177428" lon="10.8740124"/>
 <node id="2479650018" visible="true" version="1" changeset="18136305" timestamp="2013-10-02T02:13:26Z" user="haakonst" uid="118690" lat="59.9178626" lon="10.8739578"/>
 <node id="2497831595" visible="true" version="1" changeset="18376019" timestamp="2013-10-15T20:28:41Z" user="vibrog" uid="11992" lat="59.9045898" lon="10.8795278"/>
 <node id="2497833816" visible="true" version="1" changeset="18376058" timestamp="2013-10-15T20:31:36Z" user="vibrog" uid="11992" lat="59.9133888" lon="10.8831608"/>
 <node id="2514182597" visible="true" version="2" changeset="110349163" timestamp="2021-08-27T15:54:01Z" user="harahu" uid="10233897" lat="59.9010367" lon="10.8744814"/>
 <node id="2682639655" visible="true" version="2" changeset="37679732" timestamp="2016-03-08T06:19:33Z" user="Tractor" uid="395141" lat="59.8953111" lon="10.8755435"/>
 <node id="2682639658" visible="true" version="2" changeset="37679732" timestamp="2016-03-08T06:19:33Z" user="Tractor" uid="395141" lat="59.8962340" lon="10.8757138"/>
 <node id="2682639660" visible="true" version="2" changeset="37679732" timestamp="2016-03-08T06:19:33Z" user="Tractor" uid="395141" lat="59.8973943" lon="10.8753356"/>
 <node id="2682639663" visible="true" version="2" changeset="37679732" timestamp="2016-03-08T06:19:33Z" user="Tractor" uid="395141" lat="59.9031044" lon="10.8766928"/>
 <node id="2935038787" visible="true" version="1" changeset="23206078" timestamp="2014-06-27T05:42:25Z" user="krosenvold" uid="2130745" lat="59.9060922" lon="10.8812952"/>
 <node id="2935038788" visible="true" version="1" changeset="23206078" timestamp="2014-06-27T05:42:25Z" user="krosenvold" uid="2130745" lat="59.9060827" lon="10.8815883"/>
 <node id="2935038789" visible="true" version="2" changeset="110318584" timestamp="2021-08-27T05:55:09Z" user="harahu" uid="10233897" lat="59.9059909" lon="10.8819194"/>
 <node id="2935038790" visible="true" version="2" changeset="110318584" timestamp="2021-08-27T05:55:09Z" user="harahu" uid="10233897" lat="59.9057723" lon="10.8821389"/>
 <node id="2935038791" visible="true" version="2" changeset="110318584" timestamp="2021-08-27T05:55:09Z" user="harahu" uid="10233897" lat="59.9054778" lon="10.8823334"/>
 <node id="2935038792" visible="true" version="2" changeset="69486683" timestamp="2019-04-23T12:22:19Z" user="espenta" uid="6841422" lat="59.9051574" lon="10.8824788"/>
 <node id="2935038793" visible="true" version="3" changeset="110318584" timestamp="2021-08-27T05:55:09Z" user="harahu" uid="10233897" lat="59.9048883" lon="10.8831394"/>
 <node id="2935038794" visible="true" version="2" changeset="69486683" timestamp="2019-04-23T12:22:19Z" user="espenta" uid="6841422" lat="59.9049234" lon="10.8837877"/>
 <node id="2935038795" visible="true" version="2" changeset="69486683" timestamp="2019-04-23T12:22:19Z" user="espenta" uid="6841422" lat="59.9051574" lon="10.8838574"/>
 <node id="2935038796" visible="true" version="2" changeset="69486683" timestamp="2019-04-23T12:22:19Z" user="espenta" uid="6841422" lat="59.9054371" lon="10.8839218"/>
 <node id="2935038797" visible="true" version="2" changeset="69486683" timestamp="2019-04-23T12:22:19Z" user="espenta" uid="6841422" lat="59.9057760" lon="10.8839004"/>
 <node id="2935038798" visible="true" version="1" changeset="23206078" timestamp="2014-06-27T05:42:25Z" user="krosenvold" uid="2130745" lat="59.9061257" lon="10.8841525"/>
 <node id="2935038799" visible="true" version="2" changeset="110318584" timestamp="2021-08-27T05:55:09Z" user="harahu" uid="10233897" lat="59.9062134" lon="10.8841281"/>
 <node id="2935038800" visible="true" version="2" changeset="110318584" timestamp="2021-08-27T05:55:09Z" user="harahu" uid="10233897" lat="59.9063304" lon="10.8843351"/>
 <node id="2935039601" visible="true" version="2" changeset="110318584" timestamp="2021-08-27T05:55:09Z" user="harahu" uid="10233897" lat="59.9063460" lon="10.8845955"/>
 <node id="2935039602" visible="true" version="2" changeset="110318584" timestamp="2021-08-27T05:55:09Z" user="harahu" uid="10233897" lat="59.9062617" lon="10.8848990"/>
 <node id="2935039603" visible="true" version="2" changeset="110318584" timestamp="2021-08-27T05:55:09Z" user="harahu" uid="10233897" lat="59.9060249" lon="10.8851590"/>
 <node id="2935039604" visible="true" version="2" changeset="110318584" timestamp="2021-08-27T05:55:09Z" user="harahu" uid="10233897" lat="59.9057963" lon="10.8854257"/>
 <node id="2935039605" visible="true" version="2" changeset="110318584" timestamp="2021-08-27T05:55:09Z" user="harahu" uid="10233897" lat="59.9057345" lon="10.8857510"/>
 <node id="2935039606" visible="true" version="3" changeset="110375149" timestamp="2021-08-28T10:43:34Z" user="harahu" uid="10233897" lat="59.9057249" lon="10.8861795"/>
 <node id="2935039607" visible="true" version="2" changeset="110318584" timestamp="2021-08-27T05:55:09Z" user="harahu" uid="10233897" lat="59.9057723" lon="10.8863930"/>
 <node id="2935039608" visible="true" version="2" changeset="110318584" timestamp="2021-08-27T05:55:09Z" user="harahu" uid="10233897" lat="59.9058483" lon="10.8866893"/>
 <node id="2935039609" visible="true" version="2" changeset="110318584" timestamp="2021-08-27T05:55:09Z" user="harahu" uid="10233897" lat="59.9060230" lon="10.8868917"/>
 <node id="2935039610" visible="true" version="2" changeset="110318584" timestamp="2021-08-27T05:55:09Z" user="harahu" uid="10233897" lat="59.9061302" lon="10.8871592"/>
 <node id="2935039611" visible="true" version="2" changeset="110318584" timestamp="2021-08-27T05:55:09Z" user="harahu" uid="10233897" lat="59.9061509" lon="10.8873440"/>
 <node id="2935039612" visible="true" version="2" changeset="110318584" timestamp="2021-08-27T05:55:09Z" user="harahu" uid="10233897" lat="59.9062019" lon="10.8875910"/>
 <node id="2935039613" visible="true" version="2" changeset="110318584" timestamp="2021-08-27T05:55:09Z" user="harahu" uid="10233897" lat="59.9063053" lon="10.8879617"/>
 <node id="2935039614" visible="true" version="2" changeset="110318584" timestamp="2021-08-27T05:55:09Z" user="harahu" uid="10233897" lat="59.9063507" lon="10.8882226"/>
 <node id="2935039615" visible="true" version="2" changeset="110318584" timestamp="2021-08-27T05:55:09Z" user="harahu" uid="10233897" lat="59.9063605" lon="10.8884815"/>
 <node id="2935039616" visible="true" version="2" changeset="110318584" timestamp="2021-08-27T05:55:09Z" user="harahu" uid="10233897" lat="59.9062769" lon="10.8887302"/>
 <node id="2935039617" visible="true" version="2" changeset="110318584" timestamp="2021-08-27T05:55:09Z" user="harahu" uid="10233897" lat="59.9061724" lon="10.8888422"/>
 <node id="2935039618" visible="true" version="2" changeset="110318584" timestamp="2021-08-27T05:55:09Z" user="harahu" uid="10233897" lat="59.9060523" lon="10.8889003"/>
 <node id="2935039619" visible="true" version="2" changeset="110318584" timestamp="2021-08-27T05:55:09Z" user="harahu" uid="10233897" lat="59.9055651" lon="10.8888421"/>
 <node id="2935039620" visible="true" version="2" changeset="110318584" timestamp="2021-08-27T05:55:09Z" user="harahu" uid="10233897" lat="59.9052943" lon="10.8888591"/>
 <node id="2935039621" visible="true" version="2" changeset="110318584" timestamp="2021-08-27T05:55:09Z" user="harahu" uid="10233897" lat="59.9051263" lon="10.8888816"/>
 <node id="2935039622" visible="true" version="2" changeset="110318584" timestamp="2021-08-27T05:55:09Z" user="harahu" uid="10233897" lat="59.9049650" lon="10.8887680"/>
 <node id="2935039623" visible="true" version="2" changeset="110318584" timestamp="2021-08-27T05:55:09Z" user="harahu" uid="10233897" lat="59.9048559" lon="10.8886916"/>
 <node id="2935039624" visible="true" version="2" changeset="110318584" timestamp="2021-08-27T05:55:09Z" user="harahu" uid="10233897" lat="59.9046627" lon="10.8884901"/>
 <node id="2935039625" visible="true" version="2" changeset="110318584" timestamp="2021-08-27T05:55:09Z" user="harahu" uid="10233897" lat="59.9042325" lon="10.8884355"/>
 <node id="2935039626" visible="true" version="2" changeset="110318584" timestamp="2021-08-27T05:55:09Z" user="harahu" uid="10233897" lat="59.9041195" lon="10.8884341"/>
 <node id="2935039627" visible="true" version="2" changeset="110318584" timestamp="2021-08-27T05:55:09Z" user="harahu" uid="10233897" lat="59.9040022" lon="10.8884161"/>
 <node id="2935039628" visible="true" version="2" changeset="110318584" timestamp="2021-08-27T05:55:09Z" user="harahu" uid="10233897" lat="59.9038840" lon="10.8883636"/>
 <node id="2935039629" visible="true" version="2" changeset="110318584" timestamp="2021-08-27T05:55:09Z" user="harahu" uid="10233897" lat="59.9036306" lon="10.8882929"/>
 <node id="2948313775" visible="true" version="3" changeset="110349163" timestamp="2021-08-27T15:54:01Z" user="harahu" uid="10233897" lat="59.9036526" lon="10.8735516"/>
 <node id="2948313777" visible="true" version="3" changeset="150701096" timestamp="2024-04-30T10:49:02Z" user="harahu" uid="10233897" lat="59.9039270" lon="10.8727912"/>
 <node id="2948313778" visible="true" version="4" changeset="150701096" timestamp="2024-04-30T10:49:02Z" user="harahu" uid="10233897" lat="59.9039265" lon="10.8731796"/>
 <node id="2948313779" visible="true" version="2" changeset="150701096" timestamp="2024-04-30T10:49:02Z" user="harahu" uid="10233897" lat="59.9039369" lon="10.8728885"/>
 <node id="2948313780" visible="true" version="2" changeset="150701096" timestamp="2024-04-30T10:49:02Z" user="harahu" uid="10233897" lat="59.9039863" lon="10.8727406"/>
 <node id="2948313781" visible="true" version="3" changeset="150701096" timestamp="2024-04-30T10:49:02Z" user="harahu" uid="10233897" lat="59.9039517" lon="10.8731054"/>
 <node id="2948313782" visible="true" version="4" changeset="150701096" timestamp="2024-04-30T10:49:02Z" user="harahu" uid="10233897" lat="59.9039678" lon="10.8730293"/>
 <node id="2948313783" visible="true" version="2" changeset="150701096" timestamp="2024-04-30T10:49:02Z" user="harahu" uid="10233897" lat="59.9040434" lon="10.8727039"/>
 <node id="2948313784" visible="true" version="2" changeset="150701096" timestamp="2024-04-30T10:49:02Z" user="harahu" uid="10233897" lat="59.9041067" lon="10.8726686"/>
 <node id="2955496506" visible="true" version="1" changeset="24040749" timestamp="2014-07-09T08:35:08Z" user="krosenvold" uid="2130745" lat="59.9060888" lon="10.8813991"/>
 <node id="2955496507" visible="true" version="1" changeset="24040749" timestamp="2014-07-09T08:35:08Z" user="krosenvold" uid="2130745" lat="59.9059506" lon="10.8815072"/>
 <node id="2955496508" visible="true" version="1" changeset="24040749" timestamp="2014-07-09T08:35:08Z" user="krosenvold" uid="2130745" lat="59.9056547" lon="10.8814000"/>
 <node id="2955496509" visible="true" version="1" changeset="24040749" timestamp="2014-07-09T08:35:08Z" user="krosenvold" uid="2130745" lat="59.9055525" lon="10.8814107"/>
 <node id="2955496510" visible="true" version="1" changeset="24040749" timestamp="2014-07-09T08:35:08Z" user="krosenvold" uid="2130745" lat="59.9054933" lon="10.8815394"/>
 <node id="2956934092" visible="true" version="2" changeset="110318089" timestamp="2021-08-27T05:44:31Z" user="harahu" uid="10233897" lat="59.9023460" lon="10.8782265"/>
 <node id="2956934093" visible="true" version="3" changeset="136854703" timestamp="2023-06-02T06:47:04Z" user="harahu" uid="10233897" lat="59.9024889" lon="10.8784686"/>
 <node id="2956934094" visible="true" version="3" changeset="136854703" timestamp="2023-06-02T06:47:04Z" user="harahu" uid="10233897" lat="59.9026534" lon="10.8786182"/>
 <node id="2956934095" visible="true" version="3" changeset="136854703" timestamp="2023-06-02T06:47:04Z" user="harahu" uid="10233897" lat="59.9029079" lon="10.8786969"/>
 <node id="2956934096" visible="true" version="2" changeset="110318089" timestamp="2021-08-27T05:44:31Z" user="harahu" uid="10233897" lat="59.9030983" lon="10.8786959"/>
 <node id="2956934097" visible="true" version="2" changeset="110318089" timestamp="2021-08-27T05:44:31Z" user="harahu" uid="10233897" lat="59.9033834" lon="10.8787057"/>
 <node id="2956934098" visible="true" version="2" changeset="110318089" timestamp="2021-08-27T05:44:31Z" user="harahu" uid="10233897" lat="59.9035259" lon="10.8787055"/>
 <node id="2956934617" visible="true" version="1" changeset="24059281" timestamp="2014-07-10T08:38:21Z" user="krosenvold" uid="2130745" lat="59.9047832" lon="10.8824299"/>
 <node id="2956934618" visible="true" version="2" changeset="69486683" timestamp="2019-04-23T12:22:19Z" user="espenta" uid="6841422" lat="59.9040972" lon="10.8822958"/>
 <node id="2956934619" visible="true" version="2" changeset="69486683" timestamp="2019-04-23T12:22:19Z" user="espenta" uid="6841422" lat="59.9036238" lon="10.8821670"/>
 <node id="2956934620" visible="true" version="1" changeset="24059281" timestamp="2014-07-10T08:38:21Z" user="krosenvold" uid="2130745" lat="59.9031261" lon="10.8821081"/>
 <node id="2956934621" visible="true" version="2" changeset="69486683" timestamp="2019-04-23T12:22:19Z" user="espenta" uid="6841422" lat="59.9024267" lon="10.8816789"/>
 <node id="2956934622" visible="true" version="2" changeset="69486683" timestamp="2019-04-23T12:22:19Z" user="espenta" uid="6841422" lat="59.9018860" lon="10.8816253"/>
 <node id="2956934623" visible="true" version="2" changeset="69486683" timestamp="2019-04-23T12:22:19Z" user="espenta" uid="6841422" lat="59.9016116" lon="10.8815448"/>
 <node id="2956934624" visible="true" version="3" changeset="110307654" timestamp="2021-08-26T20:57:00Z" user="harahu" uid="10233897" lat="59.9014267" lon="10.8813997"/>
 <node id="3164035744" visible="true" version="1" changeset="26518450" timestamp="2014-11-03T05:09:12Z" user="vibrog" uid="11992" lat="59.9048188" lon="10.8724637"/>
 <node id="3169341120" visible="true" version="1" changeset="26581247" timestamp="2014-11-05T21:45:48Z" user="vibrog" uid="11992" lat="59.9057302" lon="10.8816132"/>
 <node id="3169341121" visible="true" version="1" changeset="26581247" timestamp="2014-11-05T21:45:48Z" user="vibrog" uid="11992" lat="59.9057764" lon="10.8819644"/>
 <node id="3169341122" visible="true" version="1" changeset="26581247" timestamp="2014-11-05T21:45:48Z" user="vibrog" uid="11992" lat="59.9059374" lon="10.8822611"/>
 <node id="3169341123" visible="true" version="1" changeset="26581247" timestamp="2014-11-05T21:45:48Z" user="vibrog" uid="11992" lat="59.9059819" lon="10.8813658"/>
 <node id="3169341126" visible="true" version="1" changeset="26581247" timestamp="2014-11-05T21:45:48Z" user="vibrog" uid="11992" lat="59.9062171" lon="10.8828412"/>
 <node id="3169341127" visible="true" version="1" changeset="26581247" timestamp="2014-11-05T21:45:48Z" user="vibrog" uid="11992" lat="59.9064871" lon="10.8827411"/>
 <node id="3169341128" visible="true" version="1" changeset="26581247" timestamp="2014-11-05T21:45:48Z" user="vibrog" uid="11992" lat="59.9069339" lon="10.8830348"/>
 <node id="3169341129" visible="true" version="1" changeset="26581247" timestamp="2014-11-05T21:45:48Z" user="vibrog" uid="11992" lat="59.9069426" lon="10.8822825"/>
 <node id="3169341130" visible="true" version="1" changeset="26581247" timestamp="2014-11-05T21:45:48Z" user="vibrog" uid="11992" lat="59.9070817" lon="10.8825322"/>
 <node id="3169341131" visible="true" version="1" changeset="26581247" timestamp="2014-11-05T21:45:48Z" user="vibrog" uid="11992" lat="59.9071274" lon="10.8828577"/>
 <node id="3201823533" visible="true" version="2" changeset="110349163" timestamp="2021-08-27T15:54:01Z" user="harahu" uid="10233897" lat="59.9033392" lon="10.8726423"/>
 <node id="3201823537" visible="true" version="1" changeset="26977203" timestamp="2014-11-23T16:44:30Z" user="vibrog" uid="11992" lat="59.9133154" lon="10.8726115"/>
 <node id="3201823538" visible="true" version="2" changeset="110349973" timestamp="2021-08-27T16:13:08Z" user="harahu" uid="10233897" lat="59.9136139" lon="10.8730207"/>
 <node id="3201823550" visible="true" version="1" changeset="26977203" timestamp="2014-11-23T16:44:30Z" user="vibrog" uid="11992" lat="59.9161253" lon="10.8736397"/>
 <node id="3201823551" visible="true" version="1" changeset="26977203" timestamp="2014-11-23T16:44:30Z" user="vibrog" uid="11992" lat="59.9163737" lon="10.8736428"/>
 <node id="3201823552" visible="true" version="1" changeset="26977203" timestamp="2014-11-23T16:44:30Z" user="vibrog" uid="11992" lat="59.9166101" lon="10.8734319"/>
 <node id="3201823553" visible="true" version="1" changeset="26977203" timestamp="2014-11-23T16:44:30Z" user="vibrog" uid="11992" lat="59.9168837" lon="10.8733203"/>
 <node id="3310586952" visible="true" version="1" changeset="28403611" timestamp="2015-01-25T19:42:35Z" user="Tractor" uid="395141" lat="59.9036943" lon="10.8766562"/>
 <node id="3310586953" visible="true" version="2" changeset="37619100" timestamp="2016-03-04T23:39:36Z" user="Tractor" uid="395141" lat="59.9115827" lon="10.8767676"/>
 <node id="3418462257" visible="true" version="1" changeset="29741036" timestamp="2015-03-25T22:44:39Z" user="haakonst" uid="118690" lat="59.8952273" lon="10.8570643"/>
 <node id="3418462258" visible="true" version="1" changeset="29741036" timestamp="2015-03-25T22:44:39Z" user="haakonst" uid="118690" lat="59.8952637" lon="10.8569615"/>
 <node id="3418462270" visible="true" version="1" changeset="29741036" timestamp="2015-03-25T22:44:39Z" user="haakonst" uid="118690" lat="59.8954217" lon="10.8568066"/>
 <node id="3418462274" visible="true" version="1" changeset="29741036" timestamp="2015-03-25T22:44:39Z" user="haakonst" uid="118690" lat="59.8954839" lon="10.8567625"/>
 <node id="3418462276" visible="true" version="1" changeset="29741036" timestamp="2015-03-25T22:44:39Z" user="haakonst" uid="118690" lat="59.8954908" lon="10.8572932"/>
 <node id="3418462277" visible="true" version="1" changeset="29741036" timestamp="2015-03-25T22:44:39Z" user="haakonst" uid="118690" lat="59.8955004" lon="10.8566875"/>
 <node id="3418462283" visible="true" version="1" changeset="29741036" timestamp="2015-03-25T22:44:39Z" user="haakonst" uid="118690" lat="59.8956039" lon="10.8573887"/>
 <node id="3418462288" visible="true" version="2" changeset="124068832" timestamp="2022-07-25T20:52:03Z" user="MaxMad" uid="706634" lat="59.8956855" lon="10.8558614"/>
 <node id="3418462292" visible="true" version="1" changeset="29741036" timestamp="2015-03-25T22:44:40Z" user="haakonst" uid="118690" lat="59.8957013" lon="10.8559813"/>
 <node id="3418464295" visible="true" version="1" changeset="29741036" timestamp="2015-03-25T22:44:40Z" user="haakonst" uid="118690" lat="59.8957053" lon="10.8557787"/>
 <node id="3418464297" visible="true" version="2" changeset="147580727" timestamp="2024-02-17T17:17:55Z" user="Tractor" uid="395141" lat="59.8957373" lon="10.8574748"/>
 <node id="3418464300" visible="true" version="1" changeset="29741036" timestamp="2015-03-25T22:44:40Z" user="haakonst" uid="118690" lat="59.8957523" lon="10.8562035"/>
 <node id="3418464301" visible="true" version="1" changeset="29741036" timestamp="2015-03-25T22:44:40Z" user="haakonst" uid="118690" lat="59.8957546" lon="10.8564037"/>
 <node id="3418464302" visible="true" version="1" changeset="29741036" timestamp="2015-03-25T22:44:40Z" user="haakonst" uid="118690" lat="59.8957652" lon="10.8564596"/>
 <node id="3418464303" visible="true" version="2" changeset="124068805" timestamp="2022-07-25T20:51:07Z" user="MaxMad" uid="706634" lat="59.8957799" lon="10.8557724"/>
 <node id="3418464304" visible="true" version="1" changeset="29741036" timestamp="2015-03-25T22:44:40Z" user="haakonst" uid="118690" lat="59.8957832" lon="10.8563134"/>
 <node id="3418464305" visible="true" version="1" changeset="29741036" timestamp="2015-03-25T22:44:40Z" user="haakonst" uid="118690" lat="59.8957861" lon="10.8562574"/>
 <node id="3418464306" visible="true" version="2" changeset="147581106" timestamp="2024-02-17T17:29:06Z" user="Tractor" uid="395141" lat="59.8957702" lon="10.8574825"/>
 <node id="3418464307" visible="true" version="1" changeset="29741036" timestamp="2015-03-25T22:44:40Z" user="haakonst" uid="118690" lat="59.8957923" lon="10.8564973"/>
 <node id="3418464308" visible="true" version="2" changeset="147581106" timestamp="2024-02-17T17:29:06Z" user="Tractor" uid="395141" lat="59.8957965" lon="10.8575758"/>
 <node id="3418464309" visible="true" version="2" changeset="124068805" timestamp="2022-07-25T20:51:07Z" user="MaxMad" uid="706634" lat="59.8957769" lon="10.8553670"/>
 <node id="3418464310" visible="true" version="2" changeset="147581106" timestamp="2024-02-17T17:29:06Z" user="Tractor" uid="395141" lat="59.8958205" lon="10.8575795"/>
 <node id="3418464311" visible="true" version="1" changeset="29741036" timestamp="2015-03-25T22:44:40Z" user="haakonst" uid="118690" lat="59.8958433" lon="10.8564432"/>
 <node id="3418464312" visible="true" version="2" changeset="147581106" timestamp="2024-02-17T17:29:06Z" user="Tractor" uid="395141" lat="59.8958490" lon="10.8576623"/>
 <node id="3418464313" visible="true" version="1" changeset="29741036" timestamp="2015-03-25T22:44:40Z" user="haakonst" uid="118690" lat="59.8958874" lon="10.8564172"/>
 <node id="3418464314" visible="true" version="1" changeset="29741036" timestamp="2015-03-25T22:44:40Z" user="haakonst" uid="118690" lat="59.8959277" lon="10.8564633"/>
 <node id="3418464315" visible="true" version="2" changeset="147581106" timestamp="2024-02-17T17:29:06Z" user="Tractor" uid="395141" lat="59.8958795" lon="10.8575738"/>
 <node id="3418464316" visible="true" version="2" changeset="147581106" timestamp="2024-02-17T17:29:06Z" user="Tractor" uid="395141" lat="59.8959266" lon="10.8576180"/>
 <node id="3418464317" visible="true" version="1" changeset="29741036" timestamp="2015-03-25T22:44:40Z" user="haakonst" uid="118690" lat="59.8959622" lon="10.8574955"/>
 <node id="3418464318" visible="true" version="1" changeset="29741036" timestamp="2015-03-25T22:44:40Z" user="haakonst" uid="118690" lat="59.8959636" lon="10.8564754"/>
 <node id="3418464321" visible="true" version="1" changeset="29741036" timestamp="2015-03-25T22:44:40Z" user="haakonst" uid="118690" lat="59.8960217" lon="10.8574289"/>
 <node id="3418464322" visible="true" version="1" changeset="29741036" timestamp="2015-03-25T22:44:40Z" user="haakonst" uid="118690" lat="59.8960446" lon="10.8565051"/>
 <node id="3418464324" visible="true" version="1" changeset="29741036" timestamp="2015-03-25T22:44:40Z" user="haakonst" uid="118690" lat="59.8961747" lon="10.8573678"/>
 <node id="3418464325" visible="true" version="1" changeset="29741036" timestamp="2015-03-25T22:44:40Z" user="haakonst" uid="118690" lat="59.8961770" lon="10.8565156"/>
 <node id="3418464327" visible="true" version="1" changeset="29741036" timestamp="2015-03-25T22:44:40Z" user="haakonst" uid="118690" lat="59.8962708" lon="10.8565757"/>
 <node id="3418464328" visible="true" version="1" changeset="29741036" timestamp="2015-03-25T22:44:40Z" user="haakonst" uid="118690" lat="59.8962812" lon="10.8566144"/>
 <node id="3418464329" visible="true" version="1" changeset="29741036" timestamp="2015-03-25T22:44:40Z" user="haakonst" uid="118690" lat="59.8963146" lon="10.8569778"/>
 <node id="3418464330" visible="true" version="1" changeset="29741036" timestamp="2015-03-25T22:44:40Z" user="haakonst" uid="118690" lat="59.8963234" lon="10.8573293"/>
 <node id="3418464331" visible="true" version="1" changeset="29741036" timestamp="2015-03-25T22:44:40Z" user="haakonst" uid="118690" lat="59.8963294" lon="10.8564042"/>
 <node id="3418464332" visible="true" version="1" changeset="29741036" timestamp="2015-03-25T22:44:40Z" user="haakonst" uid="118690" lat="59.8963666" lon="10.8568972"/>
 <node id="3418464333" visible="true" version="1" changeset="29741036" timestamp="2015-03-25T22:44:40Z" user="haakonst" uid="118690" lat="59.8965134" lon="10.8565422"/>
 <node id="3418464334" visible="true" version="1" changeset="29741036" timestamp="2015-03-25T22:44:40Z" user="haakonst" uid="118690" lat="59.8965232" lon="10.8568948"/>
 <node id="3418464335" visible="true" version="1" changeset="29741036" timestamp="2015-03-25T22:44:40Z" user="haakonst" uid="118690" lat="59.8965606" lon="10.8567924"/>
 <node id="3418464336" visible="true" version="1" changeset="29741036" timestamp="2015-03-25T22:44:40Z" user="haakonst" uid="118690" lat="59.8966664" lon="10.8566178"/>
 <node id="3418464337" visible="true" version="1" changeset="29741036" timestamp="2015-03-25T22:44:40Z" user="haakonst" uid="118690" lat="59.8970228" lon="10.8567201"/>
 <node id="3418464338" visible="true" version="1" changeset="29741036" timestamp="2015-03-25T22:44:40Z" user="haakonst" uid="118690" lat="59.8971482" lon="10.8566377"/>
 <node id="3418464339" visible="true" version="1" changeset="29741036" timestamp="2015-03-25T22:44:40Z" user="haakonst" uid="118690" lat="59.8971653" lon="10.8563112"/>
 <node id="3418464340" visible="true" version="1" changeset="29741036" timestamp="2015-03-25T22:44:40Z" user="haakonst" uid="118690" lat="59.8971933" lon="10.8565252"/>
 <node id="3418464341" visible="true" version="1" changeset="29741036" timestamp="2015-03-25T22:44:40Z" user="haakonst" uid="118690" lat="59.8972474" lon="10.8562490"/>
 <node id="3827594092" visible="true" version="1" changeset="35202857" timestamp="2015-11-09T21:32:05Z" user="MaxMad" uid="706634" lat="59.8997522" lon="10.8540301"/>
 <node id="3902139990" visible="true" version="1" changeset="36073524" timestamp="2015-12-20T21:04:28Z" user="vibrog" uid="11992" lat="59.9277044" lon="10.8879306"/>
 <node id="3902139991" visible="true" version="1" changeset="36073524" timestamp="2015-12-20T21:04:28Z" user="vibrog" uid="11992" lat="59.9279272" lon="10.8874764"/>
 <node id="3902139993" visible="true" version="1" changeset="36073524" timestamp="2015-12-20T21:04:28Z" user="vibrog" uid="11992" lat="59.9284530" lon="10.9138811"/>
 <node id="3902139994" visible="true" version="1" changeset="36073524" timestamp="2015-12-20T21:04:28Z" user="vibrog" uid="11992" lat="59.9284723" lon="10.9154177"/>
 <node id="3902139995" visible="true" version="1" changeset="36073524" timestamp="2015-12-20T21:04:28Z" user="vibrog" uid="11992" lat="59.9287484" lon="10.9140454"/>
 <node id="3902139996" visible="true" version="1" changeset="36073524" timestamp="2015-12-20T21:04:28Z" user="vibrog" uid="11992" lat="59.9287484" lon="10.9147799"/>
 <node id="4041034557" visible="true" version="1" changeset="37619100" timestamp="2016-03-04T23:39:35Z" user="Tractor" uid="395141" lat="59.9016538" lon="10.8768792"/>
 <node id="4041034558" visible="true" version="1" changeset="37619100" timestamp="2016-03-04T23:39:35Z" user="Tractor" uid="395141" lat="59.9017015" lon="10.8768524"/>
 <node id="4041034559" visible="true" version="1" changeset="37619100" timestamp="2016-03-04T23:39:35Z" user="Tractor" uid="395141" lat="59.9023277" lon="10.8767357"/>
 <node id="4041034560" visible="true" version="1" changeset="37619100" timestamp="2016-03-04T23:39:35Z" user="Tractor" uid="395141" lat="59.9026680" lon="10.8767612"/>
 <node id="4041034561" visible="true" version="1" changeset="37619100" timestamp="2016-03-04T23:39:35Z" user="Tractor" uid="395141" lat="59.9029861" lon="10.8767438"/>
 <node id="4041034562" visible="true" version="1" changeset="37619100" timestamp="2016-03-04T23:39:35Z" user="Tractor" uid="395141" lat="59.9152983" lon="10.8775766"/>
 <node id="4041035834" visible="true" version="1" changeset="37619143" timestamp="2016-03-04T23:43:58Z" user="Tractor" uid="395141" lat="59.9200904" lon="10.8770421"/>
 <node id="4041035835" visible="true" version="1" changeset="37619143" timestamp="2016-03-04T23:43:58Z" user="Tractor" uid="395141" lat="59.9200937" lon="10.8768825"/>
 <node id="4041035836" visible="true" version="1" changeset="37619143" timestamp="2016-03-04T23:43:58Z" user="Tractor" uid="395141" lat="59.9200944" lon="10.8771145"/>
 <node id="4041035837" visible="true" version="2" changeset="64499373" timestamp="2018-11-14T19:39:04Z" user="Tractor" uid="395141" lat="59.9201017" lon="10.8768252"/>
 <node id="4529705027" visible="true" version="3" changeset="92638945" timestamp="2020-10-17T18:42:21Z" user="Rashid Akrim" uid="11685296" lat="59.9066936" lon="10.8795741">
  <tag k="ele" v="294.6"/>
  <tag k="name" v="Utsikten"/>
  <tag k="natural" v="peak"/>
 </node>
 <node id="4529705029" visible="true" version="2" changeset="88836685" timestamp="2020-08-02T11:08:54Z" user="Tractor" uid="395141" lat="59.9171071" lon="10.8736514">
  <tag k="ele" v="272"/>
  <tag k="name" v="Utsikten"/>
  <tag k="natural" v="peak"/>
 </node>
 <node id="4704471170" visible="true" version="1" changeset="46382010" timestamp="2017-02-24T22:34:37Z" user="Are" uid="263653" lat="59.9061115" lon="10.8831717"/>
 <node id="4704471171" visible="true" version="1" changeset="46382010" timestamp="2017-02-24T22:34:37Z" user="Are" uid="263653" lat="59.9062053" lon="10.8816304"/>
 <node id="4704471172" visible="true" version="1" changeset="46382010" timestamp="2017-02-24T22:34:37Z" user="Are" uid="263653" lat="59.9061872" lon="10.8818928"/>
 <node id="4704471173" visible="true" version="1" changeset="46382010" timestamp="2017-02-24T22:34:37Z" user="Are" uid="263653" lat="59.9062537" lon="10.8823453"/>
 <node id="4704471174" visible="true" version="1" changeset="46382010" timestamp="2017-02-24T22:34:37Z" user="Are" uid="263653" lat="59.9061206" lon="10.8824961"/>
 <node id="4704471175" visible="true" version="1" changeset="46382010" timestamp="2017-02-24T22:34:37Z" user="Are" uid="263653" lat="59.9061161" lon="10.8828640"/>
 <node id="4704471176" visible="true" version="1" changeset="46382010" timestamp="2017-02-24T22:34:37Z" user="Are" uid="263653" lat="59.9061675" lon="10.8830842"/>
 <node id="4704471177" visible="true" version="1" changeset="46382010" timestamp="2017-02-24T22:34:37Z" user="Are" uid="263653" lat="59.9060994" lon="10.8833527"/>
 <node id="4704471179" visible="true" version="2" changeset="69486683" timestamp="2019-04-23T12:22:19Z" user="espenta" uid="6841422" lat="59.9060445" lon="10.8836848"/>
 <node id="4704471180" visible="true" version="1" changeset="46382010" timestamp="2017-02-24T22:34:37Z" user="Are" uid="263653" lat="59.9060336" lon="10.8840233"/>
 <node id="5171860169" visible="true" version="1" changeset="52994135" timestamp="2017-10-16T20:04:14Z" user="km2bp" uid="3610826" lat="59.9249847" lon="10.8786096"/>
 <node id="5171860274" visible="true" version="1" changeset="52994135" timestamp="2017-10-16T20:04:16Z" user="km2bp" uid="3610826" lat="59.9247609" lon="10.8816145"/>
 <node id="5171860277" visible="true" version="1" changeset="52994135" timestamp="2017-10-16T20:04:16Z" user="km2bp" uid="3610826" lat="59.9247419" lon="10.8816062"/>
 <node id="5171860286" visible="true" version="1" changeset="52994135" timestamp="2017-10-16T20:04:16Z" user="km2bp" uid="3610826" lat="59.9252522" lon="10.8817918"/>
 <node id="5171860287" visible="true" version="1" changeset="52994135" timestamp="2017-10-16T20:04:16Z" user="km2bp" uid="3610826" lat="59.9253247" lon="10.8818150"/>
 <node id="5171860288" visible="true" version="1" changeset="52994135" timestamp="2017-10-16T20:04:16Z" user="km2bp" uid="3610826" lat="59.9253816" lon="10.8818688"/>
 <node id="5405046350" visible="true" version="1" changeset="56259820" timestamp="2018-02-11T10:35:35Z" user="Tractor" uid="395141" lat="59.9194331" lon="10.8798417"/>
 <node id="5405046351" visible="true" version="1" changeset="56259820" timestamp="2018-02-11T10:35:35Z" user="Tractor" uid="395141" lat="59.9193135" lon="10.8801019"/>
 <node id="5405046352" visible="true" version="1" changeset="56259820" timestamp="2018-02-11T10:35:35Z" user="Tractor" uid="395141" lat="59.9189243" lon="10.8807282"/>
 <node id="5405046369" visible="true" version="1" changeset="56259820" timestamp="2018-02-11T10:35:35Z" user="Tractor" uid="395141" lat="59.9188685" lon="10.8823281"/>
 <node id="5405246268" visible="true" version="1" changeset="56263268" timestamp="2018-02-11T13:15:50Z" user="Tractor" uid="395141" lat="59.9032258" lon="10.8768497"/>
 <node id="5405246269" visible="true" version="1" changeset="56263268" timestamp="2018-02-11T13:15:50Z" user="Tractor" uid="395141" lat="59.9033136" lon="10.8768471"/>
 <node id="5405246270" visible="true" version="1" changeset="56263268" timestamp="2018-02-11T13:15:50Z" user="Tractor" uid="395141" lat="59.9034320" lon="10.8767867"/>
 <node id="5405246271" visible="true" version="1" changeset="56263268" timestamp="2018-02-11T13:15:50Z" user="Tractor" uid="395141" lat="59.9030513" lon="10.8767927"/>
 <node id="5405246272" visible="true" version="1" changeset="56263268" timestamp="2018-02-11T13:15:50Z" user="Tractor" uid="395141" lat="59.9031252" lon="10.8768161"/>
 <node id="5405246273" visible="true" version="1" changeset="56263268" timestamp="2018-02-11T13:15:50Z" user="Tractor" uid="395141" lat="59.9173598" lon="10.8816531"/>
 <node id="5405246274" visible="true" version="1" changeset="56263268" timestamp="2018-02-11T13:15:50Z" user="Tractor" uid="395141" lat="59.9175241" lon="10.8821163"/>
 <node id="5405246275" visible="true" version="2" changeset="128959356" timestamp="2022-11-15T21:00:43Z" user="ccamfwfwtn" uid="1883123" lat="59.9175593" lon="10.8813059"/>
 <node id="5405246276" visible="true" version="2" changeset="139534883" timestamp="2023-08-06T22:44:55Z" user="olejorgenb" uid="154646" lat="59.9173889" lon="10.8825038"/>
 <node id="5405246277" visible="true" version="1" changeset="56263268" timestamp="2018-02-11T13:15:51Z" user="Tractor" uid="395141" lat="59.9175980" lon="10.8825454"/>
 <node id="5405246278" visible="true" version="1" changeset="56263268" timestamp="2018-02-11T13:15:51Z" user="Tractor" uid="395141" lat="59.9176925" lon="10.8823185"/>
 <node id="5405246279" visible="true" version="1" changeset="56263268" timestamp="2018-02-11T13:15:51Z" user="Tractor" uid="395141" lat="59.9186897" lon="10.8817340"/>
 <node id="5405246280" visible="true" version="1" changeset="56263268" timestamp="2018-02-11T13:15:51Z" user="Tractor" uid="395141" lat="59.9189935" lon="10.8813035"/>
 <node id="5405246281" visible="true" version="1" changeset="56263268" timestamp="2018-02-11T13:15:51Z" user="Tractor" uid="395141" lat="59.9192241" lon="10.8810528"/>
 <node id="5405246282" visible="true" version="2" changeset="64499373" timestamp="2018-11-14T19:39:05Z" user="Tractor" uid="395141" lat="59.9200262" lon="10.8802789"/>
 <node id="5405246283" visible="true" version="2" changeset="64499373" timestamp="2018-11-14T19:39:05Z" user="Tractor" uid="395141" lat="59.9195021" lon="10.8805890"/>
 <node id="5405246284" visible="true" version="2" changeset="64499373" timestamp="2018-11-14T19:39:05Z" user="Tractor" uid="395141" lat="59.9198416" lon="10.8804945"/>
 <node id="5405246285" visible="true" version="1" changeset="56263268" timestamp="2018-02-11T13:15:51Z" user="Tractor" uid="395141" lat="59.9158704" lon="10.8828914"/>
 <node id="5405246286" visible="true" version="1" changeset="56263268" timestamp="2018-02-11T13:15:51Z" user="Tractor" uid="395141" lat="59.9170858" lon="10.8828619"/>
 <node id="5405246287" visible="true" version="1" changeset="56263268" timestamp="2018-02-11T13:15:51Z" user="Tractor" uid="395141" lat="59.9168317" lon="10.8828726"/>
 <node id="5405246288" visible="true" version="2" changeset="88770153" timestamp="2020-07-31T08:19:55Z" user="Tractor" uid="395141" lat="59.9184282" lon="10.8819204"/>
 <node id="5405246289" visible="true" version="1" changeset="56263268" timestamp="2018-02-11T13:15:51Z" user="Tractor" uid="395141" lat="59.9185808" lon="10.8820599"/>
 <node id="5627675312" visible="true" version="1" changeset="59092559" timestamp="2018-05-18T22:41:11Z" user="Tractor_import" uid="2115582" lat="59.8997074" lon="10.8521520"/>
 <node id="6042361234" visible="true" version="1" changeset="64240711" timestamp="2018-11-06T18:46:46Z" user="Tractor" uid="395141" lat="59.9178924" lon="10.8814812">
  <tag k="board_type" v="history"/>
  <tag k="information" v="board"/>
  <tag k="name" v="Lut"/>
  <tag k="operator" v="Oslo kommune"/>
  <tag k="tourism" v="information"/>
 </node>
 <node id="6042361235" visible="true" version="2" changeset="122014133" timestamp="2022-06-06T09:20:53Z" user="GSBattleman" uid="10006989" lat="59.9177647" lon="10.8814222">
  <tag k="covered" v="no"/>
  <tag k="leisure" v="picnic_table"/>
 </node>
 <node id="6042361236" visible="true" version="1" changeset="64240711" timestamp="2018-11-06T18:46:46Z" user="Tractor" uid="395141" lat="59.9177604" lon="10.8812559"/>
 <node id="6042361237" visible="true" version="1" changeset="64240711" timestamp="2018-11-06T18:46:46Z" user="Tractor" uid="395141" lat="59.9181943" lon="10.8814645"/>
 <node id="6042361238" visible="true" version="2" changeset="88770153" timestamp="2020-07-31T08:19:55Z" user="Tractor" uid="395141" lat="59.9183065" lon="10.8815698"/>
 <node id="6042361239" visible="true" version="1" changeset="64240711" timestamp="2018-11-06T18:46:46Z" user="Tractor" uid="395141" lat="59.9184386" lon="10.8817692"/>
 <node id="6042361240" visible="true" version="2" changeset="88770153" timestamp="2020-07-31T08:19:55Z" user="Tractor" uid="395141" lat="59.9185608" lon="10.8818477"/>
 <node id="6042361241" visible="true" version="1" changeset="64240711" timestamp="2018-11-06T18:46:46Z" user="Tractor" uid="395141" lat="59.9181523" lon="10.8824797"/>
 <node id="6042361242" visible="true" version="1" changeset="64240711" timestamp="2018-11-06T18:46:46Z" user="Tractor" uid="395141" lat="59.9181791" lon="10.8824388"/>
 <node id="6042361243" visible="true" version="1" changeset="64240711" timestamp="2018-11-06T18:46:46Z" user="Tractor" uid="395141" lat="59.9182390" lon="10.8822812"/>
 <node id="6042361244" visible="true" version="2" changeset="88770153" timestamp="2020-07-31T08:19:55Z" user="Tractor" uid="395141" lat="59.9180399" lon="10.8816304"/>
 <node id="6042361245" visible="true" version="1" changeset="64240711" timestamp="2018-11-06T18:46:46Z" user="Tractor" uid="395141" lat="59.9180800" lon="10.8815859"/>
 <node id="6042361246" visible="true" version="1" changeset="64240711" timestamp="2018-11-06T18:46:46Z" user="Tractor" uid="395141" lat="59.9181002" lon="10.8815577"/>
 <node id="6042361247" visible="true" version="2" changeset="88770153" timestamp="2020-07-31T08:19:55Z" user="Tractor" uid="395141" lat="59.9180067" lon="10.8816740"/>
 <node id="6042361248" visible="true" version="1" changeset="64240711" timestamp="2018-11-06T18:46:46Z" user="Tractor" uid="395141" lat="59.9178313" lon="10.8819982"/>
 <node id="6042361249" visible="true" version="1" changeset="64240711" timestamp="2018-11-06T18:46:46Z" user="Tractor" uid="395141" lat="59.9179422" lon="10.8817823"/>
 <node id="6061458451" visible="true" version="1" changeset="64499373" timestamp="2018-11-14T19:39:01Z" user="Tractor" uid="395141" lat="59.9201268" lon="10.8772651"/>
 <node id="6061458452" visible="true" version="1" changeset="64499373" timestamp="2018-11-14T19:39:01Z" user="Tractor" uid="395141" lat="59.9202273" lon="10.8775042"/>
 <node id="6061458453" visible="true" version="1" changeset="64499373" timestamp="2018-11-14T19:39:01Z" user="Tractor" uid="395141" lat="59.9203386" lon="10.8778368"/>
 <node id="6061458455" visible="true" version="1" changeset="64499373" timestamp="2018-11-14T19:39:01Z" user="Tractor" uid="395141" lat="59.9202510" lon="10.8784571"/>
 <node id="6061458456" visible="true" version="1" changeset="64499373" timestamp="2018-11-14T19:39:01Z" user="Tractor" uid="395141" lat="59.9203960" lon="10.8783069"/>
 <node id="6061458457" visible="true" version="2" changeset="88770153" timestamp="2020-07-31T08:19:55Z" user="Tractor" uid="395141" lat="59.9203084" lon="10.8787092"/>
 <node id="6061458458" visible="true" version="1" changeset="64499373" timestamp="2018-11-14T19:39:01Z" user="Tractor" uid="395141" lat="59.9202851" lon="10.8787417"/>
 <node id="6061458459" visible="true" version="1" changeset="64499373" timestamp="2018-11-14T19:39:01Z" user="Tractor" uid="395141" lat="59.9201725" lon="10.8788420"/>
 <node id="6061458460" visible="true" version="1" changeset="64499373" timestamp="2018-11-14T19:39:01Z" user="Tractor" uid="395141" lat="59.9202352" lon="10.8787900"/>
 <node id="6061458461" visible="true" version="1" changeset="64499373" timestamp="2018-11-14T19:39:01Z" user="Tractor" uid="395141" lat="59.9200707" lon="10.8792094"/>
 <node id="6061458462" visible="true" version="1" changeset="64499373" timestamp="2018-11-14T19:39:01Z" user="Tractor" uid="395141" lat="59.9200761" lon="10.8793308"/>
 <node id="6061458463" visible="true" version="1" changeset="64499373" timestamp="2018-11-14T19:39:02Z" user="Tractor" uid="395141" lat="59.9201181" lon="10.8796426"/>
 <node id="6061458464" visible="true" version="1" changeset="64499373" timestamp="2018-11-14T19:39:02Z" user="Tractor" uid="395141" lat="59.9201013" lon="10.8794964"/>
 <node id="6061458465" visible="true" version="1" changeset="64499373" timestamp="2018-11-14T19:39:02Z" user="Tractor" uid="395141" lat="59.9201184" lon="10.8800114"/>
 <node id="6061458466" visible="true" version="1" changeset="64499373" timestamp="2018-11-14T19:39:02Z" user="Tractor" uid="395141" lat="59.9198645" lon="10.8804804"/>
 <node id="6061458467" visible="true" version="1" changeset="64499373" timestamp="2018-11-14T19:39:02Z" user="Tractor" uid="395141" lat="59.9195526" lon="10.8805643"/>
 <node id="6061458468" visible="true" version="1" changeset="64499373" timestamp="2018-11-14T19:39:02Z" user="Tractor" uid="395141" lat="59.9192691" lon="10.8809414"/>
 <node id="6070075725" visible="true" version="1" changeset="64613057" timestamp="2018-11-18T07:39:50Z" user="Tractor" uid="395141" lat="59.9277161" lon="10.8828331"/>
 <node id="6070075726" visible="true" version="1" changeset="64613057" timestamp="2018-11-18T07:39:50Z" user="Tractor" uid="395141" lat="59.9276618" lon="10.8827945"/>
 <node id="6070075727" visible="true" version="1" changeset="64613057" timestamp="2018-11-18T07:39:50Z" user="Tractor" uid="395141" lat="59.9278021" lon="10.8829045"/>
 <node id="6070075728" visible="true" version="1" changeset="64613057" timestamp="2018-11-18T07:39:50Z" user="Tractor" uid="395141" lat="59.9277665" lon="10.8829065"/>
 <node id="6070075729" visible="true" version="1" changeset="64613057" timestamp="2018-11-18T07:39:50Z" user="Tractor" uid="395141" lat="59.9279214" lon="10.8828693"/>
 <node id="6070075730" visible="true" version="1" changeset="64613057" timestamp="2018-11-18T07:39:50Z" user="Tractor" uid="395141" lat="59.9278885" lon="10.8828726"/>
 <node id="6070075731" visible="true" version="1" changeset="64613057" timestamp="2018-11-18T07:39:50Z" user="Tractor" uid="395141" lat="59.9278300" lon="10.8829068"/>
 <node id="6070075732" visible="true" version="1" changeset="64613057" timestamp="2018-11-18T07:39:50Z" user="Tractor" uid="395141" lat="59.9279483" lon="10.8828807"/>
 <node id="6070075733" visible="true" version="1" changeset="64613057" timestamp="2018-11-18T07:39:50Z" user="Tractor" uid="395141" lat="59.9280476" lon="10.8830369"/>
 <node id="6281939386" visible="true" version="1" changeset="67242066" timestamp="2019-02-15T23:21:11Z" user="MaxMad" uid="706634" lat="59.9060427" lon="10.8538755"/>
 <node id="6283483931" visible="true" version="1" changeset="67264257" timestamp="2019-02-16T21:50:14Z" user="mariusscheide" uid="9358617" lat="59.9000201" lon="10.8521868"/>
 <node id="6379290491" visible="true" version="1" changeset="68809162" timestamp="2019-04-02T19:12:16Z" user="MaxMad" uid="706634" lat="59.9009499" lon="10.8545122"/>
 <node id="6394657905" visible="true" version="1" changeset="69059104" timestamp="2019-04-09T19:16:00Z" user="MaxMad" uid="706634" lat="59.9036616" lon="10.8533315"/>
 <node id="6394657906" visible="true" version="1" changeset="69059104" timestamp="2019-04-09T19:16:00Z" user="MaxMad" uid="706634" lat="59.9036074" lon="10.8534787"/>
 <node id="6394657907" visible="true" version="1" changeset="69059104" timestamp="2019-04-09T19:16:00Z" user="MaxMad" uid="706634" lat="59.9031232" lon="10.8536977"/>
 <node id="6423216352" visible="true" version="1" changeset="69486683" timestamp="2019-04-23T12:22:18Z" user="espenta" uid="6841422" lat="59.9044320" lon="10.8823281"/>
 <node id="6423216353" visible="true" version="1" changeset="69486683" timestamp="2019-04-23T12:22:18Z" user="espenta" uid="6841422" lat="59.9038402" lon="10.8822584"/>
 <node id="6423216354" visible="true" version="1" changeset="69486683" timestamp="2019-04-23T12:22:18Z" user="espenta" uid="6841422" lat="59.9021320" lon="10.8816844"/>
 <node id="6423216355" visible="true" version="1" changeset="69486683" timestamp="2019-04-23T12:22:18Z" user="espenta" uid="6841422" lat="59.9025624" lon="10.8818346"/>
 <node id="6423216356" visible="true" version="1" changeset="69486683" timestamp="2019-04-23T12:22:18Z" user="espenta" uid="6841422" lat="59.9028072" lon="10.8821297"/>
 <node id="6423216363" visible="true" version="2" changeset="110318584" timestamp="2021-08-27T05:55:09Z" user="harahu" uid="10233897" lat="59.9049683" lon="10.8827526"/>
 <node id="6423216364" visible="true" version="2" changeset="110318584" timestamp="2021-08-27T05:55:09Z" user="harahu" uid="10233897" lat="59.9048743" lon="10.8835844"/>
 <node id="6515536953" visible="true" version="2" changeset="110349973" timestamp="2021-08-27T16:13:08Z" user="harahu" uid="10233897" lat="59.9113355" lon="10.8734845"/>
 <node id="7174590149" visible="true" version="1" changeset="80364911" timestamp="2020-01-31T10:10:21Z" user="mapify7" uid="7238959" lat="59.9086576" lon="10.8588092"/>
 <node id="7386106883" visible="true" version="2" changeset="83373220" timestamp="2020-04-10T15:52:27Z" user="Geir Anders Langangen" uid="5049638" lat="59.9050426" lon="10.8735632">
  <tag k="direction" v="20"/>
  <tag k="tourism" v="viewpoint"/>
 </node>
 <node id="7427765453" visible="true" version="1" changeset="83842999" timestamp="2020-04-20T21:29:15Z" user="Noen" uid="605010" lat="59.8906512" lon="10.8575177"/>
 <node id="7427765454" visible="true" version="1" changeset="83842999" timestamp="2020-04-20T21:29:15Z" user="Noen" uid="605010" lat="59.8905085" lon="10.8575177"/>
 <node id="7427765455" visible="true" version="1" changeset="83842999" timestamp="2020-04-20T21:29:15Z" user="Noen" uid="605010" lat="59.8904574" lon="10.8574373"/>
 <node id="7427765456" visible="true" version="1" changeset="83842999" timestamp="2020-04-20T21:29:15Z" user="Noen" uid="605010" lat="59.8904372" lon="10.8573809"/>
 <node id="7427765457" visible="true" version="1" changeset="83842999" timestamp="2020-04-20T21:29:15Z" user="Noen" uid="605010" lat="59.8903955" lon="10.8573675"/>
 <node id="7427765458" visible="true" version="1" changeset="83842999" timestamp="2020-04-20T21:29:15Z" user="Noen" uid="605010" lat="59.8903336" lon="10.8575070"/>
 <node id="7427765459" visible="true" version="1" changeset="83842999" timestamp="2020-04-20T21:29:15Z" user="Noen" uid="605010" lat="59.8902690" lon="10.8576840"/>
 <node id="7427765460" visible="true" version="1" changeset="83842999" timestamp="2020-04-20T21:29:15Z" user="Noen" uid="605010" lat="59.8900759" lon="10.8577779"/>
 <node id="7427765461" visible="true" version="1" changeset="83842999" timestamp="2020-04-20T21:29:15Z" user="Noen" uid="605010" lat="59.8900107" lon="10.8577538"/>
 <node id="7427765462" visible="true" version="1" changeset="83842999" timestamp="2020-04-20T21:29:15Z" user="Noen" uid="605010" lat="59.8898936" lon="10.8578704"/>
 <node id="7427765463" visible="true" version="1" changeset="83842999" timestamp="2020-04-20T21:29:15Z" user="Noen" uid="605010" lat="59.8898216" lon="10.8579750"/>
 <node id="7427765464" visible="true" version="1" changeset="83842999" timestamp="2020-04-20T21:29:15Z" user="Noen" uid="605010" lat="59.8897382" lon="10.8579469"/>
 <node id="7427765465" visible="true" version="1" changeset="83842999" timestamp="2020-04-20T21:29:15Z" user="Noen" uid="605010" lat="59.8896992" lon="10.8578879"/>
 <node id="7427765466" visible="true" version="1" changeset="83842999" timestamp="2020-04-20T21:29:15Z" user="Noen" uid="605010" lat="59.8894482" lon="10.8579817"/>
 <node id="7427765467" visible="true" version="1" changeset="83842999" timestamp="2020-04-20T21:29:15Z" user="Noen" uid="605010" lat="59.8893446" lon="10.8580193"/>
 <node id="7427765468" visible="true" version="1" changeset="83842999" timestamp="2020-04-20T21:29:15Z" user="Noen" uid="605010" lat="59.8891078" lon="10.8580877"/>
 <node id="7627149813" visible="true" version="2" changeset="128959356" timestamp="2022-11-15T21:00:43Z" user="ccamfwfwtn" uid="1883123" lat="59.9123774" lon="10.8754582"/>
 <node id="7627149814" visible="true" version="2" changeset="128959356" timestamp="2022-11-15T21:00:43Z" user="ccamfwfwtn" uid="1883123" lat="59.9124444" lon="10.8755726"/>
 <node id="7772283782" visible="true" version="1" changeset="88770153" timestamp="2020-07-31T08:19:55Z" user="Tractor" uid="395141" lat="59.9201330" lon="10.8785593"/>
 <node id="7772283783" visible="true" version="1" changeset="88770153" timestamp="2020-07-31T08:19:55Z" user="Tractor" uid="395141" lat="59.9200516" lon="10.8785713"/>
 <node id="7772283784" visible="true" version="1" changeset="88770153" timestamp="2020-07-31T08:19:55Z" user="Tractor" uid="395141" lat="59.9200885" lon="10.8785674"/>
 <node id="7772284085" visible="true" version="1" changeset="88770153" timestamp="2020-07-31T08:19:55Z" user="Tractor" uid="395141" lat="59.9202122" lon="10.8785033"/>
 <node id="7772284086" visible="true" version="1" changeset="88770153" timestamp="2020-07-31T08:19:55Z" user="Tractor" uid="395141" lat="59.9203809" lon="10.8784966"/>
 <node id="7772284087" visible="true" version="1" changeset="88770153" timestamp="2020-07-31T08:19:55Z" user="Tractor" uid="395141" lat="59.9203957" lon="10.8783692"/>
 <node id="7772284088" visible="true" version="1" changeset="88770153" timestamp="2020-07-31T08:19:55Z" user="Tractor" uid="395141" lat="59.9203542" lon="10.8785979"/>
 <node id="7772284090" visible="true" version="1" changeset="88770153" timestamp="2020-07-31T08:19:55Z" user="Tractor" uid="395141" lat="59.9181056" lon="10.8815611">
  <tag k="name" v="Lut"/>
  <tag k="place" v="locality"/>
 </node>
 <node id="7772284091" visible="true" version="2" changeset="122014133" timestamp="2022-06-06T09:20:51Z" user="GSBattleman" uid="10006989" lat="59.9177041" lon="10.8813042">
  <tag k="covered" v="no"/>
  <tag k="leisure" v="picnic_table"/>
 </node>
 <node id="7772284092" visible="true" version="2" changeset="122014133" timestamp="2022-06-06T09:20:54Z" user="GSBattleman" uid="10006989" lat="59.9177140" lon="10.8813502">
  <tag k="covered" v="no"/>
  <tag k="leisure" v="picnic_table"/>
 </node>
 <node id="7772284097" visible="true" version="1" changeset="88770153" timestamp="2020-07-31T08:19:55Z" user="Tractor" uid="395141" lat="59.9175590" lon="10.8819339"/>
 <node id="7772284098" visible="true" version="1" changeset="88770153" timestamp="2020-07-31T08:19:55Z" user="Tractor" uid="395141" lat="59.9178820" lon="10.8823074"/>
 <node id="7772284099" visible="true" version="1" changeset="88770153" timestamp="2020-07-31T08:19:55Z" user="Tractor" uid="395141" lat="59.9182294" lon="10.8814819"/>
 <node id="7772284100" visible="true" version="1" changeset="88770153" timestamp="2020-07-31T08:19:55Z" user="Tractor" uid="395141" lat="59.9186494" lon="10.8817810"/>
 <node id="7772284101" visible="true" version="1" changeset="88770153" timestamp="2020-07-31T08:19:55Z" user="Tractor" uid="395141" lat="59.9185497" lon="10.8819684"/>
 <node id="7772284102" visible="true" version="1" changeset="88770153" timestamp="2020-07-31T08:19:55Z" user="Tractor" uid="395141" lat="59.9184813" lon="10.8818822"/>
 <node id="7772284103" visible="true" version="1" changeset="88770153" timestamp="2020-07-31T08:19:55Z" user="Tractor" uid="395141" lat="59.9185687" lon="10.8825843"/>
 <node id="7772284104" visible="true" version="1" changeset="88770153" timestamp="2020-07-31T08:19:55Z" user="Tractor" uid="395141" lat="59.9185431" lon="10.8825729"/>
 <node id="7772284105" visible="true" version="1" changeset="88770153" timestamp="2020-07-31T08:19:55Z" user="Tractor" uid="395141" lat="59.9184907" lon="10.8824904"/>
 <node id="7772284106" visible="true" version="1" changeset="88770153" timestamp="2020-07-31T08:19:55Z" user="Tractor" uid="395141" lat="59.9184551" lon="10.8824877"/>
 <node id="7772284107" visible="true" version="1" changeset="88770153" timestamp="2020-07-31T08:19:55Z" user="Tractor" uid="395141" lat="59.9184087" lon="10.8824354"/>
 <node id="7772284108" visible="true" version="1" changeset="88770153" timestamp="2020-07-31T08:19:55Z" user="Tractor" uid="395141" lat="59.9183744" lon="10.8823603"/>
 <node id="7772284109" visible="true" version="1" changeset="88770153" timestamp="2020-07-31T08:19:55Z" user="Tractor" uid="395141" lat="59.9183704" lon="10.8821592"/>
 <node id="7772284110" visible="true" version="1" changeset="88770153" timestamp="2020-07-31T08:19:55Z" user="Tractor" uid="395141" lat="59.9183764" lon="10.8820633"/>
 <node id="7772284111" visible="true" version="1" changeset="88770153" timestamp="2020-07-31T08:19:55Z" user="Tractor" uid="395141" lat="59.9183489" lon="10.8819795"/>
 <node id="7772284112" visible="true" version="1" changeset="88770153" timestamp="2020-07-31T08:19:55Z" user="Tractor" uid="395141" lat="59.9182924" lon="10.8819325"/>
 <node id="7772284113" visible="true" version="1" changeset="88770153" timestamp="2020-07-31T08:19:55Z" user="Tractor" uid="395141" lat="59.9182030" lon="10.8819486"/>
 <node id="7772284114" visible="true" version="1" changeset="88770153" timestamp="2020-07-31T08:19:55Z" user="Tractor" uid="395141" lat="59.9180807" lon="10.8819392"/>
 <node id="7772284115" visible="true" version="1" changeset="88770153" timestamp="2020-07-31T08:19:55Z" user="Tractor" uid="395141" lat="59.9176245" lon="10.8816802"/>
 <node id="7772284116" visible="true" version="1" changeset="88770153" timestamp="2020-07-31T08:19:55Z" user="Tractor" uid="395141" lat="59.9176836" lon="10.8817954"/>
 <node id="7772284117" visible="true" version="1" changeset="88770153" timestamp="2020-07-31T08:19:55Z" user="Tractor" uid="395141" lat="59.9177172" lon="10.8818152"/>
 <node id="7772284118" visible="true" version="1" changeset="88770153" timestamp="2020-07-31T08:19:55Z" user="Tractor" uid="395141" lat="59.9178044" lon="10.8818675"/>
 <node id="7772284119" visible="true" version="1" changeset="88770153" timestamp="2020-07-31T08:19:55Z" user="Tractor" uid="395141" lat="59.9178345" lon="10.8819335"/>
 <node id="7772284120" visible="true" version="1" changeset="88770153" timestamp="2020-07-31T08:19:55Z" user="Tractor" uid="395141" lat="59.9178751" lon="10.8819785"/>
 <node id="7772284121" visible="true" version="1" changeset="88770153" timestamp="2020-07-31T08:19:55Z" user="Tractor" uid="395141" lat="59.9179158" lon="10.8819982"/>
 <node id="7777562616" visible="true" version="1" changeset="88836685" timestamp="2020-08-02T11:08:54Z" user="Tractor" uid="395141" lat="59.9279137" lon="10.8955566"/>
 <node id="7777562617" visible="true" version="1" changeset="88836685" timestamp="2020-08-02T11:08:54Z" user="Tractor" uid="395141" lat="59.9278750" lon="10.8949948"/>
 <node id="7777562641" visible="true" version="1" changeset="88836685" timestamp="2020-08-02T11:08:54Z" user="Tractor" uid="395141" lat="59.9278870" lon="10.8955003"/>
 <node id="7777562642" visible="true" version="1" changeset="88836685" timestamp="2020-08-02T11:08:54Z" user="Tractor" uid="395141" lat="59.9278081" lon="10.8953705"/>
 <node id="7777562643" visible="true" version="1" changeset="88836685" timestamp="2020-08-02T11:08:54Z" user="Tractor" uid="395141" lat="59.9277465" lon="10.8952775"/>
 <node id="7777562644" visible="true" version="1" changeset="88836685" timestamp="2020-08-02T11:08:54Z" user="Tractor" uid="395141" lat="59.9276758" lon="10.8952019"/>
 <node id="7777562645" visible="true" version="1" changeset="88836685" timestamp="2020-08-02T11:08:54Z" user="Tractor" uid="395141" lat="59.9276594" lon="10.8950936"/>
 <node id="7777562646" visible="true" version="1" changeset="88836685" timestamp="2020-08-02T11:08:54Z" user="Tractor" uid="395141" lat="59.9276964" lon="10.8950241"/>
 <node id="7777562647" visible="true" version="1" changeset="88836685" timestamp="2020-08-02T11:08:54Z" user="Tractor" uid="395141" lat="59.9277592" lon="10.8950097"/>
 <node id="7777562648" visible="true" version="1" changeset="88836685" timestamp="2020-08-02T11:08:54Z" user="Tractor" uid="395141" lat="59.9278045" lon="10.8949945"/>
 <node id="7777615112" visible="true" version="1" changeset="88836685" timestamp="2020-08-02T11:08:54Z" user="Tractor" uid="395141" lat="59.9277823" lon="10.8926024"/>
 <node id="7777615122" visible="true" version="1" changeset="88836685" timestamp="2020-08-02T11:08:54Z" user="Tractor" uid="395141" lat="59.9277000" lon="10.8926332"/>
 <node id="7777615123" visible="true" version="1" changeset="88836685" timestamp="2020-08-02T11:08:54Z" user="Tractor" uid="395141" lat="59.9276892" lon="10.8928451"/>
 <node id="7777615124" visible="true" version="1" changeset="88836685" timestamp="2020-08-02T11:08:54Z" user="Tractor" uid="395141" lat="59.9277457" lon="10.8930704"/>
 <node id="7777615125" visible="true" version="1" changeset="88836685" timestamp="2020-08-02T11:08:54Z" user="Tractor" uid="395141" lat="59.9278085" lon="10.8931696"/>
 <node id="7777615151" visible="true" version="1" changeset="88836685" timestamp="2020-08-02T11:08:54Z" user="Tractor" uid="395141" lat="59.9278404" lon="10.8926449"/>
 <node id="8269646435" visible="true" version="1" changeset="96592357" timestamp="2020-12-29T10:29:17Z" user="Euref" uid="10702970" lat="59.9148315" lon="10.8612580"/>
 <node id="8269646436" visible="true" version="1" changeset="96592357" timestamp="2020-12-29T10:29:17Z" user="Euref" uid="10702970" lat="59.9145394" lon="10.8608599"/>
 <node id="8269646437" visible="true" version="1" changeset="96592357" timestamp="2020-12-29T10:29:17Z" user="Euref" uid="10702970" lat="59.9146389" lon="10.8605141"/>
 <node id="8269646438" visible="true" version="1" changeset="96592357" timestamp="2020-12-29T10:29:17Z" user="Euref" uid="10702970" lat="59.9148474" lon="10.8605401"/>
 <node id="8269646439" visible="true" version="1" changeset="96592357" timestamp="2020-12-29T10:29:17Z" user="Euref" uid="10702970" lat="59.9148335" lon="10.8602641"/>
 <node id="8269646440" visible="true" version="1" changeset="96592357" timestamp="2020-12-29T10:29:17Z" user="Euref" uid="10702970" lat="59.9149539" lon="10.8604021"/>
 <node id="8269646441" visible="true" version="1" changeset="96592357" timestamp="2020-12-29T10:29:17Z" user="Euref" uid="10702970" lat="59.9149270" lon="10.8602119"/>
 <node id="8269646442" visible="true" version="1" changeset="96592357" timestamp="2020-12-29T10:29:17Z" user="Euref" uid="10702970" lat="59.9150432" lon="10.8603295"/>
 <node id="8269646443" visible="true" version="1" changeset="96592357" timestamp="2020-12-29T10:29:17Z" user="Euref" uid="10702970" lat="59.9149999" lon="10.8601859"/>
 <node id="8269646444" visible="true" version="1" changeset="96592357" timestamp="2020-12-29T10:29:17Z" user="Euref" uid="10702970" lat="59.9151047" lon="10.8602781"/>
 <node id="8269646445" visible="true" version="1" changeset="96592357" timestamp="2020-12-29T10:29:17Z" user="Euref" uid="10702970" lat="59.9150727" lon="10.8601355"/>
 <node id="8269646446" visible="true" version="1" changeset="96592357" timestamp="2020-12-29T10:29:17Z" user="Euref" uid="10702970" lat="59.9151081" lon="10.8600158"/>
 <node id="8269646447" visible="true" version="1" changeset="96592357" timestamp="2020-12-29T10:29:17Z" user="Euref" uid="10702970" lat="59.9151747" lon="10.8601706"/>
 <node id="8269646448" visible="true" version="1" changeset="96592357" timestamp="2020-12-29T10:29:17Z" user="Euref" uid="10702970" lat="59.9151817" lon="10.8599526"/>
 <node id="8269646449" visible="true" version="1" changeset="96592357" timestamp="2020-12-29T10:29:17Z" user="Euref" uid="10702970" lat="59.9152820" lon="10.8601646"/>
 <node id="8269646450" visible="true" version="1" changeset="96592357" timestamp="2020-12-29T10:29:17Z" user="Euref" uid="10702970" lat="59.9152512" lon="10.8599116"/>
 <node id="8269646451" visible="true" version="1" changeset="96592357" timestamp="2020-12-29T10:29:17Z" user="Euref" uid="10702970" lat="59.9153349" lon="10.8599383"/>
 <node id="8269646452" visible="true" version="1" changeset="96592357" timestamp="2020-12-29T10:29:17Z" user="Euref" uid="10702970" lat="59.9153714" lon="10.8601437"/>
 <node id="8269646453" visible="true" version="1" changeset="96592357" timestamp="2020-12-29T10:29:17Z" user="Euref" uid="10702970" lat="59.9154591" lon="10.8600571"/>
 <node id="8269646454" visible="true" version="1" changeset="96592357" timestamp="2020-12-29T10:29:17Z" user="Euref" uid="10702970" lat="59.9154368" lon="10.8598851"/>
 <node id="8269646455" visible="true" version="1" changeset="96592357" timestamp="2020-12-29T10:29:17Z" user="Euref" uid="10702970" lat="59.9155205" lon="10.8599464"/>
 <node id="8269646456" visible="true" version="1" changeset="96592357" timestamp="2020-12-29T10:29:17Z" user="Euref" uid="10702970" lat="59.9155636" lon="10.8597977"/>
 <node id="8269646457" visible="true" version="1" changeset="96592357" timestamp="2020-12-29T10:29:17Z" user="Euref" uid="10702970" lat="59.9155835" lon="10.8598410"/>
 <node id="8269646458" visible="true" version="1" changeset="96592357" timestamp="2020-12-29T10:29:17Z" user="Euref" uid="10702970" lat="59.9156335" lon="10.8597126"/>
 <node id="8269646459" visible="true" version="1" changeset="96592357" timestamp="2020-12-29T10:29:17Z" user="Euref" uid="10702970" lat="59.9156370" lon="10.8598884"/>
 <node id="8269646460" visible="true" version="1" changeset="96592357" timestamp="2020-12-29T10:29:17Z" user="Euref" uid="10702970" lat="59.9156933" lon="10.8599464"/>
 <node id="8269646461" visible="true" version="1" changeset="96592357" timestamp="2020-12-29T10:29:17Z" user="Euref" uid="10702970" lat="59.9156559" lon="10.8596085"/>
 <node id="8269646462" visible="true" version="1" changeset="96592357" timestamp="2020-12-29T10:29:17Z" user="Euref" uid="10702970" lat="59.9157343" lon="10.8598193"/>
 <node id="8269646463" visible="true" version="1" changeset="96592357" timestamp="2020-12-29T10:29:17Z" user="Euref" uid="10702970" lat="59.9157578" lon="10.8595444"/>
 <node id="8269646464" visible="true" version="1" changeset="96592357" timestamp="2020-12-29T10:29:17Z" user="Euref" uid="10702970" lat="59.9158512" lon="10.8595112"/>
 <node id="8269646465" visible="true" version="1" changeset="96592357" timestamp="2020-12-29T10:29:17Z" user="Euref" uid="10702970" lat="59.9158317" lon="10.8597479"/>
 <node id="8269646466" visible="true" version="1" changeset="96592357" timestamp="2020-12-29T10:29:17Z" user="Euref" uid="10702970" lat="59.9159087" lon="10.8595856"/>
 <node id="8269646467" visible="true" version="1" changeset="96592357" timestamp="2020-12-29T10:29:17Z" user="Euref" uid="10702970" lat="59.9159756" lon="10.8598040"/>
 <node id="8269646468" visible="true" version="1" changeset="96592357" timestamp="2020-12-29T10:29:17Z" user="Euref" uid="10702970" lat="59.9159793" lon="10.8596476"/>
 <node id="8269646469" visible="true" version="1" changeset="96592357" timestamp="2020-12-29T10:29:17Z" user="Euref" uid="10702970" lat="59.9160275" lon="10.8598868"/>
 <node id="8269646470" visible="true" version="1" changeset="96592357" timestamp="2020-12-29T10:29:17Z" user="Euref" uid="10702970" lat="59.9157744" lon="10.8598737"/>
 <node id="8618244006" visible="true" version="1" changeset="102752194" timestamp="2021-04-11T18:51:28Z" user="mapify7" uid="7238959" lat="59.9015867" lon="10.8540815"/>
 <node id="8618244007" visible="true" version="1" changeset="102752194" timestamp="2021-04-11T18:51:28Z" user="mapify7" uid="7238959" lat="59.9018369" lon="10.8538633"/>
 <node id="8618244008" visible="true" version="1" changeset="102752194" timestamp="2021-04-11T18:51:28Z" user="mapify7" uid="7238959" lat="59.9019028" lon="10.8539393"/>
 <node id="8618244009" visible="true" version="1" changeset="102752194" timestamp="2021-04-11T18:51:28Z" user="mapify7" uid="7238959" lat="59.9015403" lon="10.8542801"/>
 <node id="8618244010" visible="true" version="1" changeset="102752194" timestamp="2021-04-11T18:51:28Z" user="mapify7" uid="7238959" lat="59.9013641" lon="10.8544564"/>
 <node id="8618244011" visible="true" version="1" changeset="102752194" timestamp="2021-04-11T18:51:28Z" user="mapify7" uid="7238959" lat="59.9009081" lon="10.8541343"/>
 <node id="8618244012" visible="true" version="1" changeset="102752194" timestamp="2021-04-11T18:51:28Z" user="mapify7" uid="7238959" lat="59.9007966" lon="10.8539873"/>
 <node id="8618244013" visible="true" version="1" changeset="102752194" timestamp="2021-04-11T18:51:28Z" user="mapify7" uid="7238959" lat="59.9006503" lon="10.8537301"/>
 <node id="8618244014" visible="true" version="1" changeset="102752194" timestamp="2021-04-11T18:51:28Z" user="mapify7" uid="7238959" lat="59.9005418" lon="10.8534842"/>
 <node id="8618244015" visible="true" version="1" changeset="102752194" timestamp="2021-04-11T18:51:28Z" user="mapify7" uid="7238959" lat="59.9004849" lon="10.8535798"/>
 <node id="8618244016" visible="true" version="1" changeset="102752194" timestamp="2021-04-11T18:51:28Z" user="mapify7" uid="7238959" lat="59.9005792" lon="10.8535951"/>
 <node id="8618549317" visible="true" version="1" changeset="102752194" timestamp="2021-04-11T18:51:28Z" user="mapify7" uid="7238959" lat="59.9005066" lon="10.8534998"/>
 <node id="8618549318" visible="true" version="1" changeset="102752194" timestamp="2021-04-11T18:51:28Z" user="mapify7" uid="7238959" lat="59.9003948" lon="10.8535511"/>
 <node id="8618549319" visible="true" version="1" changeset="102752194" timestamp="2021-04-11T18:51:28Z" user="mapify7" uid="7238959" lat="59.9011380" lon="10.8546250"/>
 <node id="8618549320" visible="true" version="1" changeset="102752194" timestamp="2021-04-11T18:51:28Z" user="mapify7" uid="7238959" lat="59.9014586" lon="10.8541388"/>
 <node id="8618549321" visible="true" version="1" changeset="102752194" timestamp="2021-04-11T18:51:28Z" user="mapify7" uid="7238959" lat="59.9011511" lon="10.8541996"/>
 <node id="8618549322" visible="true" version="1" changeset="102752194" timestamp="2021-04-11T18:51:28Z" user="mapify7" uid="7238959" lat="59.9010054" lon="10.8542059"/>
 <node id="8618549334" visible="true" version="1" changeset="102752194" timestamp="2021-04-11T18:51:28Z" user="mapify7" uid="7238959" lat="59.9013110" lon="10.8545710"/>
 <node id="8618549335" visible="true" version="1" changeset="102752194" timestamp="2021-04-11T18:51:28Z" user="mapify7" uid="7238959" lat="59.9012810" lon="10.8547530"/>
 <node id="8618549336" visible="true" version="1" changeset="102752194" timestamp="2021-04-11T18:51:28Z" user="mapify7" uid="7238959" lat="59.9011921" lon="10.8547557"/>
 <node id="8618549337" visible="true" version="1" changeset="102752194" timestamp="2021-04-11T18:51:28Z" user="mapify7" uid="7238959" lat="59.9002433" lon="10.8544169"/>
 <node id="8618549365" visible="true" version="1" changeset="102752194" timestamp="2021-04-11T18:51:28Z" user="mapify7" uid="7238959" lat="59.9004802" lon="10.8534048"/>
 <node id="8618549366" visible="true" version="1" changeset="102752194" timestamp="2021-04-11T18:51:28Z" user="mapify7" uid="7238959" lat="59.9004959" lon="10.8533037"/>
 <node id="8763604690" visible="true" version="2" changeset="150707356" timestamp="2024-04-30T13:06:26Z" user="harahu" uid="10233897" lat="59.9033300" lon="10.8769682"/>
 <node id="8763604691" visible="true" version="2" changeset="150707356" timestamp="2024-04-30T13:06:26Z" user="harahu" uid="10233897" lat="59.9034925" lon="10.8769663"/>
 <node id="8763604692" visible="true" version="2" changeset="150707356" timestamp="2024-04-30T13:06:26Z" user="harahu" uid="10233897" lat="59.9043359" lon="10.8769925"/>
 <node id="8763604693" visible="true" version="2" changeset="150707356" timestamp="2024-04-30T13:06:26Z" user="harahu" uid="10233897" lat="59.9053471" lon="10.8768906"/>
 <node id="8763604694" visible="true" version="2" changeset="150707356" timestamp="2024-04-30T13:06:26Z" user="harahu" uid="10233897" lat="59.9056325" lon="10.8768432"/>
 <node id="8763604695" visible="true" version="2" changeset="150707356" timestamp="2024-04-30T13:06:26Z" user="harahu" uid="10233897" lat="59.9067572" lon="10.8763422"/>
 <node id="8763604696" visible="true" version="2" changeset="150707356" timestamp="2024-04-30T13:06:26Z" user="harahu" uid="10233897" lat="59.9080633" lon="10.8769219"/>
 <node id="8763604697" visible="true" version="2" changeset="150707356" timestamp="2024-04-30T13:06:26Z" user="harahu" uid="10233897" lat="59.9084389" lon="10.8774773"/>
 <node id="8763604698" visible="true" version="2" changeset="150707356" timestamp="2024-04-30T13:06:26Z" user="harahu" uid="10233897" lat="59.9088165" lon="10.8778965"/>
 <node id="8763604699" visible="true" version="2" changeset="150707356" timestamp="2024-04-30T13:06:26Z" user="harahu" uid="10233897" lat="59.9095029" lon="10.8780159"/>
 <node id="8763604700" visible="true" version="2" changeset="150707356" timestamp="2024-04-30T13:06:26Z" user="harahu" uid="10233897" lat="59.9102263" lon="10.8780613"/>
 <node id="8763604701" visible="true" version="2" changeset="150707356" timestamp="2024-04-30T13:06:26Z" user="harahu" uid="10233897" lat="59.9106926" lon="10.8781080"/>
 <node id="8763604702" visible="true" version="2" changeset="150707356" timestamp="2024-04-30T13:06:26Z" user="harahu" uid="10233897" lat="59.9113122" lon="10.8785280"/>
 <node id="8763604703" visible="true" version="2" changeset="150707356" timestamp="2024-04-30T13:06:26Z" user="harahu" uid="10233897" lat="59.9118170" lon="10.8793504"/>
 <node id="8763604704" visible="true" version="2" changeset="150707356" timestamp="2024-04-30T13:06:26Z" user="harahu" uid="10233897" lat="59.9122843" lon="10.8799805"/>
 <node id="8763604705" visible="true" version="2" changeset="150707356" timestamp="2024-04-30T13:06:26Z" user="harahu" uid="10233897" lat="59.9136269" lon="10.8812297"/>
 <node id="8763604706" visible="true" version="3" changeset="150707356" timestamp="2024-04-30T13:06:26Z" user="harahu" uid="10233897" lat="59.9147163" lon="10.8819303"/>
 <node id="8763604707" visible="true" version="2" changeset="150707356" timestamp="2024-04-30T13:06:26Z" user="harahu" uid="10233897" lat="59.9151424" lon="10.8824665"/>
 <node id="8763604708" visible="true" version="2" changeset="150707356" timestamp="2024-04-30T13:06:26Z" user="harahu" uid="10233897" lat="59.9153898" lon="10.8825650"/>
 <node id="8763604709" visible="true" version="2" changeset="150707356" timestamp="2024-04-30T13:06:26Z" user="harahu" uid="10233897" lat="59.9157374" lon="10.8824315"/>
 <node id="8763604710" visible="true" version="2" changeset="150707356" timestamp="2024-04-30T13:06:26Z" user="harahu" uid="10233897" lat="59.9165097" lon="10.8825579"/>
 <node id="8763630333" visible="true" version="1" changeset="105268191" timestamp="2021-05-25T06:57:13Z" user="harahu" uid="10233897" lat="59.9044903" lon="10.8738490"/>
 <node id="8937959704" visible="true" version="1" changeset="108353141" timestamp="2021-07-21T08:11:07Z" user="MaxMad" uid="706634" lat="59.9017722" lon="10.8758881"/>
 <node id="8937959705" visible="true" version="1" changeset="108353141" timestamp="2021-07-21T08:11:07Z" user="MaxMad" uid="706634" lat="59.9022968" lon="10.8761029"/>
 <node id="8937959706" visible="true" version="1" changeset="108353141" timestamp="2021-07-21T08:11:07Z" user="MaxMad" uid="706634" lat="59.9027558" lon="10.8763084"/>
 <node id="8937959707" visible="true" version="1" changeset="108353141" timestamp="2021-07-21T08:11:07Z" user="MaxMad" uid="706634" lat="59.9031961" lon="10.8761029"/>
 <node id="8937959708" visible="true" version="1" changeset="108353141" timestamp="2021-07-21T08:11:07Z" user="MaxMad" uid="706634" lat="59.9035614" lon="10.8757480"/>
 <node id="8937959709" visible="true" version="1" changeset="108353141" timestamp="2021-07-21T08:11:07Z" user="MaxMad" uid="706634" lat="59.9038331" lon="10.8751316"/>
 <node id="8937959710" visible="true" version="1" changeset="108353141" timestamp="2021-07-21T08:11:07Z" user="MaxMad" uid="706634" lat="59.9041188" lon="10.8745338"/>
 <node id="8937959711" visible="true" version="1" changeset="108353141" timestamp="2021-07-21T08:11:07Z" user="MaxMad" uid="706634" lat="59.9046714" lon="10.8738987"/>
 <node id="8937959712" visible="true" version="1" changeset="108353141" timestamp="2021-07-21T08:11:07Z" user="MaxMad" uid="706634" lat="59.9052885" lon="10.8734024"/>
 <node id="8937959713" visible="true" version="1" changeset="108353141" timestamp="2021-07-21T08:11:07Z" user="MaxMad" uid="706634" lat="59.9056779" lon="10.8733251"/>
 <node id="8937959714" visible="true" version="1" changeset="108353141" timestamp="2021-07-21T08:11:07Z" user="MaxMad" uid="706634" lat="59.9058984" lon="10.8739721"/>
 <node id="8937959715" visible="true" version="1" changeset="108353141" timestamp="2021-07-21T08:11:07Z" user="MaxMad" uid="706634" lat="59.9063278" lon="10.8735408"/>
 <node id="8937959716" visible="true" version="1" changeset="108353141" timestamp="2021-07-21T08:11:07Z" user="MaxMad" uid="706634" lat="59.9065410" lon="10.8734669"/>
 <node id="8938022317" visible="true" version="1" changeset="108353141" timestamp="2021-07-21T08:11:07Z" user="MaxMad" uid="706634" lat="59.9066708" lon="10.8730971"/>
 <node id="8938022318" visible="true" version="2" changeset="170312210" timestamp="2025-08-11T20:30:46Z" user="Marius Løkken" uid="20041403" lat="59.9092236" lon="10.8724757"/>
 <node id="9038967720" visible="true" version="1" changeset="110307654" timestamp="2021-08-26T20:57:00Z" user="harahu" uid="10233897" lat="59.9012502" lon="10.8813202"/>
 <node id="9039508308" visible="true" version="1" changeset="110318089" timestamp="2021-08-27T05:44:31Z" user="harahu" uid="10233897" lat="59.9052399" lon="10.8798900"/>
 <node id="9039508309" visible="true" version="1" changeset="110318089" timestamp="2021-08-27T05:44:31Z" user="harahu" uid="10233897" lat="59.9047956" lon="10.8796197"/>
 <node id="9039508310" visible="true" version="1" changeset="110318089" timestamp="2021-08-27T05:44:31Z" user="harahu" uid="10233897" lat="59.9032394" lon="10.8781973"/>
 <node id="9039508311" visible="true" version="1" changeset="110318089" timestamp="2021-08-27T05:44:31Z" user="harahu" uid="10233897" lat="59.9022532" lon="10.8779248"/>
 <node id="9039508312" visible="true" version="1" changeset="110318089" timestamp="2021-08-27T05:44:31Z" user="harahu" uid="10233897" lat="59.9037760" lon="10.8788259"/>
 <node id="9039508313" visible="true" version="1" changeset="110318089" timestamp="2021-08-27T05:44:31Z" user="harahu" uid="10233897" lat="59.9039652" lon="10.8788079"/>
 <node id="9039508314" visible="true" version="1" changeset="110318089" timestamp="2021-08-27T05:44:31Z" user="harahu" uid="10233897" lat="59.9060115" lon="10.8808322"/>
 <node id="9039508315" visible="true" version="1" changeset="110318089" timestamp="2021-08-27T05:44:31Z" user="harahu" uid="10233897" lat="59.9063116" lon="10.8804744"/>
 <node id="9039508316" visible="true" version="1" changeset="110318089" timestamp="2021-08-27T05:44:31Z" user="harahu" uid="10233897" lat="59.9066839" lon="10.8801207"/>
 <node id="9039541317" visible="true" version="1" changeset="110318089" timestamp="2021-08-27T05:44:31Z" user="harahu" uid="10233897" lat="59.9069164" lon="10.8799378"/>
 <node id="9039541318" visible="true" version="1" changeset="110318089" timestamp="2021-08-27T05:44:31Z" user="harahu" uid="10233897" lat="59.9071838" lon="10.8797896"/>
 <node id="9039541319" visible="true" version="1" changeset="110318089" timestamp="2021-08-27T05:44:31Z" user="harahu" uid="10233897" lat="59.9072502" lon="10.8796251"/>
 <node id="9039541320" visible="true" version="1" changeset="110318089" timestamp="2021-08-27T05:44:31Z" user="harahu" uid="10233897" lat="59.9072756" lon="10.8793115"/>
 <node id="9039541321" visible="true" version="1" changeset="110318089" timestamp="2021-08-27T05:44:31Z" user="harahu" uid="10233897" lat="59.9072186" lon="10.8791558"/>
 <node id="9039541322" visible="true" version="1" changeset="110318089" timestamp="2021-08-27T05:44:31Z" user="harahu" uid="10233897" lat="59.9071004" lon="10.8790563"/>
 <node id="9039541323" visible="true" version="1" changeset="110318089" timestamp="2021-08-27T05:44:31Z" user="harahu" uid="10233897" lat="59.9071883" lon="10.8801613"/>
 <node id="9039541324" visible="true" version="1" changeset="110318089" timestamp="2021-08-27T05:44:31Z" user="harahu" uid="10233897" lat="59.9071512" lon="10.8806659"/>
 <node id="9039541325" visible="true" version="1" changeset="110318089" timestamp="2021-08-27T05:44:31Z" user="harahu" uid="10233897" lat="59.9071098" lon="10.8810290"/>
 <node id="9039541326" visible="true" version="1" changeset="110318089" timestamp="2021-08-27T05:44:31Z" user="harahu" uid="10233897" lat="59.9070923" lon="10.8816590"/>
 <node id="9039541327" visible="true" version="1" changeset="110318089" timestamp="2021-08-27T05:44:31Z" user="harahu" uid="10233897" lat="59.9063665" lon="10.8815292"/>
 <node id="9039541328" visible="true" version="1" changeset="110318089" timestamp="2021-08-27T05:44:31Z" user="harahu" uid="10233897" lat="59.9067401" lon="10.8816779"/>
 <node id="9039541329" visible="true" version="1" changeset="110318089" timestamp="2021-08-27T05:44:31Z" user="harahu" uid="10233897" lat="59.9074497" lon="10.8812602"/>
 <node id="9039541330" visible="true" version="1" changeset="110318089" timestamp="2021-08-27T05:44:31Z" user="harahu" uid="10233897" lat="59.9074373" lon="10.8808360"/>
 <node id="9039541331" visible="true" version="1" changeset="110318089" timestamp="2021-08-27T05:44:31Z" user="harahu" uid="10233897" lat="59.9072673" lon="10.8803744"/>
 <node id="9039541332" visible="true" version="1" changeset="110318089" timestamp="2021-08-27T05:44:31Z" user="harahu" uid="10233897" lat="59.9065627" lon="10.8795903"/>
 <node id="9039541333" visible="true" version="1" changeset="110318089" timestamp="2021-08-27T05:44:31Z" user="harahu" uid="10233897" lat="59.9067995" lon="10.8795404"/>
 <node id="9039541334" visible="true" version="1" changeset="110318089" timestamp="2021-08-27T05:44:31Z" user="harahu" uid="10233897" lat="59.9069200" lon="10.8795910"/>
 <node id="9039541335" visible="true" version="1" changeset="110318089" timestamp="2021-08-27T05:44:31Z" user="harahu" uid="10233897" lat="59.9069549" lon="10.8799164"/>
 <node id="9039541336" visible="true" version="1" changeset="110318089" timestamp="2021-08-27T05:44:31Z" user="harahu" uid="10233897" lat="59.9070955" lon="10.8793769"/>
 <node id="9039541337" visible="true" version="1" changeset="110318089" timestamp="2021-08-27T05:44:31Z" user="harahu" uid="10233897" lat="59.9071426" lon="10.8793113"/>
 <node id="9039541340" visible="true" version="1" changeset="110318089" timestamp="2021-08-27T05:44:31Z" user="harahu" uid="10233897" lat="59.9058492" lon="10.8829449"/>
 <node id="9039541342" visible="true" version="1" changeset="110318089" timestamp="2021-08-27T05:44:31Z" user="harahu" uid="10233897" lat="59.9061173" lon="10.8827657"/>
 <node id="9039558060" visible="true" version="1" changeset="110318584" timestamp="2021-08-27T05:55:09Z" user="harahu" uid="10233897" lat="59.9057974" lon="10.8826390"/>
 <node id="9039558061" visible="true" version="1" changeset="110318584" timestamp="2021-08-27T05:55:09Z" user="harahu" uid="10233897" lat="59.9056560" lon="10.8822581"/>
 <node id="9039558074" visible="true" version="1" changeset="110318584" timestamp="2021-08-27T05:55:09Z" user="harahu" uid="10233897" lat="59.9061114" lon="10.8870156"/>
 <node id="9039558075" visible="true" version="1" changeset="110318584" timestamp="2021-08-27T05:55:09Z" user="harahu" uid="10233897" lat="59.9058332" lon="10.8887884"/>
 <node id="9039558076" visible="true" version="1" changeset="110318584" timestamp="2021-08-27T05:55:09Z" user="harahu" uid="10233897" lat="59.9044770" lon="10.8883961"/>
 <node id="9041099584" visible="true" version="1" changeset="110346461" timestamp="2021-08-27T14:48:53Z" user="harahu" uid="10233897" lat="59.9123607" lon="10.8827963"/>
 <node id="9041099585" visible="true" version="1" changeset="110346461" timestamp="2021-08-27T14:48:53Z" user="harahu" uid="10233897" lat="59.9113063" lon="10.8826120"/>
 <node id="9041099586" visible="true" version="1" changeset="110346461" timestamp="2021-08-27T14:48:53Z" user="harahu" uid="10233897" lat="59.9112824" lon="10.8822591"/>
 <node id="9041099587" visible="true" version="1" changeset="110346461" timestamp="2021-08-27T14:48:53Z" user="harahu" uid="10233897" lat="59.9112138" lon="10.8820376"/>
 <node id="9041099588" visible="true" version="1" changeset="110346461" timestamp="2021-08-27T14:48:53Z" user="harahu" uid="10233897" lat="59.9111512" lon="10.8819577"/>
 <node id="9041099589" visible="true" version="1" changeset="110346461" timestamp="2021-08-27T14:48:53Z" user="harahu" uid="10233897" lat="59.9109784" lon="10.8819678"/>
 <node id="9041099590" visible="true" version="1" changeset="110346461" timestamp="2021-08-27T14:48:53Z" user="harahu" uid="10233897" lat="59.9107355" lon="10.8817975"/>
 <node id="9041099591" visible="true" version="1" changeset="110346461" timestamp="2021-08-27T14:48:53Z" user="harahu" uid="10233897" lat="59.9106725" lon="10.8817511"/>
 <node id="9041099592" visible="true" version="1" changeset="110346461" timestamp="2021-08-27T14:48:53Z" user="harahu" uid="10233897" lat="59.9105387" lon="10.8818545"/>
 <node id="9041099593" visible="true" version="1" changeset="110346461" timestamp="2021-08-27T14:48:53Z" user="harahu" uid="10233897" lat="59.9104519" lon="10.8819849"/>
 <node id="9041099594" visible="true" version="1" changeset="110346461" timestamp="2021-08-27T14:48:53Z" user="harahu" uid="10233897" lat="59.9103894" lon="10.8819860"/>
 <node id="9041099595" visible="true" version="1" changeset="110346461" timestamp="2021-08-27T14:48:53Z" user="harahu" uid="10233897" lat="59.9102366" lon="10.8818674"/>
 <node id="9041099596" visible="true" version="1" changeset="110346461" timestamp="2021-08-27T14:48:53Z" user="harahu" uid="10233897" lat="59.9099974" lon="10.8818932"/>
 <node id="9041099597" visible="true" version="1" changeset="110346461" timestamp="2021-08-27T14:48:53Z" user="harahu" uid="10233897" lat="59.9097466" lon="10.8821097"/>
 <node id="9041099598" visible="true" version="1" changeset="110346461" timestamp="2021-08-27T14:48:53Z" user="harahu" uid="10233897" lat="59.9095484" lon="10.8820012"/>
 <node id="9041099599" visible="true" version="1" changeset="110346461" timestamp="2021-08-27T14:48:53Z" user="harahu" uid="10233897" lat="59.9092990" lon="10.8820928"/>
 <node id="9041099600" visible="true" version="1" changeset="110346461" timestamp="2021-08-27T14:48:53Z" user="harahu" uid="10233897" lat="59.9091084" lon="10.8822134"/>
 <node id="9041099601" visible="true" version="1" changeset="110346461" timestamp="2021-08-27T14:48:53Z" user="harahu" uid="10233897" lat="59.9088584" lon="10.8822722"/>
 <node id="9041099602" visible="true" version="1" changeset="110346461" timestamp="2021-08-27T14:48:53Z" user="harahu" uid="10233897" lat="59.9086134" lon="10.8823488"/>
 <node id="9041099603" visible="true" version="1" changeset="110346461" timestamp="2021-08-27T14:48:53Z" user="harahu" uid="10233897" lat="59.9084830" lon="10.8823647"/>
 <node id="9041099604" visible="true" version="1" changeset="110346461" timestamp="2021-08-27T14:48:53Z" user="harahu" uid="10233897" lat="59.9083748" lon="10.8824105"/>
 <node id="9041099605" visible="true" version="1" changeset="110346461" timestamp="2021-08-27T14:48:53Z" user="harahu" uid="10233897" lat="59.9082100" lon="10.8826560"/>
 <node id="9041099606" visible="true" version="1" changeset="110346461" timestamp="2021-08-27T14:48:53Z" user="harahu" uid="10233897" lat="59.9085447" lon="10.8823572"/>
 <node id="9041099607" visible="true" version="1" changeset="110346461" timestamp="2021-08-27T14:48:53Z" user="harahu" uid="10233897" lat="59.9085057" lon="10.8825764"/>
 <node id="9041099608" visible="true" version="2" changeset="172826624" timestamp="2025-10-04T11:29:24Z" user="Marius Løkken" uid="20041403" lat="59.9084488" lon="10.8828091"/>
 <node id="9041099609" visible="true" version="1" changeset="110346461" timestamp="2021-08-27T14:48:53Z" user="harahu" uid="10233897" lat="59.9097010" lon="10.8831148"/>
 <node id="9041099610" visible="true" version="1" changeset="110346461" timestamp="2021-08-27T14:48:53Z" user="harahu" uid="10233897" lat="59.9089743" lon="10.8829480"/>
 <node id="9041099611" visible="true" version="1" changeset="110346461" timestamp="2021-08-27T14:48:53Z" user="harahu" uid="10233897" lat="59.9099448" lon="10.8822613"/>
 <node id="9041099612" visible="true" version="1" changeset="110346461" timestamp="2021-08-27T14:48:53Z" user="harahu" uid="10233897" lat="59.9100658" lon="10.8824374"/>
 <node id="9041099613" visible="true" version="1" changeset="110346461" timestamp="2021-08-27T14:48:53Z" user="harahu" uid="10233897" lat="59.9103488" lon="10.8822965"/>
 <node id="9041099614" visible="true" version="1" changeset="110346461" timestamp="2021-08-27T14:48:53Z" user="harahu" uid="10233897" lat="59.9106034" lon="10.8823204"/>
 <node id="9041099615" visible="true" version="1" changeset="110346461" timestamp="2021-08-27T14:48:53Z" user="harahu" uid="10233897" lat="59.9107081" lon="10.8822897"/>
 <node id="9041099616" visible="true" version="1" changeset="110346461" timestamp="2021-08-27T14:48:53Z" user="harahu" uid="10233897" lat="59.9108030" lon="10.8824095"/>
 <node id="9041134125" visible="true" version="2" changeset="172826624" timestamp="2025-10-04T11:29:24Z" user="Marius Løkken" uid="20041403" lat="59.9096281" lon="10.8831211"/>
 <node id="9041134126" visible="true" version="1" changeset="110346461" timestamp="2021-08-27T14:48:53Z" user="harahu" uid="10233897" lat="59.9112426" lon="10.8821306"/>
 <node id="9041134127" visible="true" version="1" changeset="110346461" timestamp="2021-08-27T14:48:53Z" user="harahu" uid="10233897" lat="59.9113509" lon="10.8821158"/>
 <node id="9041134128" visible="true" version="1" changeset="110346461" timestamp="2021-08-27T14:48:53Z" user="harahu" uid="10233897" lat="59.9114925" lon="10.8821761"/>
 <node id="9041134129" visible="true" version="1" changeset="110346461" timestamp="2021-08-27T14:48:53Z" user="harahu" uid="10233897" lat="59.9116322" lon="10.8821612"/>
 <node id="9041134130" visible="true" version="1" changeset="110346461" timestamp="2021-08-27T14:48:53Z" user="harahu" uid="10233897" lat="59.9117291" lon="10.8822222"/>
 <node id="9041134131" visible="true" version="1" changeset="110346461" timestamp="2021-08-27T14:48:53Z" user="harahu" uid="10233897" lat="59.9118841" lon="10.8822407"/>
 <node id="9041134132" visible="true" version="1" changeset="110346461" timestamp="2021-08-27T14:48:53Z" user="harahu" uid="10233897" lat="59.9119646" lon="10.8823857"/>
 <node id="9041134133" visible="true" version="1" changeset="110346461" timestamp="2021-08-27T14:48:53Z" user="harahu" uid="10233897" lat="59.9120897" lon="10.8824316"/>
 <node id="9041134134" visible="true" version="1" changeset="110346461" timestamp="2021-08-27T14:48:53Z" user="harahu" uid="10233897" lat="59.9121251" lon="10.8825992"/>
 <node id="9041134135" visible="true" version="1" changeset="110346461" timestamp="2021-08-27T14:48:53Z" user="harahu" uid="10233897" lat="59.9121842" lon="10.8828074"/>
 <node id="9041260468" visible="true" version="1" changeset="110349163" timestamp="2021-08-27T15:54:01Z" user="harahu" uid="10233897" lat="59.9033939" lon="10.8728180"/>
 <node id="9041260471" visible="true" version="1" changeset="110349163" timestamp="2021-08-27T15:54:01Z" user="harahu" uid="10233897" lat="59.9003660" lon="10.8740036"/>
 <node id="9041260472" visible="true" version="1" changeset="110349163" timestamp="2021-08-27T15:54:01Z" user="harahu" uid="10233897" lat="59.9003912" lon="10.8741772"/>
 <node id="9041260473" visible="true" version="1" changeset="110349163" timestamp="2021-08-27T15:54:01Z" user="harahu" uid="10233897" lat="59.9004232" lon="10.8742930"/>
 <node id="9041260474" visible="true" version="1" changeset="110349163" timestamp="2021-08-27T15:54:01Z" user="harahu" uid="10233897" lat="59.9008664" lon="10.8743980"/>
 <node id="9041260477" visible="true" version="1" changeset="110349163" timestamp="2021-08-27T15:54:01Z" user="harahu" uid="10233897" lat="59.9009597" lon="10.8744647"/>
 <node id="9041260478" visible="true" version="1" changeset="110349163" timestamp="2021-08-27T15:54:01Z" user="harahu" uid="10233897" lat="59.9013614" lon="10.8745628"/>
 <node id="9041289781" visible="true" version="1" changeset="110349973" timestamp="2021-08-27T16:13:08Z" user="harahu" uid="10233897" lat="59.9118316" lon="10.8729340"/>
 <node id="9041289782" visible="true" version="1" changeset="110349973" timestamp="2021-08-27T16:13:08Z" user="harahu" uid="10233897" lat="59.9121617" lon="10.8727308"/>
 <node id="9041289783" visible="true" version="1" changeset="110349973" timestamp="2021-08-27T16:13:08Z" user="harahu" uid="10233897" lat="59.9138169" lon="10.8739065"/>
 <node id="9041289784" visible="true" version="1" changeset="110349973" timestamp="2021-08-27T16:13:08Z" user="harahu" uid="10233897" lat="59.9137915" lon="10.8741816"/>
 <node id="9041289785" visible="true" version="1" changeset="110349973" timestamp="2021-08-27T16:13:08Z" user="harahu" uid="10233897" lat="59.9141738" lon="10.8741951"/>
 <node id="9041289786" visible="true" version="1" changeset="110349973" timestamp="2021-08-27T16:13:08Z" user="harahu" uid="10233897" lat="59.9146218" lon="10.8743872"/>
 <node id="9041289787" visible="true" version="1" changeset="110349973" timestamp="2021-08-27T16:13:08Z" user="harahu" uid="10233897" lat="59.9149100" lon="10.8743088"/>
 <node id="9041289788" visible="true" version="1" changeset="110349973" timestamp="2021-08-27T16:13:08Z" user="harahu" uid="10233897" lat="59.9166227" lon="10.8746974"/>
 <node id="9041289789" visible="true" version="1" changeset="110349973" timestamp="2021-08-27T16:13:08Z" user="harahu" uid="10233897" lat="59.9169966" lon="10.8743873"/>
 <node id="9041289790" visible="true" version="1" changeset="110349973" timestamp="2021-08-27T16:13:08Z" user="harahu" uid="10233897" lat="59.9173476" lon="10.8742986"/>
 <node id="9041298168" visible="true" version="1" changeset="110349654" timestamp="2021-08-27T16:06:13Z" user="harahu" uid="10233897" lat="59.9183306" lon="10.8751345"/>
 <node id="9041298169" visible="true" version="1" changeset="110349654" timestamp="2021-08-27T16:06:13Z" user="harahu" uid="10233897" lat="59.9183183" lon="10.8752361"/>
 <node id="9041298170" visible="true" version="1" changeset="110349654" timestamp="2021-08-27T16:06:13Z" user="harahu" uid="10233897" lat="59.9193690" lon="10.8753805"/>
 <node id="9041298171" visible="true" version="1" changeset="110349654" timestamp="2021-08-27T16:06:13Z" user="harahu" uid="10233897" lat="59.9197431" lon="10.8756440"/>
 <node id="9041298172" visible="true" version="1" changeset="110349654" timestamp="2021-08-27T16:06:13Z" user="harahu" uid="10233897" lat="59.9194777" lon="10.8754649"/>
 <node id="9041298173" visible="true" version="1" changeset="110349654" timestamp="2021-08-27T16:06:13Z" user="harahu" uid="10233897" lat="59.9197718" lon="10.8751432"/>
 <node id="9041298174" visible="true" version="1" changeset="110349654" timestamp="2021-08-27T16:06:13Z" user="harahu" uid="10233897" lat="59.9200411" lon="10.8749842"/>
 <node id="9041298175" visible="true" version="1" changeset="110349654" timestamp="2021-08-27T16:06:13Z" user="harahu" uid="10233897" lat="59.9203781" lon="10.8749114"/>
 <node id="9041298176" visible="true" version="1" changeset="110349654" timestamp="2021-08-27T16:06:13Z" user="harahu" uid="10233897" lat="59.9195471" lon="10.8739421"/>
 <node id="9041298177" visible="true" version="1" changeset="110349654" timestamp="2021-08-27T16:06:13Z" user="harahu" uid="10233897" lat="59.9198063" lon="10.8736285"/>
 <node id="9041298178" visible="true" version="1" changeset="110349654" timestamp="2021-08-27T16:06:13Z" user="harahu" uid="10233897" lat="59.9209190" lon="10.8733109"/>
 <node id="9041298186" visible="true" version="1" changeset="110349654" timestamp="2021-08-27T16:06:13Z" user="harahu" uid="10233897" lat="59.9195717" lon="10.8725463"/>
 <node id="9041298187" visible="true" version="1" changeset="110349654" timestamp="2021-08-27T16:06:13Z" user="harahu" uid="10233897" lat="59.9198060" lon="10.8739474"/>
 <node id="9041298188" visible="true" version="1" changeset="110349654" timestamp="2021-08-27T16:06:13Z" user="harahu" uid="10233897" lat="59.9201866" lon="10.8738545"/>
 <node id="9041298189" visible="true" version="1" changeset="110349654" timestamp="2021-08-27T16:06:13Z" user="harahu" uid="10233897" lat="59.9205439" lon="10.8737341"/>
 <node id="9041298190" visible="true" version="1" changeset="110349654" timestamp="2021-08-27T16:06:13Z" user="harahu" uid="10233897" lat="59.9206506" lon="10.8739344"/>
 <node id="9041298191" visible="true" version="1" changeset="110349654" timestamp="2021-08-27T16:06:13Z" user="harahu" uid="10233897" lat="59.9207714" lon="10.8740266"/>
 <node id="9041298192" visible="true" version="1" changeset="110349654" timestamp="2021-08-27T16:06:13Z" user="harahu" uid="10233897" lat="59.9209172" lon="10.8740098"/>
 <node id="9041298193" visible="true" version="1" changeset="110349654" timestamp="2021-08-27T16:06:13Z" user="harahu" uid="10233897" lat="59.9209906" lon="10.8742530"/>
 <node id="9041298194" visible="true" version="1" changeset="110349654" timestamp="2021-08-27T16:06:13Z" user="harahu" uid="10233897" lat="59.9210848" lon="10.8745260"/>
 <node id="9041309785" visible="true" version="1" changeset="110350219" timestamp="2021-08-27T16:19:26Z" user="harahu" uid="10233897" lat="59.9062212" lon="10.8876603"/>
 <node id="9041309790" visible="true" version="1" changeset="110350219" timestamp="2021-08-27T16:19:26Z" user="harahu" uid="10233897" lat="59.9063542" lon="10.8883153"/>
 <node id="9042667161" visible="true" version="1" changeset="110375149" timestamp="2021-08-28T10:43:34Z" user="harahu" uid="10233897" lat="59.9157692" lon="10.8730249"/>
 <node id="9042667162" visible="true" version="1" changeset="110375149" timestamp="2021-08-28T10:43:34Z" user="harahu" uid="10233897" lat="59.9159066" lon="10.8735981"/>
 <node id="9042667163" visible="true" version="1" changeset="110375149" timestamp="2021-08-28T10:43:34Z" user="harahu" uid="10233897" lat="59.9156801" lon="10.8736777"/>
 <node id="9042667164" visible="true" version="1" changeset="110375149" timestamp="2021-08-28T10:43:34Z" user="harahu" uid="10233897" lat="59.9154423" lon="10.8736249"/>
 <node id="9042667165" visible="true" version="1" changeset="110375149" timestamp="2021-08-28T10:43:34Z" user="harahu" uid="10233897" lat="59.9152324" lon="10.8734790"/>
 <node id="9042667166" visible="true" version="1" changeset="110375149" timestamp="2021-08-28T10:43:34Z" user="harahu" uid="10233897" lat="59.9149780" lon="10.8732350"/>
 <node id="9042667167" visible="true" version="1" changeset="110375149" timestamp="2021-08-28T10:43:34Z" user="harahu" uid="10233897" lat="59.9148704" lon="10.8731435"/>
 <node id="9042667168" visible="true" version="1" changeset="110375149" timestamp="2021-08-28T10:43:34Z" user="harahu" uid="10233897" lat="59.9147057" lon="10.8728264"/>
 <node id="9042667169" visible="true" version="2" changeset="150701096" timestamp="2024-04-30T10:49:02Z" user="harahu" uid="10233897" lat="59.9146241" lon="10.8726965"/>
 <node id="9162645922" visible="true" version="1" changeset="112336822" timestamp="2021-10-10T14:44:24Z" user="NKA" uid="3497659" lat="59.9182251" lon="10.8824797"/>
 <node id="9162645923" visible="true" version="1" changeset="112336822" timestamp="2021-10-10T14:44:24Z" user="NKA" uid="3497659" lat="59.9182101" lon="10.8825547"/>
 <node id="9162645924" visible="true" version="1" changeset="112336822" timestamp="2021-10-10T14:44:24Z" user="NKA" uid="3497659" lat="59.9181819" lon="10.8825323"/>
 <node id="9162645925" visible="true" version="1" changeset="112336822" timestamp="2021-10-10T14:44:24Z" user="NKA" uid="3497659" lat="59.9181969" lon="10.8824573"/>
 <node id="9192536890" visible="true" version="1" changeset="112825164" timestamp="2021-10-22T07:55:42Z" user="Wulfmorn" uid="5198133" lat="59.9195299" lon="10.8652425"/>
 <node id="9192536891" visible="true" version="1" changeset="112825164" timestamp="2021-10-22T07:55:42Z" user="Wulfmorn" uid="5198133" lat="59.9199144" lon="10.8651030"/>
 <node id="9910400110" visible="true" version="1" changeset="124068805" timestamp="2022-07-25T20:51:07Z" user="MaxMad" uid="706634" lat="59.8957465" lon="10.8554302"/>
 <node id="9910400111" visible="true" version="1" changeset="124068805" timestamp="2022-07-25T20:51:07Z" user="MaxMad" uid="706634" lat="59.8958297" lon="10.8556113"/>
 <node id="9976634086" visible="true" version="1" changeset="125349567" timestamp="2022-08-25T09:07:51Z" user="Bjune" uid="16922132" lat="59.9176079" lon="10.8817522"/>
 <node id="9976634087" visible="true" version="1" changeset="125349567" timestamp="2022-08-25T09:07:51Z" user="Bjune" uid="16922132" lat="59.9176622" lon="10.8818143"/>
 <node id="9976634088" visible="true" version="1" changeset="125349567" timestamp="2022-08-25T09:07:51Z" user="Bjune" uid="16922132" lat="59.9177456" lon="10.8819082"/>
 <node id="9976634089" visible="true" version="1" changeset="125349567" timestamp="2022-08-25T09:07:51Z" user="Bjune" uid="16922132" lat="59.9178136" lon="10.8819662"/>
 <node id="9976634090" visible="true" version="1" changeset="125349567" timestamp="2022-08-25T09:07:51Z" user="Bjune" uid="16922132" lat="59.9178483" lon="10.8820196"/>
 <node id="9976634091" visible="true" version="1" changeset="125349567" timestamp="2022-08-25T09:07:51Z" user="Bjune" uid="16922132" lat="59.9178106" lon="10.8821159"/>
 <node id="9976634092" visible="true" version="1" changeset="125349567" timestamp="2022-08-25T09:07:51Z" user="Bjune" uid="16922132" lat="59.9177618" lon="10.8822571"/>
 <node id="9976634093" visible="true" version="1" changeset="125349567" timestamp="2022-08-25T09:07:51Z" user="Bjune" uid="16922132" lat="59.9177206" lon="10.8823744"/>
 <node id="9976634094" visible="true" version="1" changeset="125349567" timestamp="2022-08-25T09:07:51Z" user="Bjune" uid="16922132" lat="59.9177014" lon="10.8823734"/>
 <node id="9976634095" visible="true" version="1" changeset="125349567" timestamp="2022-08-25T09:07:51Z" user="Bjune" uid="16922132" lat="59.9176326" lon="10.8823178"/>
 <node id="9976634096" visible="true" version="1" changeset="125349567" timestamp="2022-08-25T09:07:51Z" user="Bjune" uid="16922132" lat="59.9175317" lon="10.8822203"/>
 <node id="9976634097" visible="true" version="1" changeset="125349567" timestamp="2022-08-25T09:07:51Z" user="Bjune" uid="16922132" lat="59.9174976" lon="10.8821955"/>
 <node id="10116620311" visible="true" version="1" changeset="127840608" timestamp="2022-10-20T13:51:00Z" user="3723fs9734619216sdfg92747l" uid="17441850" lat="59.9203899" lon="10.8782334"/>
 <node id="10116620312" visible="true" version="1" changeset="127840608" timestamp="2022-10-20T13:51:00Z" user="3723fs9734619216sdfg92747l" uid="17441850" lat="59.9210811" lon="10.8770713"/>
 <node id="10116620313" visible="true" version="1" changeset="127840608" timestamp="2022-10-20T13:51:00Z" user="3723fs9734619216sdfg92747l" uid="17441850" lat="59.9211615" lon="10.8770165"/>
 <node id="10116620314" visible="true" version="1" changeset="127840608" timestamp="2022-10-20T13:51:00Z" user="3723fs9734619216sdfg92747l" uid="17441850" lat="59.9214788" lon="10.8764896"/>
 <node id="10116620315" visible="true" version="1" changeset="127840608" timestamp="2022-10-20T13:51:00Z" user="3723fs9734619216sdfg92747l" uid="17441850" lat="59.9212564" lon="10.8775232"/>
 <node id="10116620316" visible="true" version="1" changeset="127840608" timestamp="2022-10-20T13:51:00Z" user="3723fs9734619216sdfg92747l" uid="17441850" lat="59.9213825" lon="10.8773427"/>
 <node id="10116638417" visible="true" version="1" changeset="127840608" timestamp="2022-10-20T13:51:00Z" user="3723fs9734619216sdfg92747l" uid="17441850" lat="59.9213946" lon="10.8770867"/>
 <node id="10116638418" visible="true" version="1" changeset="127840608" timestamp="2022-10-20T13:51:00Z" user="3723fs9734619216sdfg92747l" uid="17441850" lat="59.9215723" lon="10.8767967"/>
 <node id="10116638419" visible="true" version="1" changeset="127840608" timestamp="2022-10-20T13:51:00Z" user="3723fs9734619216sdfg92747l" uid="17441850" lat="59.9215221" lon="10.8765054"/>
 <node id="10116638420" visible="true" version="1" changeset="127840608" timestamp="2022-10-20T13:51:00Z" user="3723fs9734619216sdfg92747l" uid="17441850" lat="59.9215811" lon="10.8767222"/>
 <node id="10116638421" visible="true" version="1" changeset="127840608" timestamp="2022-10-20T13:51:00Z" user="3723fs9734619216sdfg92747l" uid="17441850" lat="59.9213208" lon="10.8766401"/>
 <node id="10116638422" visible="true" version="1" changeset="127840608" timestamp="2022-10-20T13:51:00Z" user="3723fs9734619216sdfg92747l" uid="17441850" lat="59.9212105" lon="10.8768062"/>
 <node id="10186820336" visible="true" version="1" changeset="128959356" timestamp="2022-11-15T21:00:43Z" user="ccamfwfwtn" uid="1883123" lat="59.9176162" lon="10.8815819"/>
 <node id="10186820337" visible="true" version="1" changeset="128959356" timestamp="2022-11-15T21:00:43Z" user="ccamfwfwtn" uid="1883123" lat="59.9176159" lon="10.8815356"/>
 <node id="10186820338" visible="true" version="1" changeset="128959356" timestamp="2022-11-15T21:00:43Z" user="ccamfwfwtn" uid="1883123" lat="59.9176039" lon="10.8814918"/>
 <node id="10186820339" visible="true" version="1" changeset="128959356" timestamp="2022-11-15T21:00:43Z" user="ccamfwfwtn" uid="1883123" lat="59.9175984" lon="10.8814319"/>
 <node id="10186820340" visible="true" version="1" changeset="128959356" timestamp="2022-11-15T21:00:43Z" user="ccamfwfwtn" uid="1883123" lat="59.9175982" lon="10.8813788"/>
 <node id="10186820341" visible="true" version="1" changeset="128959356" timestamp="2022-11-15T21:00:43Z" user="ccamfwfwtn" uid="1883123" lat="59.9175895" lon="10.8813498"/>
 <node id="10186820342" visible="true" version="1" changeset="128959356" timestamp="2022-11-15T21:00:43Z" user="ccamfwfwtn" uid="1883123" lat="59.9175741" lon="10.8813320"/>
 <node id="10186820343" visible="true" version="1" changeset="128959356" timestamp="2022-11-15T21:00:43Z" user="ccamfwfwtn" uid="1883123" lat="59.9175587" lon="10.8812173"/>
 <node id="10186820344" visible="true" version="1" changeset="128959356" timestamp="2022-11-15T21:00:43Z" user="ccamfwfwtn" uid="1883123" lat="59.9175750" lon="10.8811281"/>
 <node id="10186820345" visible="true" version="1" changeset="128959356" timestamp="2022-11-15T21:00:43Z" user="ccamfwfwtn" uid="1883123" lat="59.9175870" lon="10.8811154"/>
 <node id="10186820346" visible="true" version="1" changeset="128959356" timestamp="2022-11-15T21:00:43Z" user="ccamfwfwtn" uid="1883123" lat="59.9175911" lon="10.8811092"/>
 <node id="10186820347" visible="true" version="1" changeset="128959356" timestamp="2022-11-15T21:00:43Z" user="ccamfwfwtn" uid="1883123" lat="59.9175903" lon="10.8810859"/>
 <node id="10186820348" visible="true" version="1" changeset="128959356" timestamp="2022-11-15T21:00:43Z" user="ccamfwfwtn" uid="1883123" lat="59.9176233" lon="10.8810853"/>
 <node id="10186820349" visible="true" version="1" changeset="128959356" timestamp="2022-11-15T21:00:43Z" user="ccamfwfwtn" uid="1883123" lat="59.9176608" lon="10.8810695"/>
 <node id="10186820350" visible="true" version="1" changeset="128959356" timestamp="2022-11-15T21:00:43Z" user="ccamfwfwtn" uid="1883123" lat="59.9177088" lon="10.8810854"/>
 <node id="10186820351" visible="true" version="1" changeset="128959356" timestamp="2022-11-15T21:00:43Z" user="ccamfwfwtn" uid="1883123" lat="59.9177667" lon="10.8810288"/>
 <node id="10186820352" visible="true" version="1" changeset="128959356" timestamp="2022-11-15T21:00:43Z" user="ccamfwfwtn" uid="1883123" lat="59.9177864" lon="10.8810322"/>
 <node id="10186820353" visible="true" version="1" changeset="128959356" timestamp="2022-11-15T21:00:43Z" user="ccamfwfwtn" uid="1883123" lat="59.9177943" lon="10.8810430"/>
 <node id="10186820354" visible="true" version="1" changeset="128959356" timestamp="2022-11-15T21:00:43Z" user="ccamfwfwtn" uid="1883123" lat="59.9178223" lon="10.8810292"/>
 <node id="10186820355" visible="true" version="1" changeset="128959356" timestamp="2022-11-15T21:00:43Z" user="ccamfwfwtn" uid="1883123" lat="59.9178525" lon="10.8810323"/>
 <node id="10186820356" visible="true" version="1" changeset="128959356" timestamp="2022-11-15T21:00:43Z" user="ccamfwfwtn" uid="1883123" lat="59.9178801" lon="10.8810184"/>
 <node id="10186820357" visible="true" version="1" changeset="128959356" timestamp="2022-11-15T21:00:43Z" user="ccamfwfwtn" uid="1883123" lat="59.9179479" lon="10.8810196"/>
 <node id="10186820358" visible="true" version="1" changeset="128959356" timestamp="2022-11-15T21:00:43Z" user="ccamfwfwtn" uid="1883123" lat="59.9179768" lon="10.8810117"/>
 <node id="10186820359" visible="true" version="1" changeset="128959356" timestamp="2022-11-15T21:00:43Z" user="ccamfwfwtn" uid="1883123" lat="59.9180763" lon="10.8810637"/>
 <node id="10186820360" visible="true" version="1" changeset="128959356" timestamp="2022-11-15T21:00:43Z" user="ccamfwfwtn" uid="1883123" lat="59.9181531" lon="10.8810673"/>
 <node id="10186820361" visible="true" version="1" changeset="128959356" timestamp="2022-11-15T21:00:43Z" user="ccamfwfwtn" uid="1883123" lat="59.9181820" lon="10.8810844"/>
 <node id="10186820362" visible="true" version="1" changeset="128959356" timestamp="2022-11-15T21:00:43Z" user="ccamfwfwtn" uid="1883123" lat="59.9182179" lon="10.8810845"/>
 <node id="10186820363" visible="true" version="1" changeset="128959356" timestamp="2022-11-15T21:00:43Z" user="ccamfwfwtn" uid="1883123" lat="59.9182704" lon="10.8811191"/>
 <node id="10186820364" visible="true" version="1" changeset="128959356" timestamp="2022-11-15T21:00:43Z" user="ccamfwfwtn" uid="1883123" lat="59.9183247" lon="10.8811189"/>
 <node id="10186820365" visible="true" version="1" changeset="128959356" timestamp="2022-11-15T21:00:43Z" user="ccamfwfwtn" uid="1883123" lat="59.9184196" lon="10.8810520"/>
 <node id="10186820366" visible="true" version="1" changeset="128959356" timestamp="2022-11-15T21:00:43Z" user="ccamfwfwtn" uid="1883123" lat="59.9184447" lon="10.8810286"/>
 <node id="10186820367" visible="true" version="1" changeset="128959356" timestamp="2022-11-15T21:00:43Z" user="ccamfwfwtn" uid="1883123" lat="59.9185160" lon="10.8810235"/>
 <node id="10186820368" visible="true" version="1" changeset="128959356" timestamp="2022-11-15T21:00:43Z" user="ccamfwfwtn" uid="1883123" lat="59.9185603" lon="10.8810327"/>
 <node id="10186820369" visible="true" version="1" changeset="128959356" timestamp="2022-11-15T21:00:43Z" user="ccamfwfwtn" uid="1883123" lat="59.9186045" lon="10.8809954"/>
 <node id="10186820370" visible="true" version="1" changeset="128959356" timestamp="2022-11-15T21:00:43Z" user="ccamfwfwtn" uid="1883123" lat="59.9186905" lon="10.8808519"/>
 <node id="10186820371" visible="true" version="1" changeset="128959356" timestamp="2022-11-15T21:00:43Z" user="ccamfwfwtn" uid="1883123" lat="59.9186591" lon="10.8808759"/>
 <node id="10186820372" visible="true" version="1" changeset="128959356" timestamp="2022-11-15T21:00:43Z" user="ccamfwfwtn" uid="1883123" lat="59.9187464" lon="10.8807940"/>
 <node id="10186820373" visible="true" version="1" changeset="128959356" timestamp="2022-11-15T21:00:43Z" user="ccamfwfwtn" uid="1883123" lat="59.9188596" lon="10.8807120"/>
 <node id="10186820374" visible="true" version="1" changeset="128959356" timestamp="2022-11-15T21:00:43Z" user="ccamfwfwtn" uid="1883123" lat="59.9189445" lon="10.8805174"/>
 <node id="10186820375" visible="true" version="1" changeset="128959356" timestamp="2022-11-15T21:00:43Z" user="ccamfwfwtn" uid="1883123" lat="59.9189116" lon="10.8806228"/>
 <node id="10186820376" visible="true" version="1" changeset="128959356" timestamp="2022-11-15T21:00:43Z" user="ccamfwfwtn" uid="1883123" lat="59.9189721" lon="10.8803141"/>
 <node id="10186820377" visible="true" version="1" changeset="128959356" timestamp="2022-11-15T21:00:43Z" user="ccamfwfwtn" uid="1883123" lat="59.9189678" lon="10.8804333"/>
 <node id="10186820378" visible="true" version="1" changeset="128959356" timestamp="2022-11-15T21:00:43Z" user="ccamfwfwtn" uid="1883123" lat="59.9190183" lon="10.8800621"/>
 <node id="10186820379" visible="true" version="1" changeset="128959356" timestamp="2022-11-15T21:00:43Z" user="ccamfwfwtn" uid="1883123" lat="59.9189804" lon="10.8798271"/>
 <node id="10186820380" visible="true" version="1" changeset="128959356" timestamp="2022-11-15T21:00:43Z" user="ccamfwfwtn" uid="1883123" lat="59.9189494" lon="10.8798312"/>
 <node id="10186820381" visible="true" version="1" changeset="128959356" timestamp="2022-11-15T21:00:43Z" user="ccamfwfwtn" uid="1883123" lat="59.9189416" lon="10.8798059"/>
 <node id="10186820382" visible="true" version="1" changeset="128959356" timestamp="2022-11-15T21:00:43Z" user="ccamfwfwtn" uid="1883123" lat="59.9189009" lon="10.8796127"/>
 <node id="10186820383" visible="true" version="1" changeset="128959356" timestamp="2022-11-15T21:00:43Z" user="ccamfwfwtn" uid="1883123" lat="59.9188781" lon="10.8796943"/>
 <node id="10186820384" visible="true" version="1" changeset="128959356" timestamp="2022-11-15T21:00:43Z" user="ccamfwfwtn" uid="1883123" lat="59.9189193" lon="10.8797567"/>
 <node id="10186820385" visible="true" version="1" changeset="128959356" timestamp="2022-11-15T21:00:43Z" user="ccamfwfwtn" uid="1883123" lat="59.9188836" lon="10.8797329"/>
 <node id="10186820386" visible="true" version="1" changeset="128959356" timestamp="2022-11-15T21:00:43Z" user="ccamfwfwtn" uid="1883123" lat="59.9188940" lon="10.8796681"/>
 <node id="10186820387" visible="true" version="1" changeset="128959356" timestamp="2022-11-15T21:00:43Z" user="ccamfwfwtn" uid="1883123" lat="59.9189097" lon="10.8795944"/>
 <node id="10186820388" visible="true" version="1" changeset="128959356" timestamp="2022-11-15T21:00:43Z" user="ccamfwfwtn" uid="1883123" lat="59.9189269" lon="10.8796049"/>
 <node id="10186820389" visible="true" version="1" changeset="128959356" timestamp="2022-11-15T21:00:43Z" user="ccamfwfwtn" uid="1883123" lat="59.9189671" lon="10.8795329"/>
 <node id="10186820390" visible="true" version="1" changeset="128959356" timestamp="2022-11-15T21:00:43Z" user="ccamfwfwtn" uid="1883123" lat="59.9190425" lon="10.8794900"/>
 <node id="10186820391" visible="true" version="1" changeset="128959356" timestamp="2022-11-15T21:00:43Z" user="ccamfwfwtn" uid="1883123" lat="59.9190639" lon="10.8795178"/>
 <node id="10186820392" visible="true" version="1" changeset="128959356" timestamp="2022-11-15T21:00:43Z" user="ccamfwfwtn" uid="1883123" lat="59.9190654" lon="10.8795590"/>
 <node id="10186820393" visible="true" version="1" changeset="128959356" timestamp="2022-11-15T21:00:43Z" user="ccamfwfwtn" uid="1883123" lat="59.9190581" lon="10.8796041"/>
 <node id="10186820394" visible="true" version="1" changeset="128959356" timestamp="2022-11-15T21:00:43Z" user="ccamfwfwtn" uid="1883123" lat="59.9191133" lon="10.8796462"/>
 <node id="10186820395" visible="true" version="1" changeset="128959356" timestamp="2022-11-15T21:00:43Z" user="ccamfwfwtn" uid="1883123" lat="59.9191280" lon="10.8796706"/>
 <node id="10186820396" visible="true" version="1" changeset="128959356" timestamp="2022-11-15T21:00:43Z" user="ccamfwfwtn" uid="1883123" lat="59.9194877" lon="10.8795841"/>
 <node id="10186820397" visible="true" version="1" changeset="128959356" timestamp="2022-11-15T21:00:43Z" user="ccamfwfwtn" uid="1883123" lat="59.9193057" lon="10.8796868"/>
 <node id="10186820398" visible="true" version="1" changeset="128959356" timestamp="2022-11-15T21:00:43Z" user="ccamfwfwtn" uid="1883123" lat="59.9193962" lon="10.8796298"/>
 <node id="10186820399" visible="true" version="1" changeset="128959356" timestamp="2022-11-15T21:00:43Z" user="ccamfwfwtn" uid="1883123" lat="59.9196857" lon="10.8791112"/>
 <node id="10186820400" visible="true" version="1" changeset="128959356" timestamp="2022-11-15T21:00:43Z" user="ccamfwfwtn" uid="1883123" lat="59.9195679" lon="10.8795523"/>
 <node id="10186820401" visible="true" version="1" changeset="128959356" timestamp="2022-11-15T21:00:43Z" user="ccamfwfwtn" uid="1883123" lat="59.9195325" lon="10.8795736"/>
 <node id="10186820402" visible="true" version="1" changeset="128959356" timestamp="2022-11-15T21:00:43Z" user="ccamfwfwtn" uid="1883123" lat="59.9196626" lon="10.8794267"/>
 <node id="10186820403" visible="true" version="1" changeset="128959356" timestamp="2022-11-15T21:00:43Z" user="ccamfwfwtn" uid="1883123" lat="59.9196674" lon="10.8792738"/>
 <node id="10186820404" visible="true" version="1" changeset="128959356" timestamp="2022-11-15T21:00:43Z" user="ccamfwfwtn" uid="1883123" lat="59.9196850" lon="10.8792471"/>
 <node id="10186820405" visible="true" version="1" changeset="128959356" timestamp="2022-11-15T21:00:43Z" user="ccamfwfwtn" uid="1883123" lat="59.9197163" lon="10.8789885"/>
 <node id="10186820406" visible="true" version="1" changeset="128959356" timestamp="2022-11-15T21:00:43Z" user="ccamfwfwtn" uid="1883123" lat="59.9197465" lon="10.8789067"/>
 <node id="10186820407" visible="true" version="1" changeset="128959356" timestamp="2022-11-15T21:00:43Z" user="ccamfwfwtn" uid="1883123" lat="59.9197892" lon="10.8788664"/>
 <node id="10186820408" visible="true" version="1" changeset="128959356" timestamp="2022-11-15T21:00:43Z" user="ccamfwfwtn" uid="1883123" lat="59.9198039" lon="10.8788753"/>
 <node id="10186820409" visible="true" version="1" changeset="128959356" timestamp="2022-11-15T21:00:43Z" user="ccamfwfwtn" uid="1883123" lat="59.9198350" lon="10.8788235"/>
 <node id="10186820410" visible="true" version="1" changeset="128959356" timestamp="2022-11-15T21:00:43Z" user="ccamfwfwtn" uid="1883123" lat="59.9198588" lon="10.8788172"/>
 <node id="10186820411" visible="true" version="1" changeset="128959356" timestamp="2022-11-15T21:00:43Z" user="ccamfwfwtn" uid="1883123" lat="59.9200560" lon="10.8786366"/>
 <node id="10186820412" visible="true" version="1" changeset="128959356" timestamp="2022-11-15T21:00:43Z" user="ccamfwfwtn" uid="1883123" lat="59.9200897" lon="10.8785216"/>
 <node id="10186820413" visible="true" version="1" changeset="128959356" timestamp="2022-11-15T21:00:43Z" user="ccamfwfwtn" uid="1883123" lat="59.9200666" lon="10.8785538"/>
 <node id="10186820414" visible="true" version="1" changeset="128959356" timestamp="2022-11-15T21:00:43Z" user="ccamfwfwtn" uid="1883123" lat="59.9201007" lon="10.8785003"/>
 <node id="10186820415" visible="true" version="1" changeset="128959356" timestamp="2022-11-15T21:00:43Z" user="ccamfwfwtn" uid="1883123" lat="59.9200976" lon="10.8780901"/>
 <node id="10186820416" visible="true" version="1" changeset="128959356" timestamp="2022-11-15T21:00:43Z" user="ccamfwfwtn" uid="1883123" lat="59.9201018" lon="10.8782423"/>
 <node id="10186828617" visible="true" version="1" changeset="128959356" timestamp="2022-11-15T21:00:43Z" user="ccamfwfwtn" uid="1883123" lat="59.9200682" lon="10.8780403"/>
 <node id="10186828618" visible="true" version="1" changeset="128959356" timestamp="2022-11-15T21:00:43Z" user="ccamfwfwtn" uid="1883123" lat="59.9200693" lon="10.8779741"/>
 <node id="10186828619" visible="true" version="1" changeset="128959356" timestamp="2022-11-15T21:00:43Z" user="ccamfwfwtn" uid="1883123" lat="59.9200276" lon="10.8778776"/>
 <node id="10186828620" visible="true" version="1" changeset="128959356" timestamp="2022-11-15T21:00:43Z" user="ccamfwfwtn" uid="1883123" lat="59.9200200" lon="10.8777961"/>
 <node id="10186828621" visible="true" version="1" changeset="128959356" timestamp="2022-11-15T21:00:43Z" user="ccamfwfwtn" uid="1883123" lat="59.9200512" lon="10.8777503"/>
 <node id="10186828622" visible="true" version="1" changeset="128959356" timestamp="2022-11-15T21:00:43Z" user="ccamfwfwtn" uid="1883123" lat="59.9200553" lon="10.8776860"/>
 <node id="10186828623" visible="true" version="1" changeset="128959356" timestamp="2022-11-15T21:00:43Z" user="ccamfwfwtn" uid="1883123" lat="59.9199823" lon="10.8775674"/>
 <node id="10186828624" visible="true" version="1" changeset="128959356" timestamp="2022-11-15T21:00:43Z" user="ccamfwfwtn" uid="1883123" lat="59.9198614" lon="10.8774295"/>
 <node id="10186828625" visible="true" version="1" changeset="128959356" timestamp="2022-11-15T21:00:43Z" user="ccamfwfwtn" uid="1883123" lat="59.9198135" lon="10.8774155"/>
 <node id="10186828626" visible="true" version="1" changeset="128959356" timestamp="2022-11-15T21:00:43Z" user="ccamfwfwtn" uid="1883123" lat="59.9197697" lon="10.8773800"/>
 <node id="10186828627" visible="true" version="1" changeset="128959356" timestamp="2022-11-15T21:00:43Z" user="ccamfwfwtn" uid="1883123" lat="59.9197518" lon="10.8773415"/>
 <node id="10186828628" visible="true" version="1" changeset="128959356" timestamp="2022-11-15T21:00:43Z" user="ccamfwfwtn" uid="1883123" lat="59.9197084" lon="10.8772286"/>
 <node id="10186828629" visible="true" version="1" changeset="128959356" timestamp="2022-11-15T21:00:43Z" user="ccamfwfwtn" uid="1883123" lat="59.9196801" lon="10.8771864"/>
 <node id="10186828630" visible="true" version="1" changeset="128959356" timestamp="2022-11-15T21:00:43Z" user="ccamfwfwtn" uid="1883123" lat="59.9197421" lon="10.8772889"/>
 <node id="10186828631" visible="true" version="1" changeset="128959356" timestamp="2022-11-15T21:00:43Z" user="ccamfwfwtn" uid="1883123" lat="59.9172724" lon="10.8789287"/>
 <node id="10186828632" visible="true" version="1" changeset="128959356" timestamp="2022-11-15T21:00:43Z" user="ccamfwfwtn" uid="1883123" lat="59.9173540" lon="10.8791255"/>
 <node id="10186828633" visible="true" version="1" changeset="128959356" timestamp="2022-11-15T21:00:43Z" user="ccamfwfwtn" uid="1883123" lat="59.9177391" lon="10.8792140"/>
 <node id="10186828634" visible="true" version="1" changeset="128959356" timestamp="2022-11-15T21:00:43Z" user="ccamfwfwtn" uid="1883123" lat="59.9177102" lon="10.8792069"/>
 <node id="10186828635" visible="true" version="1" changeset="128959356" timestamp="2022-11-15T21:00:43Z" user="ccamfwfwtn" uid="1883123" lat="59.9176870" lon="10.8791944"/>
 <node id="10186828636" visible="true" version="1" changeset="128959356" timestamp="2022-11-15T21:00:43Z" user="ccamfwfwtn" uid="1883123" lat="59.9176152" lon="10.8792331"/>
 <node id="10186828637" visible="true" version="1" changeset="128959356" timestamp="2022-11-15T21:00:43Z" user="ccamfwfwtn" uid="1883123" lat="59.9175443" lon="10.8792025"/>
 <node id="10186828638" visible="true" version="1" changeset="128959356" timestamp="2022-11-15T21:00:43Z" user="ccamfwfwtn" uid="1883123" lat="59.9175123" lon="10.8791442"/>
 <node id="10186828639" visible="true" version="1" changeset="128959356" timestamp="2022-11-15T21:00:43Z" user="ccamfwfwtn" uid="1883123" lat="59.9174862" lon="10.8791437"/>
 <node id="10186828640" visible="true" version="1" changeset="128959356" timestamp="2022-11-15T21:00:43Z" user="ccamfwfwtn" uid="1883123" lat="59.9174530" lon="10.8791903"/>
 <node id="10186828641" visible="true" version="1" changeset="128959356" timestamp="2022-11-15T21:00:43Z" user="ccamfwfwtn" uid="1883123" lat="59.9174690" lon="10.8791741"/>
 <node id="10186828642" visible="true" version="1" changeset="128959356" timestamp="2022-11-15T21:00:43Z" user="ccamfwfwtn" uid="1883123" lat="59.9174147" lon="10.8791828"/>
 <node id="10186828643" visible="true" version="1" changeset="128959356" timestamp="2022-11-15T21:00:43Z" user="ccamfwfwtn" uid="1883123" lat="59.9173681" lon="10.8791453"/>
 <node id="10186828644" visible="true" version="1" changeset="128959356" timestamp="2022-11-15T21:00:43Z" user="ccamfwfwtn" uid="1883123" lat="59.9172773" lon="10.8787046"/>
 <node id="10186828645" visible="true" version="1" changeset="128959356" timestamp="2022-11-15T21:00:43Z" user="ccamfwfwtn" uid="1883123" lat="59.9173037" lon="10.8786680"/>
 <node id="10186828646" visible="true" version="1" changeset="128959356" timestamp="2022-11-15T21:00:43Z" user="ccamfwfwtn" uid="1883123" lat="59.9173390" lon="10.8786586"/>
 <node id="10186828647" visible="true" version="1" changeset="128959356" timestamp="2022-11-15T21:00:43Z" user="ccamfwfwtn" uid="1883123" lat="59.9174176" lon="10.8785597"/>
 <node id="10186828648" visible="true" version="1" changeset="128959356" timestamp="2022-11-15T21:00:43Z" user="ccamfwfwtn" uid="1883123" lat="59.9174316" lon="10.8785818"/>
 <node id="10186828649" visible="true" version="1" changeset="128959356" timestamp="2022-11-15T21:00:43Z" user="ccamfwfwtn" uid="1883123" lat="59.9176003" lon="10.8785326"/>
 <node id="10186828650" visible="true" version="1" changeset="128959356" timestamp="2022-11-15T21:00:43Z" user="ccamfwfwtn" uid="1883123" lat="59.9175161" lon="10.8785050"/>
 <node id="10186828651" visible="true" version="1" changeset="128959356" timestamp="2022-11-15T21:00:43Z" user="ccamfwfwtn" uid="1883123" lat="59.9175333" lon="10.8784968"/>
 <node id="10186828652" visible="true" version="1" changeset="128959356" timestamp="2022-11-15T21:00:43Z" user="ccamfwfwtn" uid="1883123" lat="59.9174427" lon="10.8785814"/>
 <node id="10186828653" visible="true" version="1" changeset="128959356" timestamp="2022-11-15T21:00:43Z" user="ccamfwfwtn" uid="1883123" lat="59.9174813" lon="10.8785553"/>
 <node id="10186828654" visible="true" version="1" changeset="128959356" timestamp="2022-11-15T21:00:43Z" user="ccamfwfwtn" uid="1883123" lat="59.9174883" lon="10.8785244"/>
 <node id="10186828655" visible="true" version="1" changeset="128959356" timestamp="2022-11-15T21:00:43Z" user="ccamfwfwtn" uid="1883123" lat="59.9175064" lon="10.8785194"/>
 <node id="10186828656" visible="true" version="1" changeset="128959356" timestamp="2022-11-15T21:00:43Z" user="ccamfwfwtn" uid="1883123" lat="59.9176250" lon="10.8785411"/>
 <node id="10186828657" visible="true" version="1" changeset="128959356" timestamp="2022-11-15T21:00:43Z" user="ccamfwfwtn" uid="1883123" lat="59.9176818" lon="10.8785120"/>
 <node id="10186828658" visible="true" version="1" changeset="128959356" timestamp="2022-11-15T21:00:43Z" user="ccamfwfwtn" uid="1883123" lat="59.9176636" lon="10.8785286"/>
 <node id="10186828659" visible="true" version="1" changeset="128959356" timestamp="2022-11-15T21:00:43Z" user="ccamfwfwtn" uid="1883123" lat="59.9177091" lon="10.8784937"/>
 <node id="10186828660" visible="true" version="1" changeset="128959356" timestamp="2022-11-15T21:00:43Z" user="ccamfwfwtn" uid="1883123" lat="59.9178488" lon="10.8784881"/>
 <node id="10186828661" visible="true" version="1" changeset="128959356" timestamp="2022-11-15T21:00:43Z" user="ccamfwfwtn" uid="1883123" lat="59.9179760" lon="10.8785101"/>
 <node id="10186828662" visible="true" version="1" changeset="128959356" timestamp="2022-11-15T21:00:43Z" user="ccamfwfwtn" uid="1883123" lat="59.9180722" lon="10.8785013"/>
 <node id="10186828663" visible="true" version="1" changeset="128959356" timestamp="2022-11-15T21:00:43Z" user="ccamfwfwtn" uid="1883123" lat="59.9181324" lon="10.8785164"/>
 <node id="10186828664" visible="true" version="1" changeset="128959356" timestamp="2022-11-15T21:00:43Z" user="ccamfwfwtn" uid="1883123" lat="59.9181630" lon="10.8785144"/>
 <node id="10186828665" visible="true" version="1" changeset="128959356" timestamp="2022-11-15T21:00:43Z" user="ccamfwfwtn" uid="1883123" lat="59.9183365" lon="10.8785560"/>
 <node id="10186828666" visible="true" version="1" changeset="128959356" timestamp="2022-11-15T21:00:43Z" user="ccamfwfwtn" uid="1883123" lat="59.9182823" lon="10.8785042"/>
 <node id="10186828667" visible="true" version="1" changeset="128959356" timestamp="2022-11-15T21:00:43Z" user="ccamfwfwtn" uid="1883123" lat="59.9182221" lon="10.8784814"/>
 <node id="10186828668" visible="true" version="1" changeset="128959356" timestamp="2022-11-15T21:00:43Z" user="ccamfwfwtn" uid="1883123" lat="59.9182173" lon="10.8784965"/>
 <node id="10186828669" visible="true" version="1" changeset="128959356" timestamp="2022-11-15T21:00:43Z" user="ccamfwfwtn" uid="1883123" lat="59.9183955" lon="10.8786284"/>
 <node id="10186828670" visible="true" version="1" changeset="128959356" timestamp="2022-11-15T21:00:43Z" user="ccamfwfwtn" uid="1883123" lat="59.9184091" lon="10.8786344"/>
 <node id="10186828671" visible="true" version="1" changeset="128959356" timestamp="2022-11-15T21:00:43Z" user="ccamfwfwtn" uid="1883123" lat="59.9184474" lon="10.8785650"/>
 <node id="10186828672" visible="true" version="1" changeset="128959356" timestamp="2022-11-15T21:00:43Z" user="ccamfwfwtn" uid="1883123" lat="59.9184913" lon="10.8786616"/>
 <node id="10186828673" visible="true" version="1" changeset="128959356" timestamp="2022-11-15T21:00:43Z" user="ccamfwfwtn" uid="1883123" lat="59.9184924" lon="10.8786925"/>
 <node id="10186828674" visible="true" version="1" changeset="128959356" timestamp="2022-11-15T21:00:43Z" user="ccamfwfwtn" uid="1883123" lat="59.9185096" lon="10.8787834"/>
 <node id="10186828675" visible="true" version="1" changeset="128959356" timestamp="2022-11-15T21:00:43Z" user="ccamfwfwtn" uid="1883123" lat="59.9185056" lon="10.8788133"/>
 <node id="10186828676" visible="true" version="1" changeset="128959356" timestamp="2022-11-15T21:00:43Z" user="ccamfwfwtn" uid="1883123" lat="59.9184988" lon="10.8787528"/>
 <node id="10186828677" visible="true" version="1" changeset="128959356" timestamp="2022-11-15T21:00:43Z" user="ccamfwfwtn" uid="1883123" lat="59.9184887" lon="10.8787246"/>
 <node id="10186828678" visible="true" version="1" changeset="128959356" timestamp="2022-11-15T21:00:43Z" user="ccamfwfwtn" uid="1883123" lat="59.9179181" lon="10.8792380"/>
 <node id="10186828679" visible="true" version="1" changeset="128959356" timestamp="2022-11-15T21:00:43Z" user="ccamfwfwtn" uid="1883123" lat="59.9180304" lon="10.8792785"/>
 <node id="10186828680" visible="true" version="1" changeset="128959356" timestamp="2022-11-15T21:00:43Z" user="ccamfwfwtn" uid="1883123" lat="59.9180936" lon="10.8792833"/>
 <node id="10186828681" visible="true" version="1" changeset="128959356" timestamp="2022-11-15T21:00:43Z" user="ccamfwfwtn" uid="1883123" lat="59.9181231" lon="10.8792567"/>
 <node id="10186828682" visible="true" version="1" changeset="128959356" timestamp="2022-11-15T21:00:43Z" user="ccamfwfwtn" uid="1883123" lat="59.9181430" lon="10.8792247"/>
 <node id="10186828683" visible="true" version="1" changeset="128959356" timestamp="2022-11-15T21:00:43Z" user="ccamfwfwtn" uid="1883123" lat="59.9181334" lon="10.8792365"/>
 <node id="10186828684" visible="true" version="1" changeset="128959356" timestamp="2022-11-15T21:00:43Z" user="ccamfwfwtn" uid="1883123" lat="59.9181706" lon="10.8792037"/>
 <node id="10186828685" visible="true" version="1" changeset="128959356" timestamp="2022-11-15T21:00:43Z" user="ccamfwfwtn" uid="1883123" lat="59.9181862" lon="10.8791818"/>
 <node id="10186828686" visible="true" version="1" changeset="128959356" timestamp="2022-11-15T21:00:43Z" user="ccamfwfwtn" uid="1883123" lat="59.9182032" lon="10.8791901"/>
 <node id="10186828687" visible="true" version="1" changeset="128959356" timestamp="2022-11-15T21:00:43Z" user="ccamfwfwtn" uid="1883123" lat="59.9182139" lon="10.8791884"/>
 <node id="10186828688" visible="true" version="1" changeset="128959356" timestamp="2022-11-15T21:00:43Z" user="ccamfwfwtn" uid="1883123" lat="59.9182253" lon="10.8792058"/>
 <node id="10186828689" visible="true" version="1" changeset="128959356" timestamp="2022-11-15T21:00:43Z" user="ccamfwfwtn" uid="1883123" lat="59.9182204" lon="10.8791957"/>
 <node id="10186828690" visible="true" version="1" changeset="128959356" timestamp="2022-11-15T21:00:43Z" user="ccamfwfwtn" uid="1883123" lat="59.9182476" lon="10.8791921"/>
 <node id="10186828691" visible="true" version="1" changeset="128959356" timestamp="2022-11-15T21:00:43Z" user="ccamfwfwtn" uid="1883123" lat="59.9182621" lon="10.8791753"/>
 <node id="10186828692" visible="true" version="1" changeset="128959356" timestamp="2022-11-15T21:00:43Z" user="ccamfwfwtn" uid="1883123" lat="59.9182717" lon="10.8791584"/>
 <node id="10186828693" visible="true" version="1" changeset="128959356" timestamp="2022-11-15T21:00:43Z" user="ccamfwfwtn" uid="1883123" lat="59.9182744" lon="10.8791439"/>
 <node id="10186828694" visible="true" version="1" changeset="128959356" timestamp="2022-11-15T21:00:43Z" user="ccamfwfwtn" uid="1883123" lat="59.9182794" lon="10.8791307"/>
 <node id="10186828695" visible="true" version="1" changeset="128959356" timestamp="2022-11-15T21:00:43Z" user="ccamfwfwtn" uid="1883123" lat="59.9182867" lon="10.8791218"/>
 <node id="10186828696" visible="true" version="1" changeset="128959356" timestamp="2022-11-15T21:00:43Z" user="ccamfwfwtn" uid="1883123" lat="59.9183004" lon="10.8791214"/>
 <node id="10186828697" visible="true" version="1" changeset="128959356" timestamp="2022-11-15T21:00:43Z" user="ccamfwfwtn" uid="1883123" lat="59.9183102" lon="10.8791143"/>
 <node id="10186828698" visible="true" version="1" changeset="128959356" timestamp="2022-11-15T21:00:43Z" user="ccamfwfwtn" uid="1883123" lat="59.9183222" lon="10.8790866"/>
 <node id="10186828699" visible="true" version="1" changeset="128959356" timestamp="2022-11-15T21:00:43Z" user="ccamfwfwtn" uid="1883123" lat="59.9183420" lon="10.8790622"/>
 <node id="10186828700" visible="true" version="1" changeset="128959356" timestamp="2022-11-15T21:00:43Z" user="ccamfwfwtn" uid="1883123" lat="59.9183821" lon="10.8790066"/>
 <node id="10186828701" visible="true" version="1" changeset="128959356" timestamp="2022-11-15T21:00:43Z" user="ccamfwfwtn" uid="1883123" lat="59.9183863" lon="10.8789940"/>
 <node id="10186828702" visible="true" version="1" changeset="128959356" timestamp="2022-11-15T21:00:43Z" user="ccamfwfwtn" uid="1883123" lat="59.9183910" lon="10.8789705"/>
 <node id="10186828703" visible="true" version="1" changeset="128959356" timestamp="2022-11-15T21:00:43Z" user="ccamfwfwtn" uid="1883123" lat="59.9184042" lon="10.8789410"/>
 <node id="10186828704" visible="true" version="1" changeset="128959356" timestamp="2022-11-15T21:00:43Z" user="ccamfwfwtn" uid="1883123" lat="59.9184215" lon="10.8789262"/>
 <node id="10186828705" visible="true" version="1" changeset="128959356" timestamp="2022-11-15T21:00:43Z" user="ccamfwfwtn" uid="1883123" lat="59.9184421" lon="10.8788828"/>
 <node id="10186828706" visible="true" version="1" changeset="128959356" timestamp="2022-11-15T21:00:43Z" user="ccamfwfwtn" uid="1883123" lat="59.9184506" lon="10.8788747"/>
 <node id="10186828707" visible="true" version="1" changeset="128959356" timestamp="2022-11-15T21:00:43Z" user="ccamfwfwtn" uid="1883123" lat="59.9184586" lon="10.8788670"/>
 <node id="10186828708" visible="true" version="1" changeset="128959356" timestamp="2022-11-15T21:00:43Z" user="ccamfwfwtn" uid="1883123" lat="59.9184668" lon="10.8788427"/>
 <node id="10186828709" visible="true" version="1" changeset="128959356" timestamp="2022-11-15T21:00:43Z" user="ccamfwfwtn" uid="1883123" lat="59.9184835" lon="10.8788355"/>
 <node id="10186828710" visible="true" version="1" changeset="128959356" timestamp="2022-11-15T21:00:43Z" user="ccamfwfwtn" uid="1883123" lat="59.9184918" lon="10.8788355"/>
 <node id="10186828711" visible="true" version="1" changeset="128959356" timestamp="2022-11-15T21:00:43Z" user="ccamfwfwtn" uid="1883123" lat="59.9195002" lon="10.8771036"/>
 <node id="10186828712" visible="true" version="1" changeset="128959356" timestamp="2022-11-15T21:00:43Z" user="ccamfwfwtn" uid="1883123" lat="59.9194366" lon="10.8771121"/>
 <node id="10186828713" visible="true" version="1" changeset="128959356" timestamp="2022-11-15T21:00:43Z" user="ccamfwfwtn" uid="1883123" lat="59.9194129" lon="10.8771016"/>
 <node id="10186828714" visible="true" version="1" changeset="128959356" timestamp="2022-11-15T21:00:43Z" user="ccamfwfwtn" uid="1883123" lat="59.9194217" lon="10.8771143"/>
 <node id="10186828715" visible="true" version="1" changeset="128959356" timestamp="2022-11-15T21:00:43Z" user="ccamfwfwtn" uid="1883123" lat="59.9193999" lon="10.8771038"/>
 <node id="10186828716" visible="true" version="1" changeset="128959356" timestamp="2022-11-15T21:00:43Z" user="ccamfwfwtn" uid="1883123" lat="59.9193883" lon="10.8770774"/>
 <node id="10186828717" visible="true" version="1" changeset="128959356" timestamp="2022-11-15T21:00:43Z" user="ccamfwfwtn" uid="1883123" lat="59.9193012" lon="10.8770442"/>
 <node id="10186828718" visible="true" version="1" changeset="128959356" timestamp="2022-11-15T21:00:43Z" user="ccamfwfwtn" uid="1883123" lat="59.9193776" lon="10.8770437"/>
 <node id="10186828719" visible="true" version="1" changeset="128959356" timestamp="2022-11-15T21:00:43Z" user="ccamfwfwtn" uid="1883123" lat="59.9193731" lon="10.8770245"/>
 <node id="10186828720" visible="true" version="1" changeset="128959356" timestamp="2022-11-15T21:00:43Z" user="ccamfwfwtn" uid="1883123" lat="59.9193519" lon="10.8770093"/>
 <node id="10186828721" visible="true" version="1" changeset="128959356" timestamp="2022-11-15T21:00:43Z" user="ccamfwfwtn" uid="1883123" lat="59.9193092" lon="10.8770257"/>
 <node id="10186828722" visible="true" version="1" changeset="128959356" timestamp="2022-11-15T21:00:43Z" user="ccamfwfwtn" uid="1883123" lat="59.9192612" lon="10.8770936"/>
 <node id="10186828723" visible="true" version="1" changeset="128959356" timestamp="2022-11-15T21:00:43Z" user="ccamfwfwtn" uid="1883123" lat="59.9191691" lon="10.8770898"/>
 <node id="10186828724" visible="true" version="1" changeset="128959356" timestamp="2022-11-15T21:00:43Z" user="ccamfwfwtn" uid="1883123" lat="59.9192369" lon="10.8770736"/>
 <node id="10186828725" visible="true" version="1" changeset="128959356" timestamp="2022-11-15T21:00:43Z" user="ccamfwfwtn" uid="1883123" lat="59.9190652" lon="10.8770906"/>
 <node id="10186828726" visible="true" version="1" changeset="128959356" timestamp="2022-11-15T21:00:43Z" user="ccamfwfwtn" uid="1883123" lat="59.9189551" lon="10.8770019"/>
 <node id="10186828727" visible="true" version="1" changeset="128959356" timestamp="2022-11-15T21:00:43Z" user="ccamfwfwtn" uid="1883123" lat="59.9190196" lon="10.8770205"/>
 <node id="10186828728" visible="true" version="1" changeset="128959356" timestamp="2022-11-15T21:00:43Z" user="ccamfwfwtn" uid="1883123" lat="59.9188994" lon="10.8770147"/>
 <node id="10186828729" visible="true" version="1" changeset="128959356" timestamp="2022-11-15T21:00:43Z" user="ccamfwfwtn" uid="1883123" lat="59.9123838" lon="10.8754122"/>
 <node id="10186828730" visible="true" version="1" changeset="128959356" timestamp="2022-11-15T21:00:43Z" user="ccamfwfwtn" uid="1883123" lat="59.9124706" lon="10.8755862"/>
 <node id="10186828731" visible="true" version="1" changeset="128959356" timestamp="2022-11-15T21:00:43Z" user="ccamfwfwtn" uid="1883123" lat="59.9125083" lon="10.8755922"/>
 <node id="10186828732" visible="true" version="1" changeset="128959356" timestamp="2022-11-15T21:00:43Z" user="ccamfwfwtn" uid="1883123" lat="59.9124963" lon="10.8755857"/>
 <node id="10186828733" visible="true" version="1" changeset="128959356" timestamp="2022-11-15T21:00:43Z" user="ccamfwfwtn" uid="1883123" lat="59.9125749" lon="10.8755242"/>
 <node id="10186828734" visible="true" version="1" changeset="128959356" timestamp="2022-11-15T21:00:43Z" user="ccamfwfwtn" uid="1883123" lat="59.9125729" lon="10.8755568"/>
 <node id="10186828735" visible="true" version="1" changeset="128959356" timestamp="2022-11-15T21:00:43Z" user="ccamfwfwtn" uid="1883123" lat="59.9125662" lon="10.8755065"/>
 <node id="10186828736" visible="true" version="1" changeset="128959356" timestamp="2022-11-15T21:00:43Z" user="ccamfwfwtn" uid="1883123" lat="59.9125594" lon="10.8755018"/>
 <node id="10186828737" visible="true" version="1" changeset="128959356" timestamp="2022-11-15T21:00:43Z" user="ccamfwfwtn" uid="1883123" lat="59.9125477" lon="10.8754757"/>
 <node id="10186828738" visible="true" version="1" changeset="128959356" timestamp="2022-11-15T21:00:43Z" user="ccamfwfwtn" uid="1883123" lat="59.9125433" lon="10.8754688"/>
 <node id="10186828739" visible="true" version="1" changeset="128959356" timestamp="2022-11-15T21:00:43Z" user="ccamfwfwtn" uid="1883123" lat="59.9125280" lon="10.8754503"/>
 <node id="10186828740" visible="true" version="1" changeset="128959356" timestamp="2022-11-15T21:00:43Z" user="ccamfwfwtn" uid="1883123" lat="59.9125233" lon="10.8754449"/>
 <node id="10186828741" visible="true" version="1" changeset="128959356" timestamp="2022-11-15T21:00:43Z" user="ccamfwfwtn" uid="1883123" lat="59.9125113" lon="10.8754377"/>
 <node id="10186828742" visible="true" version="1" changeset="128959356" timestamp="2022-11-15T21:00:43Z" user="ccamfwfwtn" uid="1883123" lat="59.9124949" lon="10.8754050"/>
 <node id="10186828743" visible="true" version="1" changeset="128959356" timestamp="2022-11-15T21:00:43Z" user="ccamfwfwtn" uid="1883123" lat="59.9124722" lon="10.8754063"/>
 <node id="10186828744" visible="true" version="1" changeset="128959356" timestamp="2022-11-15T21:00:43Z" user="ccamfwfwtn" uid="1883123" lat="59.9124555" lon="10.8754169"/>
 <node id="10186828745" visible="true" version="1" changeset="128959356" timestamp="2022-11-15T21:00:43Z" user="ccamfwfwtn" uid="1883123" lat="59.9124419" lon="10.8754204"/>
 <node id="10186828746" visible="true" version="1" changeset="128959356" timestamp="2022-11-15T21:00:43Z" user="ccamfwfwtn" uid="1883123" lat="59.9124249" lon="10.8753937"/>
 <node id="10186828747" visible="true" version="1" changeset="128959356" timestamp="2022-11-15T21:00:43Z" user="ccamfwfwtn" uid="1883123" lat="59.9124049" lon="10.8753780"/>
 <node id="10186828748" visible="true" version="1" changeset="128959356" timestamp="2022-11-15T21:00:43Z" user="ccamfwfwtn" uid="1883123" lat="59.9123904" lon="10.8753960"/>
 <node id="10186828749" visible="true" version="1" changeset="128959356" timestamp="2022-11-15T21:00:43Z" user="ccamfwfwtn" uid="1883123" lat="59.9123753" lon="10.8754452"/>
 <node id="10186828750" visible="true" version="1" changeset="128959356" timestamp="2022-11-15T21:00:43Z" user="ccamfwfwtn" uid="1883123" lat="59.9123877" lon="10.8754810"/>
 <node id="10186828751" visible="true" version="1" changeset="128959356" timestamp="2022-11-15T21:00:43Z" user="ccamfwfwtn" uid="1883123" lat="59.9124013" lon="10.8755048"/>
 <node id="10186828752" visible="true" version="1" changeset="128959356" timestamp="2022-11-15T21:00:43Z" user="ccamfwfwtn" uid="1883123" lat="59.9124065" lon="10.8755092"/>
 <node id="10186828753" visible="true" version="1" changeset="128959356" timestamp="2022-11-15T21:00:43Z" user="ccamfwfwtn" uid="1883123" lat="59.9124330" lon="10.8755522"/>
 <node id="10186828754" visible="true" version="1" changeset="128959356" timestamp="2022-11-15T21:00:43Z" user="ccamfwfwtn" uid="1883123" lat="59.9124539" lon="10.8755852"/>
 <node id="10186828755" visible="true" version="1" changeset="128959356" timestamp="2022-11-15T21:00:43Z" user="ccamfwfwtn" uid="1883123" lat="59.9124893" lon="10.8755826"/>
 <node id="10186828756" visible="true" version="1" changeset="128959356" timestamp="2022-11-15T21:00:43Z" user="ccamfwfwtn" uid="1883123" lat="59.9122384" lon="10.8751143"/>
 <node id="10186828757" visible="true" version="1" changeset="128959356" timestamp="2022-11-15T21:00:43Z" user="ccamfwfwtn" uid="1883123" lat="59.9120602" lon="10.8749430"/>
 <node id="10186828758" visible="true" version="1" changeset="128959356" timestamp="2022-11-15T21:00:43Z" user="ccamfwfwtn" uid="1883123" lat="59.9117986" lon="10.8755063"/>
 <node id="10186828759" visible="true" version="1" changeset="128959356" timestamp="2022-11-15T21:00:43Z" user="ccamfwfwtn" uid="1883123" lat="59.9115136" lon="10.8756469"/>
 <node id="10186828760" visible="true" version="1" changeset="128959356" timestamp="2022-11-15T21:00:43Z" user="ccamfwfwtn" uid="1883123" lat="59.9115012" lon="10.8757267"/>
 <node id="10186828761" visible="true" version="1" changeset="128959356" timestamp="2022-11-15T21:00:43Z" user="ccamfwfwtn" uid="1883123" lat="59.9115442" lon="10.8759901"/>
 <node id="10186828762" visible="true" version="1" changeset="128959356" timestamp="2022-11-15T21:00:43Z" user="ccamfwfwtn" uid="1883123" lat="59.9115728" lon="10.8760031"/>
 <node id="10186828763" visible="true" version="1" changeset="128959356" timestamp="2022-11-15T21:00:43Z" user="ccamfwfwtn" uid="1883123" lat="59.9115876" lon="10.8759675"/>
 <node id="10186828764" visible="true" version="1" changeset="128959356" timestamp="2022-11-15T21:00:43Z" user="ccamfwfwtn" uid="1883123" lat="59.9119284" lon="10.8759439"/>
 <node id="10186828765" visible="true" version="1" changeset="128959356" timestamp="2022-11-15T21:00:43Z" user="ccamfwfwtn" uid="1883123" lat="59.9119590" lon="10.8758997"/>
 <node id="10186828766" visible="true" version="1" changeset="128959356" timestamp="2022-11-15T21:00:43Z" user="ccamfwfwtn" uid="1883123" lat="59.9119694" lon="10.8756953"/>
 <node id="10186828767" visible="true" version="1" changeset="128959356" timestamp="2022-11-15T21:00:43Z" user="ccamfwfwtn" uid="1883123" lat="59.9120012" lon="10.8756772"/>
 <node id="10186828768" visible="true" version="1" changeset="128959356" timestamp="2022-11-15T21:00:43Z" user="ccamfwfwtn" uid="1883123" lat="59.9120255" lon="10.8756781"/>
 <node id="10186828769" visible="true" version="1" changeset="128959356" timestamp="2022-11-15T21:00:43Z" user="ccamfwfwtn" uid="1883123" lat="59.9120137" lon="10.8757505"/>
 <node id="10186828770" visible="true" version="1" changeset="128959356" timestamp="2022-11-15T21:00:43Z" user="ccamfwfwtn" uid="1883123" lat="59.9119629" lon="10.8755720"/>
 <node id="10186828771" visible="true" version="1" changeset="128959356" timestamp="2022-11-15T21:00:43Z" user="ccamfwfwtn" uid="1883123" lat="59.9120499" lon="10.8753876"/>
 <node id="10186828772" visible="true" version="1" changeset="128959356" timestamp="2022-11-15T21:00:43Z" user="ccamfwfwtn" uid="1883123" lat="59.9120950" lon="10.8754205"/>
 <node id="10186828773" visible="true" version="1" changeset="128959356" timestamp="2022-11-15T21:00:43Z" user="ccamfwfwtn" uid="1883123" lat="59.9121703" lon="10.8755324"/>
 <node id="10186828774" visible="true" version="1" changeset="128959356" timestamp="2022-11-15T21:00:43Z" user="ccamfwfwtn" uid="1883123" lat="59.9122030" lon="10.8755294"/>
 <node id="10186828775" visible="true" version="1" changeset="128959356" timestamp="2022-11-15T21:00:43Z" user="ccamfwfwtn" uid="1883123" lat="59.9121900" lon="10.8754753"/>
 <node id="10186828776" visible="true" version="1" changeset="128959356" timestamp="2022-11-15T21:00:43Z" user="ccamfwfwtn" uid="1883123" lat="59.9121207" lon="10.8754185"/>
 <node id="10186828777" visible="true" version="1" changeset="128959356" timestamp="2022-11-15T21:00:43Z" user="ccamfwfwtn" uid="1883123" lat="59.9121697" lon="10.8751467"/>
 <node id="10186828778" visible="true" version="1" changeset="128959356" timestamp="2022-11-15T21:00:43Z" user="ccamfwfwtn" uid="1883123" lat="59.9121401" lon="10.8752496"/>
 <node id="10186828779" visible="true" version="1" changeset="128959356" timestamp="2022-11-15T21:00:43Z" user="ccamfwfwtn" uid="1883123" lat="59.9121267" lon="10.8753369"/>
 <node id="10186828780" visible="true" version="1" changeset="128959356" timestamp="2022-11-15T21:00:43Z" user="ccamfwfwtn" uid="1883123" lat="59.9121317" lon="10.8754363"/>
 <node id="10186828781" visible="true" version="1" changeset="128959356" timestamp="2022-11-15T21:00:43Z" user="ccamfwfwtn" uid="1883123" lat="59.9121640" lon="10.8754329"/>
 <node id="10944844247" visible="true" version="1" changeset="136845779" timestamp="2023-06-01T20:23:32Z" user="harahu" uid="10233897" lat="59.9174501" lon="10.8722211"/>
 <node id="10945686597" visible="true" version="1" changeset="136854703" timestamp="2023-06-02T06:47:04Z" user="harahu" uid="10233897" lat="59.9020314" lon="10.8746542"/>
 <node id="10945686598" visible="true" version="1" changeset="136854703" timestamp="2023-06-02T06:47:04Z" user="harahu" uid="10233897" lat="59.9021707" lon="10.8745841"/>
 <node id="10945686599" visible="true" version="1" changeset="136854703" timestamp="2023-06-02T06:47:04Z" user="harahu" uid="10233897" lat="59.9023352" lon="10.8744492"/>
 <node id="10945686600" visible="true" version="1" changeset="136854703" timestamp="2023-06-02T06:47:04Z" user="harahu" uid="10233897" lat="59.9026642" lon="10.8743740"/>
 <node id="10945686601" visible="true" version="1" changeset="136854703" timestamp="2023-06-02T06:47:04Z" user="harahu" uid="10233897" lat="59.9031271" lon="10.8741152"/>
 <node id="10945686602" visible="true" version="1" changeset="136854703" timestamp="2023-06-02T06:47:04Z" user="harahu" uid="10233897" lat="59.9033432" lon="10.8740226"/>
 <node id="10945686603" visible="true" version="1" changeset="136854703" timestamp="2023-06-02T06:47:04Z" user="harahu" uid="10233897" lat="59.9036351" lon="10.8736754"/>
 <node id="10946349649" visible="true" version="1" changeset="136872497" timestamp="2023-06-02T15:08:51Z" user="harahu" uid="10233897" lat="59.9122716" lon="10.8738241"/>
 <node id="10946349650" visible="true" version="1" changeset="136872497" timestamp="2023-06-02T15:08:51Z" user="harahu" uid="10233897" lat="59.9124701" lon="10.8737550"/>
 <node id="10946349651" visible="true" version="1" changeset="136872497" timestamp="2023-06-02T15:08:51Z" user="harahu" uid="10233897" lat="59.9126165" lon="10.8736105"/>
 <node id="10946349652" visible="true" version="1" changeset="136872497" timestamp="2023-06-02T15:08:51Z" user="harahu" uid="10233897" lat="59.9128150" lon="10.8732775"/>
 <node id="10946349653" visible="true" version="1" changeset="136872497" timestamp="2023-06-02T15:08:51Z" user="harahu" uid="10233897" lat="59.9129567" lon="10.8730199"/>
 <node id="10946349654" visible="true" version="1" changeset="136872497" timestamp="2023-06-02T15:08:51Z" user="harahu" uid="10233897" lat="59.9130418" lon="10.8728031"/>
 <node id="10946349655" visible="true" version="1" changeset="136872497" timestamp="2023-06-02T15:08:51Z" user="harahu" uid="10233897" lat="59.9131457" lon="10.8725259"/>
 <node id="11094390583" visible="true" version="1" changeset="139534883" timestamp="2023-08-06T22:44:55Z" user="olejorgenb" uid="154646" lat="59.9174199" lon="10.8824529"/>
 <node id="11094390584" visible="true" version="1" changeset="139534883" timestamp="2023-08-06T22:44:55Z" user="olejorgenb" uid="154646" lat="59.9173258" lon="10.8825669"/>
 <node id="11094390585" visible="true" version="1" changeset="139534883" timestamp="2023-08-06T22:44:55Z" user="olejorgenb" uid="154646" lat="59.9171873" lon="10.8826058"/>
 <node id="11094390586" visible="true" version="1" changeset="139534883" timestamp="2023-08-06T22:44:55Z" user="olejorgenb" uid="154646" lat="59.9169251" lon="10.8826259"/>
 <node id="11094390587" visible="true" version="1" changeset="139534883" timestamp="2023-08-06T22:44:55Z" user="olejorgenb" uid="154646" lat="59.9166387" lon="10.8824328"/>
 <node id="11094390588" visible="true" version="1" changeset="139534883" timestamp="2023-08-06T22:44:55Z" user="olejorgenb" uid="154646" lat="59.9167140" lon="10.8824623"/>
 <node id="11094390589" visible="true" version="1" changeset="139534883" timestamp="2023-08-06T22:44:55Z" user="olejorgenb" uid="154646" lat="59.9166018" lon="10.8823992"/>
 <node id="11094390590" visible="true" version="1" changeset="139534883" timestamp="2023-08-06T22:44:55Z" user="olejorgenb" uid="154646" lat="59.9165957" lon="10.8823536"/>
 <node id="11094390591" visible="true" version="1" changeset="139534883" timestamp="2023-08-06T22:44:55Z" user="olejorgenb" uid="154646" lat="59.9165151" lon="10.8823429"/>
 <node id="11094390592" visible="true" version="1" changeset="139534883" timestamp="2023-08-06T22:44:55Z" user="olejorgenb" uid="154646" lat="59.9165453" lon="10.8823281"/>
 <node id="11094390593" visible="true" version="1" changeset="139534883" timestamp="2023-08-06T22:44:55Z" user="olejorgenb" uid="154646" lat="59.9164472" lon="10.8823550"/>
 <node id="11094390594" visible="true" version="1" changeset="139534883" timestamp="2023-08-06T22:44:55Z" user="olejorgenb" uid="154646" lat="59.9164942" lon="10.8823281"/>
 <node id="11094390595" visible="true" version="1" changeset="139534883" timestamp="2023-08-06T22:44:55Z" user="olejorgenb" uid="154646" lat="59.9162401" lon="10.8823603"/>
 <node id="11094390596" visible="true" version="1" changeset="139534883" timestamp="2023-08-06T22:44:55Z" user="olejorgenb" uid="154646" lat="59.9161668" lon="10.8823644"/>
 <node id="11094390597" visible="true" version="1" changeset="139534883" timestamp="2023-08-06T22:44:55Z" user="olejorgenb" uid="154646" lat="59.9156969" lon="10.8822477"/>
 <node id="11094390598" visible="true" version="1" changeset="139534883" timestamp="2023-08-06T22:44:55Z" user="olejorgenb" uid="154646" lat="59.9153621" lon="10.8823711"/>
 <node id="11094390599" visible="true" version="1" changeset="139534883" timestamp="2023-08-06T22:44:55Z" user="olejorgenb" uid="154646" lat="59.9155705" lon="10.8823255"/>
 <node id="11094390600" visible="true" version="1" changeset="139534883" timestamp="2023-08-06T22:44:55Z" user="olejorgenb" uid="154646" lat="59.9151994" lon="10.8823228"/>
 <node id="11094390601" visible="true" version="1" changeset="139534883" timestamp="2023-08-06T22:44:55Z" user="olejorgenb" uid="154646" lat="59.9150233" lon="10.8821109"/>
 <node id="11094390602" visible="true" version="1" changeset="139534883" timestamp="2023-08-06T22:44:55Z" user="olejorgenb" uid="154646" lat="59.9149601" lon="10.8820063"/>
 <node id="11094390603" visible="true" version="1" changeset="139534883" timestamp="2023-08-06T22:44:55Z" user="olejorgenb" uid="154646" lat="59.9145137" lon="10.8815342"/>
 <node id="11094390604" visible="true" version="1" changeset="139534883" timestamp="2023-08-06T22:44:55Z" user="olejorgenb" uid="154646" lat="59.9146078" lon="10.8815637"/>
 <node id="11094496505" visible="true" version="1" changeset="139534883" timestamp="2023-08-06T22:44:55Z" user="olejorgenb" uid="154646" lat="59.9147100" lon="10.8816522"/>
 <node id="11094496506" visible="true" version="1" changeset="139534883" timestamp="2023-08-06T22:44:55Z" user="olejorgenb" uid="154646" lat="59.9144277" lon="10.8814725"/>
 <node id="11094496507" visible="true" version="1" changeset="139534883" timestamp="2023-08-06T22:44:55Z" user="olejorgenb" uid="154646" lat="59.9136411" lon="10.8811077"/>
 <node id="11094496508" visible="true" version="1" changeset="139534883" timestamp="2023-08-06T22:44:55Z" user="olejorgenb" uid="154646" lat="59.9138549" lon="10.8811909"/>
 <node id="11094496509" visible="true" version="1" changeset="139534883" timestamp="2023-08-06T22:44:55Z" user="olejorgenb" uid="154646" lat="59.9132209" lon="10.8807349"/>
 <node id="11094496510" visible="true" version="1" changeset="139534883" timestamp="2023-08-06T22:44:55Z" user="olejorgenb" uid="154646" lat="59.9132875" lon="10.8808167"/>
 <node id="11094496511" visible="true" version="1" changeset="139534883" timestamp="2023-08-06T22:44:55Z" user="olejorgenb" uid="154646" lat="59.9131597" lon="10.8806384"/>
 <node id="11094496512" visible="true" version="1" changeset="139534883" timestamp="2023-08-06T22:44:55Z" user="olejorgenb" uid="154646" lat="59.9129587" lon="10.8804399"/>
 <node id="11094496513" visible="true" version="1" changeset="139534883" timestamp="2023-08-06T22:44:55Z" user="olejorgenb" uid="154646" lat="59.9129930" lon="10.8804707"/>
 <node id="11094496514" visible="true" version="1" changeset="139534883" timestamp="2023-08-06T22:44:55Z" user="olejorgenb" uid="154646" lat="59.9128787" lon="10.8803125"/>
 <node id="11094496515" visible="true" version="1" changeset="139534883" timestamp="2023-08-06T22:44:55Z" user="olejorgenb" uid="154646" lat="59.9128303" lon="10.8801998"/>
 <node id="11094496516" visible="true" version="1" changeset="139534883" timestamp="2023-08-06T22:44:55Z" user="olejorgenb" uid="154646" lat="59.9127832" lon="10.8801140"/>
 <node id="11094496517" visible="true" version="1" changeset="139534883" timestamp="2023-08-06T22:44:55Z" user="olejorgenb" uid="154646" lat="59.9127509" lon="10.8800443"/>
 <node id="11094496518" visible="true" version="1" changeset="139534883" timestamp="2023-08-06T22:44:55Z" user="olejorgenb" uid="154646" lat="59.9126071" lon="10.8798699"/>
 <node id="11094496519" visible="true" version="1" changeset="139534883" timestamp="2023-08-06T22:44:55Z" user="olejorgenb" uid="154646" lat="59.9124820" lon="10.8797921"/>
 <node id="11094496520" visible="true" version="1" changeset="139534883" timestamp="2023-08-06T22:44:55Z" user="olejorgenb" uid="154646" lat="59.9125546" lon="10.8798739"/>
 <node id="11094496521" visible="true" version="1" changeset="139534883" timestamp="2023-08-06T22:44:55Z" user="olejorgenb" uid="154646" lat="59.9127032" lon="10.8799678"/>
 <node id="11094496522" visible="true" version="1" changeset="139534883" timestamp="2023-08-06T22:44:55Z" user="olejorgenb" uid="154646" lat="59.9121452" lon="10.8795722"/>
 <node id="11094496523" visible="true" version="1" changeset="139534883" timestamp="2023-08-06T22:44:55Z" user="olejorgenb" uid="154646" lat="59.9122480" lon="10.8796205"/>
 <node id="11094496524" visible="true" version="1" changeset="139534883" timestamp="2023-08-06T22:44:55Z" user="olejorgenb" uid="154646" lat="59.9117794" lon="10.8790277"/>
 <node id="11094496525" visible="true" version="1" changeset="139534883" timestamp="2023-08-06T22:44:55Z" user="olejorgenb" uid="154646" lat="59.9119616" lon="10.8793040"/>
 <node id="11094496526" visible="true" version="1" changeset="139534883" timestamp="2023-08-06T22:44:55Z" user="olejorgenb" uid="154646" lat="59.9120813" lon="10.8794931"/>
 <node id="11094496527" visible="true" version="1" changeset="139534883" timestamp="2023-08-06T22:44:55Z" user="olejorgenb" uid="154646" lat="59.9117008" lon="10.8789150"/>
 <node id="11094496528" visible="true" version="1" changeset="139534883" timestamp="2023-08-06T22:44:55Z" user="olejorgenb" uid="154646" lat="59.9115959" lon="10.8787139"/>
 <node id="11094496529" visible="true" version="1" changeset="139534883" timestamp="2023-08-06T22:44:55Z" user="olejorgenb" uid="154646" lat="59.9114957" lon="10.8785368"/>
 <node id="11094496530" visible="true" version="1" changeset="139534883" timestamp="2023-08-06T22:44:55Z" user="olejorgenb" uid="154646" lat="59.9113000" lon="10.8782820"/>
 <node id="11094496531" visible="true" version="1" changeset="139534883" timestamp="2023-08-06T22:44:55Z" user="olejorgenb" uid="154646" lat="59.9111609" lon="10.8781613"/>
 <node id="11094496532" visible="true" version="1" changeset="139534883" timestamp="2023-08-06T22:44:55Z" user="olejorgenb" uid="154646" lat="59.9111898" lon="10.8782244"/>
 <node id="11094496533" visible="true" version="1" changeset="139534883" timestamp="2023-08-06T22:44:55Z" user="olejorgenb" uid="154646" lat="59.9113498" lon="10.8782740"/>
 <node id="11094496534" visible="true" version="1" changeset="139534883" timestamp="2023-08-06T22:44:55Z" user="olejorgenb" uid="154646" lat="59.9109303" lon="10.8780862"/>
 <node id="11094496535" visible="true" version="1" changeset="139534883" timestamp="2023-08-06T22:44:55Z" user="olejorgenb" uid="154646" lat="59.9106586" lon="10.8780634"/>
 <node id="11094496536" visible="true" version="1" changeset="139534883" timestamp="2023-08-06T22:44:55Z" user="olejorgenb" uid="154646" lat="59.9107111" lon="10.8780594"/>
 <node id="11094496537" visible="true" version="1" changeset="139534883" timestamp="2023-08-06T22:44:55Z" user="olejorgenb" uid="154646" lat="59.9110163" lon="10.8780809"/>
 <node id="11094496538" visible="true" version="1" changeset="139534883" timestamp="2023-08-06T22:44:55Z" user="olejorgenb" uid="154646" lat="59.9111178" lon="10.8781157"/>
 <node id="11094496539" visible="true" version="1" changeset="139534883" timestamp="2023-08-06T22:44:55Z" user="olejorgenb" uid="154646" lat="59.9105376" lon="10.8780634"/>
 <node id="11094496540" visible="true" version="1" changeset="139534883" timestamp="2023-08-06T22:44:55Z" user="olejorgenb" uid="154646" lat="59.9103029" lon="10.8780252"/>
 <node id="11094496541" visible="true" version="1" changeset="139534883" timestamp="2023-08-06T22:44:55Z" user="olejorgenb" uid="154646" lat="59.9103366" lon="10.8780245"/>
 <node id="11094496542" visible="true" version="1" changeset="139534883" timestamp="2023-08-06T22:44:55Z" user="olejorgenb" uid="154646" lat="59.9102781" lon="10.8779991"/>
 <node id="11094496543" visible="true" version="1" changeset="139534883" timestamp="2023-08-06T22:44:55Z" user="olejorgenb" uid="154646" lat="59.9098975" lon="10.8778851"/>
 <node id="11094496544" visible="true" version="1" changeset="139534883" timestamp="2023-08-06T22:44:55Z" user="olejorgenb" uid="154646" lat="59.9101342" lon="10.8779789"/>
 <node id="11094496545" visible="true" version="1" changeset="139534883" timestamp="2023-08-06T22:44:55Z" user="olejorgenb" uid="154646" lat="59.9100663" lon="10.8779387"/>
 <node id="11094496546" visible="true" version="1" changeset="139534883" timestamp="2023-08-06T22:44:55Z" user="olejorgenb" uid="154646" lat="59.9098672" lon="10.8778703"/>
 <node id="11094496547" visible="true" version="1" changeset="139534883" timestamp="2023-08-06T22:44:55Z" user="olejorgenb" uid="154646" lat="59.9096749" lon="10.8778100"/>
 <node id="11094496548" visible="true" version="1" changeset="139534883" timestamp="2023-08-06T22:44:55Z" user="olejorgenb" uid="154646" lat="59.9097146" lon="10.8778582"/>
 <node id="11094496549" visible="true" version="1" changeset="139534883" timestamp="2023-08-06T22:44:55Z" user="olejorgenb" uid="154646" lat="59.9098800" lon="10.8778650"/>
 <node id="11094496550" visible="true" version="1" changeset="139534883" timestamp="2023-08-06T22:44:55Z" user="olejorgenb" uid="154646" lat="59.9092392" lon="10.8777510"/>
 <node id="11094496551" visible="true" version="1" changeset="139534883" timestamp="2023-08-06T22:44:55Z" user="olejorgenb" uid="154646" lat="59.9091915" lon="10.8777483"/>
 <node id="11094496552" visible="true" version="1" changeset="139534883" timestamp="2023-08-06T22:44:55Z" user="olejorgenb" uid="154646" lat="59.9092715" lon="10.8777349"/>
 <node id="11094496553" visible="true" version="1" changeset="139534883" timestamp="2023-08-06T22:44:55Z" user="olejorgenb" uid="154646" lat="59.9094100" lon="10.8777308"/>
 <node id="11094496554" visible="true" version="1" changeset="139534883" timestamp="2023-08-06T22:44:55Z" user="olejorgenb" uid="154646" lat="59.9093865" lon="10.8777148"/>
 <node id="11094496555" visible="true" version="1" changeset="139534883" timestamp="2023-08-06T22:44:55Z" user="olejorgenb" uid="154646" lat="59.9095075" lon="10.8777335"/>
 <node id="11094496556" visible="true" version="1" changeset="139534883" timestamp="2023-08-06T22:44:55Z" user="olejorgenb" uid="154646" lat="59.9094652" lon="10.8777121"/>
 <node id="11094496557" visible="true" version="1" changeset="139534883" timestamp="2023-08-06T22:44:55Z" user="olejorgenb" uid="154646" lat="59.9089205" lon="10.8778006"/>
 <node id="11094496558" visible="true" version="1" changeset="139534883" timestamp="2023-08-06T22:44:55Z" user="olejorgenb" uid="154646" lat="59.9086576" lon="10.8776732"/>
 <node id="11094496559" visible="true" version="1" changeset="139534883" timestamp="2023-08-06T22:44:55Z" user="olejorgenb" uid="154646" lat="59.9085890" lon="10.8775806"/>
 <node id="11094496560" visible="true" version="1" changeset="139534883" timestamp="2023-08-06T22:44:55Z" user="olejorgenb" uid="154646" lat="59.9087605" lon="10.8777603"/>
 <node id="11094496561" visible="true" version="1" changeset="139534883" timestamp="2023-08-06T22:44:55Z" user="olejorgenb" uid="154646" lat="59.9083725" lon="10.8772990"/>
 <node id="11094496562" visible="true" version="1" changeset="139534883" timestamp="2023-08-06T22:44:55Z" user="olejorgenb" uid="154646" lat="59.9082461" lon="10.8770724"/>
 <node id="11094496563" visible="true" version="1" changeset="139534883" timestamp="2023-08-06T22:44:55Z" user="olejorgenb" uid="154646" lat="59.9083382" lon="10.8771783"/>
 <node id="11094496564" visible="true" version="1" changeset="139534883" timestamp="2023-08-06T22:44:55Z" user="olejorgenb" uid="154646" lat="59.9080282" lon="10.8768524"/>
 <node id="11094496565" visible="true" version="1" changeset="139534883" timestamp="2023-08-06T22:44:55Z" user="olejorgenb" uid="154646" lat="59.9078931" lon="10.8766969"/>
 <node id="11094496566" visible="true" version="1" changeset="139534883" timestamp="2023-08-06T22:44:55Z" user="olejorgenb" uid="154646" lat="59.9079986" lon="10.8767961"/>
 <node id="11094496567" visible="true" version="1" changeset="139534883" timestamp="2023-08-06T22:44:55Z" user="olejorgenb" uid="154646" lat="59.9081728" lon="10.8768564"/>
 <node id="11094496568" visible="true" version="1" changeset="139534883" timestamp="2023-08-06T22:44:55Z" user="olejorgenb" uid="154646" lat="59.9075616" lon="10.8765721"/>
 <node id="11094496569" visible="true" version="1" changeset="139534883" timestamp="2023-08-06T22:44:55Z" user="olejorgenb" uid="154646" lat="59.9076288" lon="10.8765775"/>
 <node id="11094496570" visible="true" version="1" changeset="139534883" timestamp="2023-08-06T22:44:55Z" user="olejorgenb" uid="154646" lat="59.9074573" lon="10.8765426"/>
 <node id="11094496571" visible="true" version="1" changeset="139534883" timestamp="2023-08-06T22:44:55Z" user="olejorgenb" uid="154646" lat="59.9074089" lon="10.8765158"/>
 <node id="11094496572" visible="true" version="1" changeset="139534883" timestamp="2023-08-06T22:44:55Z" user="olejorgenb" uid="154646" lat="59.9075320" lon="10.8765534"/>
 <node id="11094496573" visible="true" version="1" changeset="139534883" timestamp="2023-08-06T22:44:55Z" user="olejorgenb" uid="154646" lat="59.9077835" lon="10.8766244"/>
 <node id="11094496574" visible="true" version="1" changeset="139534883" timestamp="2023-08-06T22:44:55Z" user="olejorgenb" uid="154646" lat="59.9069107" lon="10.8762556"/>
 <node id="11094496575" visible="true" version="1" changeset="139534883" timestamp="2023-08-06T22:44:55Z" user="olejorgenb" uid="154646" lat="59.9068663" lon="10.8762154"/>
 <node id="11094496576" visible="true" version="1" changeset="139534883" timestamp="2023-08-06T22:44:55Z" user="olejorgenb" uid="154646" lat="59.9071541" lon="10.8763643"/>
 <node id="11094496577" visible="true" version="1" changeset="139534883" timestamp="2023-08-06T22:44:55Z" user="olejorgenb" uid="154646" lat="59.9070956" lon="10.8763213"/>
 <node id="11094496578" visible="true" version="1" changeset="139534883" timestamp="2023-08-06T22:44:55Z" user="olejorgenb" uid="154646" lat="59.9064292" lon="10.8764018"/>
 <node id="11094496579" visible="true" version="1" changeset="139534883" timestamp="2023-08-06T22:44:55Z" user="olejorgenb" uid="154646" lat="59.9063344" lon="10.8764233"/>
 <node id="11094496580" visible="true" version="1" changeset="139534883" timestamp="2023-08-06T22:44:55Z" user="olejorgenb" uid="154646" lat="59.9066276" lon="10.8761859"/>
 <node id="11094496581" visible="true" version="1" changeset="139534883" timestamp="2023-08-06T22:44:55Z" user="olejorgenb" uid="154646" lat="59.9065267" lon="10.8763200"/>
 <node id="11094496582" visible="true" version="1" changeset="139534883" timestamp="2023-08-06T22:44:55Z" user="olejorgenb" uid="154646" lat="59.9058852" lon="10.8767076"/>
 <node id="11094496583" visible="true" version="1" changeset="139534883" timestamp="2023-08-06T22:44:55Z" user="olejorgenb" uid="154646" lat="59.9057466" lon="10.8767465"/>
 <node id="11094496584" visible="true" version="1" changeset="139534883" timestamp="2023-08-06T22:44:55Z" user="olejorgenb" uid="154646" lat="59.9055842" lon="10.8767860"/>
 <node id="11094496585" visible="true" version="1" changeset="139534883" timestamp="2023-08-06T22:44:55Z" user="olejorgenb" uid="154646" lat="59.9055516" lon="10.8767840"/>
 <node id="11094496586" visible="true" version="1" changeset="139534883" timestamp="2023-08-06T22:44:55Z" user="olejorgenb" uid="154646" lat="59.9055207" lon="10.8767686"/>
 <node id="11094496587" visible="true" version="1" changeset="139534883" timestamp="2023-08-06T22:44:55Z" user="olejorgenb" uid="154646" lat="59.9056770" lon="10.8767612"/>
 <node id="11094496588" visible="true" version="1" changeset="139534883" timestamp="2023-08-06T22:44:55Z" user="olejorgenb" uid="154646" lat="59.9053153" lon="10.8768082"/>
 <node id="11094496589" visible="true" version="1" changeset="139534883" timestamp="2023-08-06T22:44:55Z" user="olejorgenb" uid="154646" lat="59.9052850" lon="10.8767988"/>
 <node id="11094496590" visible="true" version="1" changeset="139534883" timestamp="2023-08-06T22:44:55Z" user="olejorgenb" uid="154646" lat="59.9054353" lon="10.8767746"/>
 <node id="11094496591" visible="true" version="1" changeset="139534883" timestamp="2023-08-06T22:44:55Z" user="olejorgenb" uid="154646" lat="59.9052500" lon="10.8768035"/>
 <node id="11094496592" visible="true" version="1" changeset="139534883" timestamp="2023-08-06T22:44:55Z" user="olejorgenb" uid="154646" lat="59.9048792" lon="10.8768095"/>
 <node id="11094496593" visible="true" version="1" changeset="139534883" timestamp="2023-08-06T22:44:55Z" user="olejorgenb" uid="154646" lat="59.9047783" lon="10.8768202"/>
 <node id="11094496594" visible="true" version="1" changeset="139534883" timestamp="2023-08-06T22:44:55Z" user="olejorgenb" uid="154646" lat="59.9049138" lon="10.8768196"/>
 <node id="11094496595" visible="true" version="1" changeset="139534883" timestamp="2023-08-06T22:44:55Z" user="olejorgenb" uid="154646" lat="59.9047406" lon="10.8768055"/>
 <node id="11094496596" visible="true" version="1" changeset="139534883" timestamp="2023-08-06T22:44:55Z" user="olejorgenb" uid="154646" lat="59.9051054" lon="10.8768316"/>
 <node id="11094496597" visible="true" version="1" changeset="139534883" timestamp="2023-08-06T22:44:55Z" user="olejorgenb" uid="154646" lat="59.9043405" lon="10.8769181"/>
 <node id="11094496598" visible="true" version="1" changeset="139534883" timestamp="2023-08-06T22:44:55Z" user="olejorgenb" uid="154646" lat="59.9043923" lon="10.8769141"/>
 <node id="11094496599" visible="true" version="1" changeset="139534883" timestamp="2023-08-06T22:44:55Z" user="olejorgenb" uid="154646" lat="59.9041993" lon="10.8768336"/>
 <node id="11094496600" visible="true" version="1" changeset="139534883" timestamp="2023-08-06T22:44:55Z" user="olejorgenb" uid="154646" lat="59.9042874" lon="10.8768524"/>
 <node id="11094496601" visible="true" version="1" changeset="139534883" timestamp="2023-08-06T22:44:55Z" user="olejorgenb" uid="154646" lat="59.9039800" lon="10.8767961"/>
 <node id="11094496602" visible="true" version="1" changeset="139534883" timestamp="2023-08-06T22:44:55Z" user="olejorgenb" uid="154646" lat="59.9039437" lon="10.8767800"/>
 <node id="11094496603" visible="true" version="1" changeset="139534883" timestamp="2023-08-06T22:44:55Z" user="olejorgenb" uid="154646" lat="59.9039121" lon="10.8767331"/>
 <node id="11094496604" visible="true" version="1" changeset="139534883" timestamp="2023-08-06T22:44:55Z" user="olejorgenb" uid="154646" lat="59.9040917" lon="10.8767854"/>
 <node id="11094496605" visible="true" version="1" changeset="139534883" timestamp="2023-08-06T22:44:55Z" user="olejorgenb" uid="154646" lat="59.9038355" lon="10.8767398"/>
 <node id="11094496606" visible="true" version="1" changeset="139534883" timestamp="2023-08-06T22:44:55Z" user="olejorgenb" uid="154646" lat="59.9037110" lon="10.8767639"/>
 <node id="11094496607" visible="true" version="1" changeset="139534883" timestamp="2023-08-06T22:44:55Z" user="olejorgenb" uid="154646" lat="59.9035873" lon="10.8768055"/>
 <node id="11094496608" visible="true" version="1" changeset="139534883" timestamp="2023-08-06T22:44:55Z" user="olejorgenb" uid="154646" lat="59.9033694" lon="10.8768900"/>
 <node id="11094496609" visible="true" version="1" changeset="139534883" timestamp="2023-08-06T22:44:55Z" user="olejorgenb" uid="154646" lat="59.9032948" lon="10.8768752"/>
 <node id="11094496610" visible="true" version="1" changeset="139534883" timestamp="2023-08-06T22:44:55Z" user="olejorgenb" uid="154646" lat="59.9034985" lon="10.8768712"/>
 <node id="11094496611" visible="true" version="1" changeset="139534883" timestamp="2023-08-06T22:44:55Z" user="olejorgenb" uid="154646" lat="59.9031488" lon="10.8767170"/>
 <node id="11094496612" visible="true" version="1" changeset="139534883" timestamp="2023-08-06T22:44:55Z" user="olejorgenb" uid="154646" lat="59.9031011" lon="10.8766016"/>
 <node id="11094496613" visible="true" version="1" changeset="139534883" timestamp="2023-08-06T22:44:55Z" user="olejorgenb" uid="154646" lat="59.9031065" lon="10.8766486"/>
 <node id="11094496614" visible="true" version="1" changeset="139534883" timestamp="2023-08-06T22:44:55Z" user="olejorgenb" uid="154646" lat="59.9031233" lon="10.8767036"/>
 <node id="11094496615" visible="true" version="1" changeset="139534883" timestamp="2023-08-06T22:44:55Z" user="olejorgenb" uid="154646" lat="59.9031374" lon="10.8765855"/>
 <node id="11094496616" visible="true" version="1" changeset="139534883" timestamp="2023-08-06T22:44:55Z" user="olejorgenb" uid="154646" lat="59.9032154" lon="10.8764273"/>
 <node id="11094496617" visible="true" version="1" changeset="139534883" timestamp="2023-08-06T22:44:55Z" user="olejorgenb" uid="154646" lat="59.9031764" lon="10.8764394"/>
 <node id="11094496618" visible="true" version="1" changeset="139534883" timestamp="2023-08-06T22:44:55Z" user="olejorgenb" uid="154646" lat="59.9033042" lon="10.8763777"/>
 <node id="11094496619" visible="true" version="1" changeset="139534883" timestamp="2023-08-06T22:44:55Z" user="olejorgenb" uid="154646" lat="59.9033855" lon="10.8763589"/>
 <node id="11094496620" visible="true" version="1" changeset="139534883" timestamp="2023-08-06T22:44:55Z" user="olejorgenb" uid="154646" lat="59.9034932" lon="10.8762704"/>
 <node id="11094496621" visible="true" version="1" changeset="139534883" timestamp="2023-08-06T22:44:55Z" user="olejorgenb" uid="154646" lat="59.9035221" lon="10.8762677"/>
 <node id="11094496622" visible="true" version="1" changeset="139534883" timestamp="2023-08-06T22:44:55Z" user="olejorgenb" uid="154646" lat="59.9035584" lon="10.8762409"/>
 <node id="11094496623" visible="true" version="1" changeset="139534883" timestamp="2023-08-06T22:44:55Z" user="olejorgenb" uid="154646" lat="59.9036653" lon="10.8762516"/>
 <node id="11094496624" visible="true" version="1" changeset="139534883" timestamp="2023-08-06T22:44:55Z" user="olejorgenb" uid="154646" lat="59.9037877" lon="10.8762114"/>
 <node id="11094496625" visible="true" version="1" changeset="139534883" timestamp="2023-08-06T22:44:55Z" user="olejorgenb" uid="154646" lat="59.9040177" lon="10.8760706"/>
 <node id="11094496626" visible="true" version="1" changeset="139534883" timestamp="2023-08-06T22:44:55Z" user="olejorgenb" uid="154646" lat="59.9041192" lon="10.8760437"/>
 <node id="11094496627" visible="true" version="1" changeset="139534883" timestamp="2023-08-06T22:44:55Z" user="olejorgenb" uid="154646" lat="59.9042383" lon="10.8759928"/>
 <node id="11094496628" visible="true" version="1" changeset="139534883" timestamp="2023-08-06T22:44:55Z" user="olejorgenb" uid="154646" lat="59.9039135" lon="10.8761269"/>
 <node id="11094496629" visible="true" version="1" changeset="139534883" timestamp="2023-08-06T22:44:55Z" user="olejorgenb" uid="154646" lat="59.9043829" lon="10.8759888"/>
 <node id="11094496630" visible="true" version="1" changeset="139534883" timestamp="2023-08-06T22:44:55Z" user="olejorgenb" uid="154646" lat="59.9043324" lon="10.8760250"/>
 <node id="11094496631" visible="true" version="1" changeset="139534883" timestamp="2023-08-06T22:44:55Z" user="olejorgenb" uid="154646" lat="59.9044185" lon="10.8759901"/>
 <node id="11094496632" visible="true" version="1" changeset="139534883" timestamp="2023-08-06T22:44:55Z" user="olejorgenb" uid="154646" lat="59.9046498" lon="10.8757648"/>
 <node id="11094496633" visible="true" version="1" changeset="139534883" timestamp="2023-08-06T22:44:55Z" user="olejorgenb" uid="154646" lat="59.9046169" lon="10.8758439"/>
 <node id="11094496634" visible="true" version="1" changeset="139534883" timestamp="2023-08-06T22:44:55Z" user="olejorgenb" uid="154646" lat="59.9050096" lon="10.8752565"/>
 <node id="11094496635" visible="true" version="1" changeset="139534883" timestamp="2023-08-06T22:44:55Z" user="olejorgenb" uid="154646" lat="59.9049101" lon="10.8753678"/>
 <node id="11094496636" visible="true" version="1" changeset="139534883" timestamp="2023-08-06T22:44:55Z" user="olejorgenb" uid="154646" lat="59.9048402" lon="10.8755475"/>
 <node id="11094496637" visible="true" version="1" changeset="139534883" timestamp="2023-08-06T22:44:55Z" user="olejorgenb" uid="154646" lat="59.9051475" lon="10.8752055"/>
 <node id="11094496638" visible="true" version="1" changeset="139534883" timestamp="2023-08-06T22:44:55Z" user="olejorgenb" uid="154646" lat="59.9052315" lon="10.8748193"/>
 <node id="11094496639" visible="true" version="1" changeset="139534883" timestamp="2023-08-06T22:44:55Z" user="olejorgenb" uid="154646" lat="59.9053042" lon="10.8747509"/>
 <node id="11094496640" visible="true" version="1" changeset="139534883" timestamp="2023-08-06T22:44:55Z" user="olejorgenb" uid="154646" lat="59.9053492" lon="10.8747160"/>
 <node id="11094496641" visible="true" version="1" changeset="139534883" timestamp="2023-08-06T22:44:55Z" user="olejorgenb" uid="154646" lat="59.9053687" lon="10.8746611"/>
 <node id="11094496642" visible="true" version="1" changeset="139534883" timestamp="2023-08-06T22:44:55Z" user="olejorgenb" uid="154646" lat="59.9053882" lon="10.8746597"/>
 <node id="11094496643" visible="true" version="1" changeset="139534883" timestamp="2023-08-06T22:44:55Z" user="olejorgenb" uid="154646" lat="59.9052887" lon="10.8747885"/>
 <node id="11094496644" visible="true" version="1" changeset="139534883" timestamp="2023-08-06T22:44:55Z" user="olejorgenb" uid="154646" lat="59.9055173" lon="10.8745524"/>
 <node id="11094496645" visible="true" version="1" changeset="139534883" timestamp="2023-08-06T22:44:55Z" user="olejorgenb" uid="154646" lat="59.9056411" lon="10.8744585"/>
 <node id="11094496646" visible="true" version="1" changeset="139534883" timestamp="2023-08-06T22:44:55Z" user="olejorgenb" uid="154646" lat="59.9057756" lon="10.8743271"/>
 <node id="11094496647" visible="true" version="1" changeset="139534883" timestamp="2023-08-06T22:44:55Z" user="olejorgenb" uid="154646" lat="59.9051650" lon="10.8751492"/>
 <node id="11094496648" visible="true" version="1" changeset="139534883" timestamp="2023-08-06T22:44:55Z" user="olejorgenb" uid="154646" lat="59.9054286" lon="10.8745980"/>
 <node id="11094496649" visible="true" version="1" changeset="139534883" timestamp="2023-08-06T22:44:55Z" user="olejorgenb" uid="154646" lat="59.9059094" lon="10.8741380"/>
 <node id="11094496650" visible="true" version="1" changeset="139534883" timestamp="2023-08-06T22:44:55Z" user="olejorgenb" uid="154646" lat="59.9061199" lon="10.8739677"/>
 <node id="11094496651" visible="true" version="1" changeset="139534883" timestamp="2023-08-06T22:44:55Z" user="olejorgenb" uid="154646" lat="59.9059524" lon="10.8740777"/>
 <node id="11094496652" visible="true" version="1" changeset="139534883" timestamp="2023-08-06T22:44:55Z" user="olejorgenb" uid="154646" lat="59.9058811" lon="10.8742292"/>
 <node id="11094496653" visible="true" version="1" changeset="139534883" timestamp="2023-08-06T22:44:55Z" user="olejorgenb" uid="154646" lat="59.9063283" lon="10.8738644"/>
 <node id="11094496654" visible="true" version="1" changeset="139534883" timestamp="2023-08-06T22:44:55Z" user="olejorgenb" uid="154646" lat="59.9063754" lon="10.8738457"/>
 <node id="11094496655" visible="true" version="1" changeset="139534883" timestamp="2023-08-06T22:44:55Z" user="olejorgenb" uid="154646" lat="59.9064904" lon="10.8737706"/>
 <node id="11094496656" visible="true" version="1" changeset="139534883" timestamp="2023-08-06T22:44:55Z" user="olejorgenb" uid="154646" lat="59.9065516" lon="10.8737907"/>
 <node id="11094496657" visible="true" version="1" changeset="139534883" timestamp="2023-08-06T22:44:55Z" user="olejorgenb" uid="154646" lat="59.9066713" lon="10.8737893"/>
 <node id="11094496658" visible="true" version="1" changeset="139534883" timestamp="2023-08-06T22:44:55Z" user="olejorgenb" uid="154646" lat="59.9064426" lon="10.8737867"/>
 <node id="11094496659" visible="true" version="1" changeset="139534883" timestamp="2023-08-06T22:44:55Z" user="olejorgenb" uid="154646" lat="59.9062080" lon="10.8739543"/>
 <node id="11094496660" visible="true" version="1" changeset="139534883" timestamp="2023-08-06T22:44:55Z" user="olejorgenb" uid="154646" lat="59.9068414" lon="10.8736888"/>
 <node id="11094496661" visible="true" version="1" changeset="139534883" timestamp="2023-08-06T22:44:55Z" user="olejorgenb" uid="154646" lat="59.9068878" lon="10.8736901"/>
 <node id="11094496662" visible="true" version="1" changeset="139534883" timestamp="2023-08-06T22:44:55Z" user="olejorgenb" uid="154646" lat="59.9069671" lon="10.8736338"/>
 <node id="11094496663" visible="true" version="1" changeset="139534883" timestamp="2023-08-06T22:44:55Z" user="olejorgenb" uid="154646" lat="59.9070230" lon="10.8736593"/>
 <node id="11094496664" visible="true" version="1" changeset="139534883" timestamp="2023-08-06T22:44:55Z" user="olejorgenb" uid="154646" lat="59.9070250" lon="10.8736834"/>
 <node id="11094496665" visible="true" version="1" changeset="139534883" timestamp="2023-08-06T22:44:55Z" user="olejorgenb" uid="154646" lat="59.9071843" lon="10.8736244"/>
 <node id="11094496666" visible="true" version="1" changeset="139534883" timestamp="2023-08-06T22:44:55Z" user="olejorgenb" uid="154646" lat="59.9072455" lon="10.8735211"/>
 <node id="11094496667" visible="true" version="1" changeset="139534883" timestamp="2023-08-06T22:44:55Z" user="olejorgenb" uid="154646" lat="59.9070653" lon="10.8736365"/>
 <node id="11094496668" visible="true" version="1" changeset="139534883" timestamp="2023-08-06T22:44:55Z" user="olejorgenb" uid="154646" lat="59.9070001" lon="10.8736901"/>
 <node id="11094496669" visible="true" version="1" changeset="139534883" timestamp="2023-08-06T22:44:55Z" user="olejorgenb" uid="154646" lat="59.9069503" lon="10.8736619"/>
 <node id="11094496670" visible="true" version="1" changeset="139534883" timestamp="2023-08-06T22:44:55Z" user="olejorgenb" uid="154646" lat="59.9074432" lon="10.8735225"/>
 <node id="11094496671" visible="true" version="1" changeset="139534883" timestamp="2023-08-06T22:44:55Z" user="olejorgenb" uid="154646" lat="59.9073034" lon="10.8734715"/>
 <node id="11094496672" visible="true" version="1" changeset="139534883" timestamp="2023-08-06T22:44:55Z" user="olejorgenb" uid="154646" lat="59.9071238" lon="10.8737102"/>
 <node id="11094496673" visible="true" version="1" changeset="139534883" timestamp="2023-08-06T22:44:55Z" user="olejorgenb" uid="154646" lat="59.9079126" lon="10.8734339"/>
 <node id="11094496674" visible="true" version="1" changeset="139534883" timestamp="2023-08-06T22:44:55Z" user="olejorgenb" uid="154646" lat="59.9083254" lon="10.8734795"/>
 <node id="11094496675" visible="true" version="1" changeset="139534883" timestamp="2023-08-06T22:44:55Z" user="olejorgenb" uid="154646" lat="59.9082636" lon="10.8735010"/>
 <node id="11094496676" visible="true" version="1" changeset="139534883" timestamp="2023-08-06T22:44:55Z" user="olejorgenb" uid="154646" lat="59.9085971" lon="10.8736646"/>
 <node id="11094496677" visible="true" version="1" changeset="139534883" timestamp="2023-08-06T22:44:55Z" user="olejorgenb" uid="154646" lat="59.9088392" lon="10.8736780"/>
 <node id="11094496678" visible="true" version="1" changeset="139534883" timestamp="2023-08-06T22:44:55Z" user="olejorgenb" uid="154646" lat="59.9088808" lon="10.8737692"/>
 <node id="11094496679" visible="true" version="1" changeset="139534883" timestamp="2023-08-06T22:44:55Z" user="olejorgenb" uid="154646" lat="59.9083739" lon="10.8735144"/>
 <node id="11094496680" visible="true" version="1" changeset="139534883" timestamp="2023-08-06T22:44:55Z" user="olejorgenb" uid="154646" lat="59.9084276" lon="10.8736217"/>
 <node id="11094496681" visible="true" version="1" changeset="139534883" timestamp="2023-08-06T22:44:55Z" user="olejorgenb" uid="154646" lat="59.9087302" lon="10.8737558"/>
 <node id="11094496682" visible="true" version="1" changeset="139534883" timestamp="2023-08-06T22:44:55Z" user="olejorgenb" uid="154646" lat="59.9090382" lon="10.8738336"/>
 <node id="11094496683" visible="true" version="1" changeset="139534883" timestamp="2023-08-06T22:44:55Z" user="olejorgenb" uid="154646" lat="59.9090772" lon="10.8738577"/>
 <node id="11094496684" visible="true" version="1" changeset="139534883" timestamp="2023-08-06T22:44:55Z" user="olejorgenb" uid="154646" lat="59.9091350" lon="10.8738524"/>
 <node id="11094496685" visible="true" version="1" changeset="139534883" timestamp="2023-08-06T22:44:55Z" user="olejorgenb" uid="154646" lat="59.9092345" lon="10.8738041"/>
 <node id="11094496686" visible="true" version="1" changeset="139534883" timestamp="2023-08-06T22:44:55Z" user="olejorgenb" uid="154646" lat="59.9095882" lon="10.8738148"/>
 <node id="11094496687" visible="true" version="1" changeset="139534883" timestamp="2023-08-06T22:44:55Z" user="olejorgenb" uid="154646" lat="59.9097993" lon="10.8738255"/>
 <node id="11094496688" visible="true" version="1" changeset="139534883" timestamp="2023-08-06T22:44:55Z" user="olejorgenb" uid="154646" lat="59.9096447" lon="10.8738336"/>
 <node id="11094496689" visible="true" version="1" changeset="139534883" timestamp="2023-08-06T22:44:55Z" user="olejorgenb" uid="154646" lat="59.9100266" lon="10.8738041"/>
 <node id="11094496690" visible="true" version="1" changeset="139534883" timestamp="2023-08-06T22:44:55Z" user="olejorgenb" uid="154646" lat="59.9098598" lon="10.8738685"/>
 <node id="11094496691" visible="true" version="1" changeset="139534883" timestamp="2023-08-06T22:44:55Z" user="olejorgenb" uid="154646" lat="59.9102337" lon="10.8739248"/>
 <node id="11094496692" visible="true" version="1" changeset="139534883" timestamp="2023-08-06T22:44:55Z" user="olejorgenb" uid="154646" lat="59.9102982" lon="10.8738711"/>
 <node id="11094496693" visible="true" version="1" changeset="139534883" timestamp="2023-08-06T22:44:55Z" user="olejorgenb" uid="154646" lat="59.9101664" lon="10.8739248"/>
 <node id="11094496694" visible="true" version="1" changeset="139534883" timestamp="2023-08-06T22:44:55Z" user="olejorgenb" uid="154646" lat="59.9107272" lon="10.8738631"/>
 <node id="11094496695" visible="true" version="1" changeset="139534883" timestamp="2023-08-06T22:44:55Z" user="olejorgenb" uid="154646" lat="59.9108065" lon="10.8738819"/>
 <node id="11094496696" visible="true" version="1" changeset="139534883" timestamp="2023-08-06T22:44:55Z" user="olejorgenb" uid="154646" lat="59.9108549" lon="10.8739355"/>
 <node id="11094496697" visible="true" version="1" changeset="139534883" timestamp="2023-08-06T22:44:55Z" user="olejorgenb" uid="154646" lat="59.9109598" lon="10.8739489"/>
 <node id="11094496698" visible="true" version="1" changeset="139534883" timestamp="2023-08-06T22:44:55Z" user="olejorgenb" uid="154646" lat="59.9109222" lon="10.8739462"/>
 <node id="11094496699" visible="true" version="1" changeset="139534883" timestamp="2023-08-06T22:44:55Z" user="olejorgenb" uid="154646" lat="59.9111225" lon="10.8740106"/>
 <node id="11094496700" visible="true" version="1" changeset="139534883" timestamp="2023-08-06T22:44:55Z" user="olejorgenb" uid="154646" lat="59.9110553" lon="10.8740187"/>
 <node id="11094496701" visible="true" version="1" changeset="139534883" timestamp="2023-08-06T22:44:55Z" user="olejorgenb" uid="154646" lat="59.9111615" lon="10.8740374"/>
 <node id="11094496702" visible="true" version="1" changeset="139534883" timestamp="2023-08-06T22:44:55Z" user="olejorgenb" uid="154646" lat="59.9107622" lon="10.8739114"/>
 <node id="11094496703" visible="true" version="1" changeset="139534883" timestamp="2023-08-06T22:44:55Z" user="olejorgenb" uid="154646" lat="59.9113417" lon="10.8738819"/>
 <node id="11094496704" visible="true" version="1" changeset="139534883" timestamp="2023-08-06T22:44:55Z" user="olejorgenb" uid="154646" lat="59.9113901" lon="10.8738658"/>
 <node id="11094496705" visible="true" version="1" changeset="139534883" timestamp="2023-08-06T22:44:55Z" user="olejorgenb" uid="154646" lat="59.9117061" lon="10.8738162"/>
 <node id="11094496706" visible="true" version="1" changeset="139534883" timestamp="2023-08-06T22:44:55Z" user="olejorgenb" uid="154646" lat="59.9117566" lon="10.8738510"/>
 <node id="11094496707" visible="true" version="1" changeset="139534883" timestamp="2023-08-06T22:44:55Z" user="olejorgenb" uid="154646" lat="59.9117438" lon="10.8738255"/>
 <node id="11094496708" visible="true" version="1" changeset="139534883" timestamp="2023-08-06T22:44:55Z" user="olejorgenb" uid="154646" lat="59.9115017" lon="10.8738752"/>
 <node id="11094496709" visible="true" version="1" changeset="139534883" timestamp="2023-08-06T22:44:55Z" user="olejorgenb" uid="154646" lat="59.9118110" lon="10.8738323"/>
 <node id="11094496710" visible="true" version="1" changeset="139534883" timestamp="2023-08-06T22:44:55Z" user="olejorgenb" uid="154646" lat="59.9119173" lon="10.8738631"/>
 <node id="11094496711" visible="true" version="1" changeset="139534883" timestamp="2023-08-06T22:44:55Z" user="olejorgenb" uid="154646" lat="59.9119489" lon="10.8738524"/>
 <node id="11094496712" visible="true" version="1" changeset="139534883" timestamp="2023-08-06T22:44:55Z" user="olejorgenb" uid="154646" lat="59.9119287" lon="10.8738765"/>
 <node id="11094496713" visible="true" version="1" changeset="139534883" timestamp="2023-08-06T22:44:55Z" user="olejorgenb" uid="154646" lat="59.9119798" lon="10.8738631"/>
 <node id="11094496714" visible="true" version="1" changeset="139534883" timestamp="2023-08-06T22:44:55Z" user="olejorgenb" uid="154646" lat="59.9120813" lon="10.8739114"/>
 <node id="11094496715" visible="true" version="1" changeset="139534883" timestamp="2023-08-06T22:44:55Z" user="olejorgenb" uid="154646" lat="59.9120087" lon="10.8738926"/>
 <node id="11094496716" visible="true" version="1" changeset="139534883" timestamp="2023-08-06T22:44:55Z" user="olejorgenb" uid="154646" lat="59.9122857" lon="10.8738926"/>
 <node id="11094496717" visible="true" version="1" changeset="139534883" timestamp="2023-08-06T22:44:55Z" user="olejorgenb" uid="154646" lat="59.9122104" lon="10.8738899"/>
 <node id="11094496718" visible="true" version="1" changeset="139534883" timestamp="2023-08-06T22:44:55Z" user="olejorgenb" uid="154646" lat="59.9123321" lon="10.8738859"/>
 <node id="11094496719" visible="true" version="1" changeset="139534883" timestamp="2023-08-06T22:44:55Z" user="olejorgenb" uid="154646" lat="59.9124276" lon="10.8738631"/>
 <node id="11094496720" visible="true" version="1" changeset="139534883" timestamp="2023-08-06T22:44:55Z" user="olejorgenb" uid="154646" lat="59.9123953" lon="10.8738913"/>
 <node id="11094496721" visible="true" version="1" changeset="139534883" timestamp="2023-08-06T22:44:55Z" user="olejorgenb" uid="154646" lat="59.9124585" lon="10.8738591"/>
 <node id="11094496722" visible="true" version="1" changeset="139534883" timestamp="2023-08-06T22:44:55Z" user="olejorgenb" uid="154646" lat="59.9127214" lon="10.8741125"/>
 <node id="11094496723" visible="true" version="1" changeset="139534883" timestamp="2023-08-06T22:44:55Z" user="olejorgenb" uid="154646" lat="59.9126178" lon="10.8739717"/>
 <node id="11094496724" visible="true" version="1" changeset="139534883" timestamp="2023-08-06T22:44:55Z" user="olejorgenb" uid="154646" lat="59.9128585" lon="10.8742037"/>
 <node id="11094496725" visible="true" version="1" changeset="139534883" timestamp="2023-08-06T22:44:55Z" user="olejorgenb" uid="154646" lat="59.9129432" lon="10.8742560"/>
 <node id="11094496726" visible="true" version="1" changeset="139534883" timestamp="2023-08-06T22:44:55Z" user="olejorgenb" uid="154646" lat="59.9128195" lon="10.8741903"/>
 <node id="11094496727" visible="true" version="1" changeset="139534883" timestamp="2023-08-06T22:44:55Z" user="olejorgenb" uid="154646" lat="59.9130918" lon="10.8743580"/>
 <node id="11094496728" visible="true" version="1" changeset="139534883" timestamp="2023-08-06T22:44:55Z" user="olejorgenb" uid="154646" lat="59.9130515" lon="10.8743379"/>
 <node id="11094496729" visible="true" version="1" changeset="139534883" timestamp="2023-08-06T22:44:55Z" user="olejorgenb" uid="154646" lat="59.9132559" lon="10.8744988"/>
 <node id="11094496730" visible="true" version="1" changeset="139534883" timestamp="2023-08-06T22:44:55Z" user="olejorgenb" uid="154646" lat="59.9130125" lon="10.8742829"/>
 <node id="11094496731" visible="true" version="1" changeset="139534883" timestamp="2023-08-06T22:44:55Z" user="olejorgenb" uid="154646" lat="59.9133991" lon="10.8746007"/>
 <node id="11094496732" visible="true" version="1" changeset="139534883" timestamp="2023-08-06T22:44:55Z" user="olejorgenb" uid="154646" lat="59.9137056" lon="10.8747818"/>
 <node id="11094496733" visible="true" version="1" changeset="139534883" timestamp="2023-08-06T22:44:55Z" user="olejorgenb" uid="154646" lat="59.9135658" lon="10.8747201"/>
 <node id="11094496734" visible="true" version="1" changeset="139534883" timestamp="2023-08-06T22:44:55Z" user="olejorgenb" uid="154646" lat="59.9139624" lon="10.8749266"/>
 <node id="11094496735" visible="true" version="1" changeset="139534883" timestamp="2023-08-06T22:44:55Z" user="olejorgenb" uid="154646" lat="59.9139046" lon="10.8748877"/>
 <node id="11094496736" visible="true" version="1" changeset="139534883" timestamp="2023-08-06T22:44:55Z" user="olejorgenb" uid="154646" lat="59.9140956" lon="10.8749092"/>
 <node id="11094496737" visible="true" version="1" changeset="139534883" timestamp="2023-08-06T22:44:55Z" user="olejorgenb" uid="154646" lat="59.9140169" lon="10.8749387"/>
 <node id="11094496738" visible="true" version="1" changeset="139534883" timestamp="2023-08-06T22:44:55Z" user="olejorgenb" uid="154646" lat="59.9142677" lon="10.8749735"/>
 <node id="11094496739" visible="true" version="1" changeset="139534883" timestamp="2023-08-06T22:44:55Z" user="olejorgenb" uid="154646" lat="59.9143309" lon="10.8750567"/>
 <node id="11094496740" visible="true" version="1" changeset="139534883" timestamp="2023-08-06T22:44:55Z" user="olejorgenb" uid="154646" lat="59.9141836" lon="10.8749293"/>
 <node id="11094496741" visible="true" version="1" changeset="139534883" timestamp="2023-08-06T22:44:55Z" user="olejorgenb" uid="154646" lat="59.9147026" lon="10.8751680"/>
 <node id="11094496742" visible="true" version="1" changeset="139534883" timestamp="2023-08-06T22:44:55Z" user="olejorgenb" uid="154646" lat="59.9146072" lon="10.8750983"/>
 <node id="11094496743" visible="true" version="1" changeset="139534883" timestamp="2023-08-06T22:44:55Z" user="olejorgenb" uid="154646" lat="59.9145574" lon="10.8750983"/>
 <node id="11094496744" visible="true" version="1" changeset="139534883" timestamp="2023-08-06T22:44:55Z" user="olejorgenb" uid="154646" lat="59.9144371" lon="10.8750285"/>
 <node id="11094496745" visible="true" version="1" changeset="139534883" timestamp="2023-08-06T22:44:55Z" user="olejorgenb" uid="154646" lat="59.9143893" lon="10.8750728"/>
 <node id="11094496746" visible="true" version="1" changeset="139534883" timestamp="2023-08-06T22:44:55Z" user="olejorgenb" uid="154646" lat="59.9147725" lon="10.8752364"/>
 <node id="11094496747" visible="true" version="1" changeset="139534883" timestamp="2023-08-06T22:44:55Z" user="olejorgenb" uid="154646" lat="59.9149332" lon="10.8753960"/>
 <node id="11094496748" visible="true" version="1" changeset="139534883" timestamp="2023-08-06T22:44:55Z" user="olejorgenb" uid="154646" lat="59.9148203" lon="10.8752525"/>
 <node id="11094496749" visible="true" version="1" changeset="139534883" timestamp="2023-08-06T22:44:55Z" user="olejorgenb" uid="154646" lat="59.9152875" lon="10.8755650"/>
 <node id="11094496750" visible="true" version="1" changeset="139534883" timestamp="2023-08-06T22:44:55Z" user="olejorgenb" uid="154646" lat="59.9156633" lon="10.8757755"/>
 <node id="11094496751" visible="true" version="1" changeset="139534883" timestamp="2023-08-06T22:44:55Z" user="olejorgenb" uid="154646" lat="59.9156297" lon="10.8757621"/>
 <node id="11094496752" visible="true" version="1" changeset="139534883" timestamp="2023-08-06T22:44:55Z" user="olejorgenb" uid="154646" lat="59.9158475" lon="10.8759204"/>
 <node id="11094496753" visible="true" version="1" changeset="139534883" timestamp="2023-08-06T22:44:55Z" user="olejorgenb" uid="154646" lat="59.9157063" lon="10.8758131"/>
 <node id="11094496754" visible="true" version="1" changeset="139534883" timestamp="2023-08-06T22:44:55Z" user="olejorgenb" uid="154646" lat="59.9157440" lon="10.8758734"/>
 <node id="11094496755" visible="true" version="1" changeset="139534883" timestamp="2023-08-06T22:44:55Z" user="olejorgenb" uid="154646" lat="59.9160136" lon="10.8759941"/>
 <node id="11094496756" visible="true" version="1" changeset="139534883" timestamp="2023-08-06T22:44:55Z" user="olejorgenb" uid="154646" lat="59.9158804" lon="10.8759525"/>
 <node id="11094496757" visible="true" version="1" changeset="139534883" timestamp="2023-08-06T22:44:55Z" user="olejorgenb" uid="154646" lat="59.9164418" lon="10.8760692"/>
 <node id="11094496758" visible="true" version="1" changeset="139534883" timestamp="2023-08-06T22:44:55Z" user="olejorgenb" uid="154646" lat="59.9165487" lon="10.8761054"/>
 <node id="11094496759" visible="true" version="1" changeset="139534883" timestamp="2023-08-06T22:44:55Z" user="olejorgenb" uid="154646" lat="59.9165036" lon="10.8760665"/>
 <node id="11094496760" visible="true" version="1" changeset="139534883" timestamp="2023-08-06T22:44:55Z" user="olejorgenb" uid="154646" lat="59.9166845" lon="10.8761390"/>
 <node id="11094496761" visible="true" version="1" changeset="139534883" timestamp="2023-08-06T22:44:55Z" user="olejorgenb" uid="154646" lat="59.9168108" lon="10.8760893"/>
 <node id="11094496762" visible="true" version="1" changeset="139534883" timestamp="2023-08-06T22:44:55Z" user="olejorgenb" uid="154646" lat="59.9168438" lon="10.8761644"/>
 <node id="11094496763" visible="true" version="1" changeset="139534883" timestamp="2023-08-06T22:44:55Z" user="olejorgenb" uid="154646" lat="59.9172686" lon="10.8762288"/>
 <node id="11094496764" visible="true" version="1" changeset="139534883" timestamp="2023-08-06T22:44:55Z" user="olejorgenb" uid="154646" lat="59.9175537" lon="10.8764595"/>
 <node id="11094496765" visible="true" version="1" changeset="139534883" timestamp="2023-08-06T22:44:55Z" user="olejorgenb" uid="154646" lat="59.9178951" lon="10.8765560"/>
 <node id="11094496766" visible="true" version="1" changeset="139534883" timestamp="2023-08-06T22:44:55Z" user="olejorgenb" uid="154646" lat="59.9176962" lon="10.8765829"/>
 <node id="11094496767" visible="true" version="1" changeset="139534883" timestamp="2023-08-06T22:44:55Z" user="olejorgenb" uid="154646" lat="59.9182259" lon="10.8767599"/>
 <node id="11094518861" visible="true" version="1" changeset="139535053" timestamp="2023-08-06T22:52:11Z" user="olejorgenb" uid="154646" lat="59.9071867" lon="10.8736043">
  <tag k="natural" v="cave_entrance"/>
 </node>
 <node id="11418067230" visible="true" version="1" changeset="145124445" timestamp="2023-12-14T19:15:23Z" user="NKA" uid="3497659" lat="59.8869793" lon="10.8756702"/>
 <node id="11418067231" visible="true" version="1" changeset="145124445" timestamp="2023-12-14T19:15:23Z" user="NKA" uid="3497659" lat="59.8883137" lon="10.8716431"/>
 <node id="11418067232" visible="true" version="1" changeset="145124445" timestamp="2023-12-14T19:15:23Z" user="NKA" uid="3497659" lat="59.8886122" lon="10.8700788"/>
 <node id="11418067233" visible="true" version="1" changeset="145124445" timestamp="2023-12-14T19:15:23Z" user="NKA" uid="3497659" lat="59.8956786" lon="10.8698666"/>
 <node id="11418067234" visible="true" version="1" changeset="145124445" timestamp="2023-12-14T19:15:23Z" user="NKA" uid="3497659" lat="59.8981181" lon="10.8749625"/>
 <node id="11418067235" visible="true" version="1" changeset="145124445" timestamp="2023-12-14T19:15:23Z" user="NKA" uid="3497659" lat="59.9021366" lon="10.8746895"/>
 <node id="11418067236" visible="true" version="1" changeset="145124445" timestamp="2023-12-14T19:15:23Z" user="NKA" uid="3497659" lat="59.9054326" lon="10.8720764"/>
 <node id="11418067237" visible="true" version="1" changeset="145124445" timestamp="2023-12-14T19:15:23Z" user="NKA" uid="3497659" lat="59.9096111" lon="10.8719177"/>
 <node id="11418067238" visible="true" version="1" changeset="145124445" timestamp="2023-12-14T19:15:23Z" user="NKA" uid="3497659" lat="59.9171530" lon="10.8736170"/>
 <node id="11418067239" visible="true" version="1" changeset="145124445" timestamp="2023-12-14T19:15:23Z" user="NKA" uid="3497659" lat="59.9170318" lon="10.8827556"/>
 <node id="11418067240" visible="true" version="1" changeset="145124445" timestamp="2023-12-14T19:15:23Z" user="NKA" uid="3497659" lat="59.9198814" lon="10.8844176"/>
 <node id="11418067241" visible="true" version="1" changeset="145124445" timestamp="2023-12-14T19:15:23Z" user="NKA" uid="3497659" lat="59.9211558" lon="10.8864443"/>
 <node id="11418067242" visible="true" version="1" changeset="145124445" timestamp="2023-12-14T19:15:23Z" user="NKA" uid="3497659" lat="59.9211212" lon="10.8865076"/>
 <node id="11418067243" visible="true" version="1" changeset="145124445" timestamp="2023-12-14T19:15:23Z" user="NKA" uid="3497659" lat="59.9209235" lon="10.8867048"/>
 <node id="11418067244" visible="true" version="1" changeset="145124445" timestamp="2023-12-14T19:15:23Z" user="NKA" uid="3497659" lat="59.9199976" lon="10.8873396"/>
 <node id="11418067245" visible="true" version="1" changeset="145124445" timestamp="2023-12-14T19:15:23Z" user="NKA" uid="3497659" lat="59.9188613" lon="10.8880838"/>
 <node id="11418067246" visible="true" version="1" changeset="145124445" timestamp="2023-12-14T19:15:23Z" user="NKA" uid="3497659" lat="59.9185943" lon="10.8888109"/>
 <node id="11418067247" visible="true" version="1" changeset="145124445" timestamp="2023-12-14T19:15:23Z" user="NKA" uid="3497659" lat="59.9181365" lon="10.8896416"/>
 <node id="11418067248" visible="true" version="1" changeset="145124445" timestamp="2023-12-14T19:15:23Z" user="NKA" uid="3497659" lat="59.9175123" lon="10.8896002"/>
 <node id="11418067249" visible="true" version="1" changeset="145124445" timestamp="2023-12-14T19:15:23Z" user="NKA" uid="3497659" lat="59.9166634" lon="10.8893487"/>
 <node id="11418067250" visible="true" version="1" changeset="145124445" timestamp="2023-12-14T19:15:23Z" user="NKA" uid="3497659" lat="59.9158614" lon="10.8893881"/>
 <node id="11418067251" visible="true" version="1" changeset="145124445" timestamp="2023-12-14T19:15:23Z" user="NKA" uid="3497659" lat="59.9151292" lon="10.8897205"/>
 <node id="11418067252" visible="true" version="1" changeset="145124445" timestamp="2023-12-14T19:15:23Z" user="NKA" uid="3497659" lat="59.9148285" lon="10.8899025"/>
 <node id="11418067253" visible="true" version="1" changeset="145124445" timestamp="2023-12-14T19:15:23Z" user="NKA" uid="3497659" lat="59.9143115" lon="10.8909914"/>
 <node id="11418067254" visible="true" version="1" changeset="145124445" timestamp="2023-12-14T19:15:23Z" user="NKA" uid="3497659" lat="59.9141436" lon="10.8913655"/>
 <node id="11418067255" visible="true" version="1" changeset="145124445" timestamp="2023-12-14T19:15:23Z" user="NKA" uid="3497659" lat="59.9137371" lon="10.8921058"/>
 <node id="11418067256" visible="true" version="1" changeset="145124445" timestamp="2023-12-14T19:15:23Z" user="NKA" uid="3497659" lat="59.9134545" lon="10.8923490"/>
 <node id="11418067257" visible="true" version="1" changeset="145124445" timestamp="2023-12-14T19:15:23Z" user="NKA" uid="3497659" lat="59.9132547" lon="10.8926047"/>
 <node id="11418067258" visible="true" version="1" changeset="145124445" timestamp="2023-12-14T19:15:23Z" user="NKA" uid="3497659" lat="59.9130512" lon="10.8940895"/>
 <node id="11418067259" visible="true" version="1" changeset="145124445" timestamp="2023-12-14T19:15:23Z" user="NKA" uid="3497659" lat="59.9129561" lon="10.8944579"/>
 <node id="11418067260" visible="true" version="1" changeset="145124445" timestamp="2023-12-14T19:15:23Z" user="NKA" uid="3497659" lat="59.9128351" lon="10.8956501"/>
 <node id="11418067261" visible="true" version="1" changeset="145124445" timestamp="2023-12-14T19:15:23Z" user="NKA" uid="3497659" lat="59.9127234" lon="10.8962280"/>
 <node id="11418067262" visible="true" version="1" changeset="145124445" timestamp="2023-12-14T19:15:23Z" user="NKA" uid="3497659" lat="59.9127240" lon="10.8962660"/>
 <node id="11418067263" visible="true" version="1" changeset="145124445" timestamp="2023-12-14T19:15:23Z" user="NKA" uid="3497659" lat="59.9127081" lon="10.8963001"/>
 <node id="11418067264" visible="true" version="1" changeset="145124445" timestamp="2023-12-14T19:15:23Z" user="NKA" uid="3497659" lat="59.9126616" lon="10.8963390"/>
 <node id="11418067265" visible="true" version="1" changeset="145124445" timestamp="2023-12-14T19:15:23Z" user="NKA" uid="3497659" lat="59.9126209" lon="10.8964349"/>
 <node id="11418067266" visible="true" version="1" changeset="145124445" timestamp="2023-12-14T19:15:23Z" user="NKA" uid="3497659" lat="59.9125983" lon="10.8965144"/>
 <node id="11418067267" visible="true" version="1" changeset="145124445" timestamp="2023-12-14T19:15:23Z" user="NKA" uid="3497659" lat="59.9125951" lon="10.8966121"/>
 <node id="11418067268" visible="true" version="1" changeset="145124445" timestamp="2023-12-14T19:15:23Z" user="NKA" uid="3497659" lat="59.9125716" lon="10.8966163"/>
 <node id="11418067269" visible="true" version="1" changeset="145124445" timestamp="2023-12-14T19:15:23Z" user="NKA" uid="3497659" lat="59.9124660" lon="10.8969082"/>
 <node id="11418067270" visible="true" version="1" changeset="145124445" timestamp="2023-12-14T19:15:23Z" user="NKA" uid="3497659" lat="59.9123007" lon="10.8973059"/>
 <node id="11418067271" visible="true" version="1" changeset="145124445" timestamp="2023-12-14T19:15:23Z" user="NKA" uid="3497659" lat="59.9120641" lon="10.8980048"/>
 <node id="11418067272" visible="true" version="1" changeset="145124445" timestamp="2023-12-14T19:15:23Z" user="NKA" uid="3497659" lat="59.9119163" lon="10.8987638"/>
 <node id="11418067273" visible="true" version="1" changeset="145124445" timestamp="2023-12-14T19:15:23Z" user="NKA" uid="3497659" lat="59.9117812" lon="10.8999927"/>
 <node id="11418067274" visible="true" version="1" changeset="145124445" timestamp="2023-12-14T19:15:23Z" user="NKA" uid="3497659" lat="59.9116717" lon="10.9017877"/>
 <node id="11418067275" visible="true" version="1" changeset="145124445" timestamp="2023-12-14T19:15:23Z" user="NKA" uid="3497659" lat="59.9116226" lon="10.9021800"/>
 <node id="11418067276" visible="true" version="1" changeset="145124445" timestamp="2023-12-14T19:15:23Z" user="NKA" uid="3497659" lat="59.9114586" lon="10.9030332"/>
 <node id="11418067277" visible="true" version="1" changeset="145124445" timestamp="2023-12-14T19:15:23Z" user="NKA" uid="3497659" lat="59.9112966" lon="10.9033882"/>
 <node id="11418067278" visible="true" version="1" changeset="145124445" timestamp="2023-12-14T19:15:23Z" user="NKA" uid="3497659" lat="59.9112376" lon="10.9044374"/>
 <node id="11418067279" visible="true" version="1" changeset="145124445" timestamp="2023-12-14T19:15:23Z" user="NKA" uid="3497659" lat="59.9128348" lon="10.9042082"/>
 <node id="11418067280" visible="true" version="1" changeset="145124445" timestamp="2023-12-14T19:15:23Z" user="NKA" uid="3497659" lat="59.9131517" lon="10.9043126"/>
 <node id="11418067281" visible="true" version="1" changeset="145124445" timestamp="2023-12-14T19:15:23Z" user="NKA" uid="3497659" lat="59.9138133" lon="10.9045981"/>
 <node id="11418067282" visible="true" version="1" changeset="145124445" timestamp="2023-12-14T19:15:23Z" user="NKA" uid="3497659" lat="59.9143291" lon="10.9049410"/>
 <node id="11418067283" visible="true" version="1" changeset="145124445" timestamp="2023-12-14T19:15:23Z" user="NKA" uid="3497659" lat="59.9157707" lon="10.9052494"/>
 <node id="11418067284" visible="true" version="1" changeset="145124445" timestamp="2023-12-14T19:15:23Z" user="NKA" uid="3497659" lat="59.9160420" lon="10.9052426"/>
 <node id="11418067285" visible="true" version="1" changeset="145124445" timestamp="2023-12-14T19:15:23Z" user="NKA" uid="3497659" lat="59.9165139" lon="10.9053372"/>
 <node id="11418067286" visible="true" version="1" changeset="145124445" timestamp="2023-12-14T19:15:23Z" user="NKA" uid="3497659" lat="59.9170331" lon="10.9052480"/>
 <node id="11418067287" visible="true" version="1" changeset="145124445" timestamp="2023-12-14T19:15:23Z" user="NKA" uid="3497659" lat="59.9174175" lon="10.9052670"/>
 <node id="11418067288" visible="true" version="1" changeset="145124445" timestamp="2023-12-14T19:15:23Z" user="NKA" uid="3497659" lat="59.9175446" lon="10.9055169"/>
 <node id="11418067289" visible="true" version="1" changeset="145124445" timestamp="2023-12-14T19:15:23Z" user="NKA" uid="3497659" lat="59.9180704" lon="10.9057206"/>
 <node id="11418067290" visible="true" version="1" changeset="145124445" timestamp="2023-12-14T19:15:23Z" user="NKA" uid="3497659" lat="59.9188108" lon="10.9058553"/>
 <node id="11418067291" visible="true" version="1" changeset="145124445" timestamp="2023-12-14T19:15:23Z" user="NKA" uid="3497659" lat="59.9190130" lon="10.9060852"/>
 <node id="11418067292" visible="true" version="1" changeset="145124445" timestamp="2023-12-14T19:15:23Z" user="NKA" uid="3497659" lat="59.9194030" lon="10.9062745"/>
 <node id="11418067293" visible="true" version="1" changeset="145124445" timestamp="2023-12-14T19:15:23Z" user="NKA" uid="3497659" lat="59.9198634" lon="10.9061490"/>
 <node id="11418067294" visible="true" version="1" changeset="145124445" timestamp="2023-12-14T19:15:23Z" user="NKA" uid="3497659" lat="59.9200254" lon="10.9061406"/>
 <node id="11418067295" visible="true" version="1" changeset="145124445" timestamp="2023-12-14T19:15:23Z" user="NKA" uid="3497659" lat="59.9202681" lon="10.9062166"/>
 <node id="11418067296" visible="true" version="1" changeset="145124445" timestamp="2023-12-14T19:15:23Z" user="NKA" uid="3497659" lat="59.9204588" lon="10.9047925"/>
 <node id="11418067297" visible="true" version="1" changeset="145124445" timestamp="2023-12-14T19:15:23Z" user="NKA" uid="3497659" lat="59.9204488" lon="10.9045737"/>
 <node id="11418067298" visible="true" version="1" changeset="145124445" timestamp="2023-12-14T19:15:23Z" user="NKA" uid="3497659" lat="59.9204155" lon="10.9042809"/>
 <node id="11418067299" visible="true" version="1" changeset="145124445" timestamp="2023-12-14T19:15:23Z" user="NKA" uid="3497659" lat="59.9222130" lon="10.9032634"/>
 <node id="11418067300" visible="true" version="1" changeset="145124445" timestamp="2023-12-14T19:15:23Z" user="NKA" uid="3497659" lat="59.9196125" lon="10.9153069"/>
 <node id="11418067301" visible="true" version="1" changeset="145124445" timestamp="2023-12-14T19:15:23Z" user="NKA" uid="3497659" lat="59.9179555" lon="10.9154549"/>
 <node id="11418067302" visible="true" version="1" changeset="145124445" timestamp="2023-12-14T19:15:23Z" user="NKA" uid="3497659" lat="59.9157114" lon="10.9148535"/>
 <node id="11418067303" visible="true" version="1" changeset="145124445" timestamp="2023-12-14T19:15:23Z" user="NKA" uid="3497659" lat="59.9134905" lon="10.9128226"/>
 <node id="11418067304" visible="true" version="1" changeset="145124445" timestamp="2023-12-14T19:15:23Z" user="NKA" uid="3497659" lat="59.9131192" lon="10.9097920"/>
 <node id="11418067305" visible="true" version="1" changeset="145124445" timestamp="2023-12-14T19:15:23Z" user="NKA" uid="3497659" lat="59.9075830" lon="10.9048828"/>
 <node id="11418067306" visible="true" version="1" changeset="145124445" timestamp="2023-12-14T19:15:23Z" user="NKA" uid="3497659" lat="59.9081372" lon="10.8990169"/>
 <node id="11418067307" visible="true" version="1" changeset="145124445" timestamp="2023-12-14T19:15:23Z" user="NKA" uid="3497659" lat="59.9077236" lon="10.8955941"/>
 <node id="11418067308" visible="true" version="1" changeset="145124445" timestamp="2023-12-14T19:15:23Z" user="NKA" uid="3497659" lat="59.9064054" lon="10.8962699"/>
 <node id="11418067309" visible="true" version="1" changeset="145124445" timestamp="2023-12-14T19:15:23Z" user="NKA" uid="3497659" lat="59.9062948" lon="10.8948122"/>
 <node id="11418067310" visible="true" version="1" changeset="145124445" timestamp="2023-12-14T19:15:23Z" user="NKA" uid="3497659" lat="59.9052288" lon="10.8937742"/>
 <node id="11418067311" visible="true" version="1" changeset="145124445" timestamp="2023-12-14T19:15:23Z" user="NKA" uid="3497659" lat="59.9051086" lon="10.8936037"/>
 <node id="11418067312" visible="true" version="1" changeset="145124445" timestamp="2023-12-14T19:15:23Z" user="NKA" uid="3497659" lat="59.9041699" lon="10.8931387"/>
 <node id="11418067313" visible="true" version="1" changeset="145124445" timestamp="2023-12-14T19:15:23Z" user="NKA" uid="3497659" lat="59.9040351" lon="10.8931042"/>
 <node id="11418067314" visible="true" version="1" changeset="145124445" timestamp="2023-12-14T19:15:23Z" user="NKA" uid="3497659" lat="59.9038407" lon="10.8930895"/>
 <node id="11418067315" visible="true" version="1" changeset="145124445" timestamp="2023-12-14T19:15:23Z" user="NKA" uid="3497659" lat="59.9036568" lon="10.8931304"/>
 <node id="11418067316" visible="true" version="1" changeset="145124445" timestamp="2023-12-14T19:15:23Z" user="NKA" uid="3497659" lat="59.9033700" lon="10.8932991"/>
 <node id="11418067317" visible="true" version="1" changeset="145124445" timestamp="2023-12-14T19:15:23Z" user="NKA" uid="3497659" lat="59.9032327" lon="10.8933271"/>
 <node id="11418067318" visible="true" version="1" changeset="145124445" timestamp="2023-12-14T19:15:23Z" user="NKA" uid="3497659" lat="59.9026458" lon="10.8931288"/>
 <node id="11418067319" visible="true" version="1" changeset="145124445" timestamp="2023-12-14T19:15:23Z" user="NKA" uid="3497659" lat="59.9015371" lon="10.8981386"/>
 <node id="11418067320" visible="true" version="1" changeset="145124445" timestamp="2023-12-14T19:15:23Z" user="NKA" uid="3497659" lat="59.8968077" lon="10.9049092"/>
 <node id="11418067321" visible="true" version="1" changeset="145124445" timestamp="2023-12-14T19:15:23Z" user="NKA" uid="3497659" lat="59.8948398" lon="10.9066434"/>
 <node id="11418067322" visible="true" version="1" changeset="145124445" timestamp="2023-12-14T19:15:23Z" user="NKA" uid="3497659" lat="59.8916451" lon="10.9036489"/>
 <node id="11418067323" visible="true" version="1" changeset="145124445" timestamp="2023-12-14T19:15:23Z" user="NKA" uid="3497659" lat="59.8878152" lon="10.9060030"/>
 <node id="11418067324" visible="true" version="1" changeset="145124445" timestamp="2023-12-14T19:15:23Z" user="NKA" uid="3497659" lat="59.8878090" lon="10.9059842"/>
 <node id="11418067325" visible="true" version="1" changeset="145124445" timestamp="2023-12-14T19:15:23Z" user="NKA" uid="3497659" lat="59.8878017" lon="10.9057243"/>
 <node id="11418067326" visible="true" version="1" changeset="145124445" timestamp="2023-12-14T19:15:23Z" user="NKA" uid="3497659" lat="59.8877826" lon="10.9057033"/>
 <node id="11418067327" visible="true" version="1" changeset="145124445" timestamp="2023-12-14T19:15:23Z" user="NKA" uid="3497659" lat="59.8877452" lon="10.9056960"/>
 <node id="11418067328" visible="true" version="1" changeset="145124445" timestamp="2023-12-14T19:15:23Z" user="NKA" uid="3497659" lat="59.8876945" lon="10.9057358"/>
 <node id="11418067329" visible="true" version="1" changeset="145124445" timestamp="2023-12-14T19:15:23Z" user="NKA" uid="3497659" lat="59.8876096" lon="10.9058777"/>
 <node id="11418067330" visible="true" version="1" changeset="145124445" timestamp="2023-12-14T19:15:23Z" user="NKA" uid="3497659" lat="59.8875818" lon="10.9059476"/>
 <node id="11418067331" visible="true" version="1" changeset="145124445" timestamp="2023-12-14T19:15:23Z" user="NKA" uid="3497659" lat="59.8875696" lon="10.9060311"/>
 <node id="11418067332" visible="true" version="1" changeset="145124445" timestamp="2023-12-14T19:15:23Z" user="NKA" uid="3497659" lat="59.8875361" lon="10.9060781"/>
 <node id="11418067333" visible="true" version="1" changeset="145124445" timestamp="2023-12-14T19:15:23Z" user="NKA" uid="3497659" lat="59.8874973" lon="10.9060643"/>
 <node id="11418067334" visible="true" version="1" changeset="145124445" timestamp="2023-12-14T19:15:23Z" user="NKA" uid="3497659" lat="59.8874599" lon="10.9060060"/>
 <node id="11418067335" visible="true" version="1" changeset="145124445" timestamp="2023-12-14T19:15:23Z" user="NKA" uid="3497659" lat="59.8874393" lon="10.9059930"/>
 <node id="11418067336" visible="true" version="1" changeset="145124445" timestamp="2023-12-14T19:15:23Z" user="NKA" uid="3497659" lat="59.8873669" lon="10.9060343"/>
 <node id="11418067337" visible="true" version="1" changeset="145124445" timestamp="2023-12-14T19:15:23Z" user="NKA" uid="3497659" lat="59.8872892" lon="10.9060329"/>
 <node id="11418067338" visible="true" version="1" changeset="145124445" timestamp="2023-12-14T19:15:23Z" user="NKA" uid="3497659" lat="59.8872388" lon="10.9060763"/>
 <node id="11418067339" visible="true" version="1" changeset="145124445" timestamp="2023-12-14T19:15:23Z" user="NKA" uid="3497659" lat="59.8871151" lon="10.9060561"/>
 <node id="11418067340" visible="true" version="1" changeset="145124445" timestamp="2023-12-14T19:15:23Z" user="NKA" uid="3497659" lat="59.8870793" lon="10.9060639"/>
 <node id="11418067341" visible="true" version="1" changeset="145124445" timestamp="2023-12-14T19:15:23Z" user="NKA" uid="3497659" lat="59.8870440" lon="10.9061069"/>
 <node id="11418067342" visible="true" version="1" changeset="145124445" timestamp="2023-12-14T19:15:23Z" user="NKA" uid="3497659" lat="59.8869724" lon="10.9061400"/>
 <node id="11418067343" visible="true" version="1" changeset="145124445" timestamp="2023-12-14T19:15:23Z" user="NKA" uid="3497659" lat="59.8869025" lon="10.9061505"/>
 <node id="11418067344" visible="true" version="1" changeset="145124445" timestamp="2023-12-14T19:15:23Z" user="NKA" uid="3497659" lat="59.8868582" lon="10.9061292"/>
 <node id="11418067345" visible="true" version="1" changeset="145124445" timestamp="2023-12-14T19:15:23Z" user="NKA" uid="3497659" lat="59.8868185" lon="10.9061514"/>
 <node id="11418067346" visible="true" version="1" changeset="145124445" timestamp="2023-12-14T19:15:23Z" user="NKA" uid="3497659" lat="59.8866959" lon="10.9061272"/>
 <node id="11418067347" visible="true" version="1" changeset="145124445" timestamp="2023-12-14T19:15:23Z" user="NKA" uid="3497659" lat="59.8866326" lon="10.9061545"/>
 <node id="11418067348" visible="true" version="1" changeset="145124445" timestamp="2023-12-14T19:15:23Z" user="NKA" uid="3497659" lat="59.8865544" lon="10.9061211"/>
 <node id="11418067349" visible="true" version="1" changeset="145124445" timestamp="2023-12-14T19:15:23Z" user="NKA" uid="3497659" lat="59.8864548" lon="10.9061345"/>
 <node id="11418067350" visible="true" version="1" changeset="145124445" timestamp="2023-12-14T19:15:23Z" user="NKA" uid="3497659" lat="59.8863647" lon="10.9061206"/>
 <node id="11418067351" visible="true" version="1" changeset="145124445" timestamp="2023-12-14T19:15:23Z" user="NKA" uid="3497659" lat="59.8862761" lon="10.9061259"/>
 <node id="11418067352" visible="true" version="1" changeset="145124445" timestamp="2023-12-14T19:15:23Z" user="NKA" uid="3497659" lat="59.8861989" lon="10.9060818"/>
 <node id="11418067353" visible="true" version="1" changeset="145124445" timestamp="2023-12-14T19:15:23Z" user="NKA" uid="3497659" lat="59.8858805" lon="10.9060297"/>
 <node id="11418067354" visible="true" version="1" changeset="145124445" timestamp="2023-12-14T19:15:23Z" user="NKA" uid="3497659" lat="59.8858550" lon="10.9060560"/>
 <node id="11418067355" visible="true" version="1" changeset="145124445" timestamp="2023-12-14T19:15:23Z" user="NKA" uid="3497659" lat="59.8856901" lon="10.9060821"/>
 <node id="11418067356" visible="true" version="1" changeset="145124445" timestamp="2023-12-14T19:15:23Z" user="NKA" uid="3497659" lat="59.8856584" lon="10.9060669"/>
 <node id="11418067357" visible="true" version="1" changeset="145124445" timestamp="2023-12-14T19:15:23Z" user="NKA" uid="3497659" lat="59.8855964" lon="10.9060978"/>
 <node id="11418067358" visible="true" version="1" changeset="145124445" timestamp="2023-12-14T19:15:23Z" user="NKA" uid="3497659" lat="59.8855321" lon="10.9060571"/>
 <node id="11418067359" visible="true" version="1" changeset="145124445" timestamp="2023-12-14T19:15:23Z" user="NKA" uid="3497659" lat="59.8855099" lon="10.9060568"/>
 <node id="11418067360" visible="true" version="1" changeset="145124445" timestamp="2023-12-14T19:15:23Z" user="NKA" uid="3497659" lat="59.8854426" lon="10.9061333"/>
 <node id="11418067361" visible="true" version="1" changeset="145124445" timestamp="2023-12-14T19:15:23Z" user="NKA" uid="3497659" lat="59.8854221" lon="10.9061924"/>
 <node id="11418067362" visible="true" version="1" changeset="145124445" timestamp="2023-12-14T19:15:23Z" user="NKA" uid="3497659" lat="59.8854015" lon="10.9062114"/>
 <node id="11418067363" visible="true" version="1" changeset="145124445" timestamp="2023-12-14T19:15:23Z" user="NKA" uid="3497659" lat="59.8852146" lon="10.9061823"/>
 <node id="11418067364" visible="true" version="1" changeset="145124445" timestamp="2023-12-14T19:15:23Z" user="NKA" uid="3497659" lat="59.8851519" lon="10.9061287"/>
 <node id="11418067365" visible="true" version="1" changeset="145124445" timestamp="2023-12-14T19:15:23Z" user="NKA" uid="3497659" lat="59.8849162" lon="10.9061060"/>
 <node id="11418067366" visible="true" version="1" changeset="145124445" timestamp="2023-12-14T19:15:23Z" user="NKA" uid="3497659" lat="59.8848017" lon="10.9061381"/>
 <node id="11418067367" visible="true" version="1" changeset="145124445" timestamp="2023-12-14T19:15:23Z" user="NKA" uid="3497659" lat="59.8847689" lon="10.9061064"/>
 <node id="11418067368" visible="true" version="1" changeset="145124445" timestamp="2023-12-14T19:15:23Z" user="NKA" uid="3497659" lat="59.8847107" lon="10.9060927"/>
 <node id="11418067369" visible="true" version="1" changeset="145124445" timestamp="2023-12-14T19:15:23Z" user="NKA" uid="3497659" lat="59.8846070" lon="10.9061017"/>
 <node id="11418067370" visible="true" version="1" changeset="145124445" timestamp="2023-12-14T19:15:23Z" user="NKA" uid="3497659" lat="59.8845928" lon="10.9060975"/>
 <node id="11418067371" visible="true" version="1" changeset="145124445" timestamp="2023-12-14T19:15:23Z" user="NKA" uid="3497659" lat="59.8845812" lon="10.9060733"/>
 <node id="11418067372" visible="true" version="1" changeset="145124445" timestamp="2023-12-14T19:15:23Z" user="NKA" uid="3497659" lat="59.8844917" lon="10.9060601"/>
 <node id="11418067373" visible="true" version="1" changeset="145124445" timestamp="2023-12-14T19:15:23Z" user="NKA" uid="3497659" lat="59.8844315" lon="10.9060615"/>
 <node id="11418067374" visible="true" version="1" changeset="145124445" timestamp="2023-12-14T19:15:23Z" user="NKA" uid="3497659" lat="59.8843925" lon="10.9060812"/>
 <node id="11418067375" visible="true" version="1" changeset="145124445" timestamp="2023-12-14T19:15:23Z" user="NKA" uid="3497659" lat="59.8843601" lon="10.9060638"/>
 <node id="11418067376" visible="true" version="1" changeset="145124445" timestamp="2023-12-14T19:15:23Z" user="NKA" uid="3497659" lat="59.8842917" lon="10.9060964"/>
 <node id="11418067377" visible="true" version="1" changeset="145124445" timestamp="2023-12-14T19:15:23Z" user="NKA" uid="3497659" lat="59.8842821" lon="10.9060953"/>
 <node id="11418067378" visible="true" version="1" changeset="145124445" timestamp="2023-12-14T19:15:23Z" user="NKA" uid="3497659" lat="59.8842706" lon="10.9060700"/>
 <node id="11418067379" visible="true" version="1" changeset="145124445" timestamp="2023-12-14T19:15:23Z" user="NKA" uid="3497659" lat="59.8842199" lon="10.9060755"/>
 <node id="11418067380" visible="true" version="1" changeset="145124445" timestamp="2023-12-14T19:15:23Z" user="NKA" uid="3497659" lat="59.8841409" lon="10.9061188"/>
 <node id="11418067381" visible="true" version="1" changeset="145124445" timestamp="2023-12-14T19:15:23Z" user="NKA" uid="3497659" lat="59.8841298" lon="10.9060683"/>
 <node id="11418067382" visible="true" version="1" changeset="145124445" timestamp="2023-12-14T19:15:23Z" user="NKA" uid="3497659" lat="59.8839612" lon="10.9059629"/>
 <node id="11418067383" visible="true" version="1" changeset="145124445" timestamp="2023-12-14T19:15:23Z" user="NKA" uid="3497659" lat="59.8839440" lon="10.9059224"/>
 <node id="11418067384" visible="true" version="1" changeset="145124445" timestamp="2023-12-14T19:15:23Z" user="NKA" uid="3497659" lat="59.8839340" lon="10.9059183"/>
 <node id="11418067385" visible="true" version="1" changeset="145124445" timestamp="2023-12-14T19:15:23Z" user="NKA" uid="3497659" lat="59.8838837" lon="10.9059440"/>
 <node id="11418067386" visible="true" version="1" changeset="145124445" timestamp="2023-12-14T19:15:23Z" user="NKA" uid="3497659" lat="59.8838656" lon="10.9059245"/>
 <node id="11418067387" visible="true" version="1" changeset="145124445" timestamp="2023-12-14T19:15:23Z" user="NKA" uid="3497659" lat="59.8838018" lon="10.9059189"/>
 <node id="11418067388" visible="true" version="1" changeset="145124445" timestamp="2023-12-14T19:15:23Z" user="NKA" uid="3497659" lat="59.8836249" lon="10.9058687"/>
 <node id="11418067389" visible="true" version="1" changeset="145124445" timestamp="2023-12-14T19:15:23Z" user="NKA" uid="3497659" lat="59.8834884" lon="10.9058118"/>
 <node id="11418067390" visible="true" version="1" changeset="145124445" timestamp="2023-12-14T19:15:23Z" user="NKA" uid="3497659" lat="59.8832941" lon="10.9057857"/>
 <node id="11418067391" visible="true" version="1" changeset="145124445" timestamp="2023-12-14T19:15:23Z" user="NKA" uid="3497659" lat="59.8832598" lon="10.9057883"/>
 <node id="11418067392" visible="true" version="1" changeset="145124445" timestamp="2023-12-14T19:15:23Z" user="NKA" uid="3497659" lat="59.8832435" lon="10.9058163"/>
 <node id="11418067393" visible="true" version="1" changeset="145124445" timestamp="2023-12-14T19:15:23Z" user="NKA" uid="3497659" lat="59.8831694" lon="10.9058779"/>
 <node id="11418067394" visible="true" version="1" changeset="145124445" timestamp="2023-12-14T19:15:23Z" user="NKA" uid="3497659" lat="59.8831376" lon="10.9058312"/>
 <node id="11418067395" visible="true" version="1" changeset="145124445" timestamp="2023-12-14T19:15:23Z" user="NKA" uid="3497659" lat="59.8831212" lon="10.9057707"/>
 <node id="11418067396" visible="true" version="1" changeset="145124445" timestamp="2023-12-14T19:15:23Z" user="NKA" uid="3497659" lat="59.8830724" lon="10.9057983"/>
 <node id="11418067397" visible="true" version="1" changeset="145124445" timestamp="2023-12-14T19:15:23Z" user="NKA" uid="3497659" lat="59.8830589" lon="10.9057781"/>
 <node id="11418067398" visible="true" version="1" changeset="145124445" timestamp="2023-12-14T19:15:23Z" user="NKA" uid="3497659" lat="59.8830431" lon="10.9057940"/>
 <node id="11418067399" visible="true" version="1" changeset="145124445" timestamp="2023-12-14T19:15:23Z" user="NKA" uid="3497659" lat="59.8830336" lon="10.9057848"/>
 <node id="11418067400" visible="true" version="1" changeset="145124445" timestamp="2023-12-14T19:15:23Z" user="NKA" uid="3497659" lat="59.8829459" lon="10.9057950"/>
 <node id="11418067401" visible="true" version="1" changeset="145124445" timestamp="2023-12-14T19:15:23Z" user="NKA" uid="3497659" lat="59.8829394" lon="10.9057779"/>
 <node id="11418067402" visible="true" version="1" changeset="145124445" timestamp="2023-12-14T19:15:23Z" user="NKA" uid="3497659" lat="59.8828460" lon="10.9057033"/>
 <node id="11418067403" visible="true" version="1" changeset="145124445" timestamp="2023-12-14T19:15:23Z" user="NKA" uid="3497659" lat="59.8826223" lon="10.9057089"/>
 <node id="11418067404" visible="true" version="1" changeset="145124445" timestamp="2023-12-14T19:15:23Z" user="NKA" uid="3497659" lat="59.8825474" lon="10.9057365"/>
 <node id="11418067405" visible="true" version="1" changeset="145124445" timestamp="2023-12-14T19:15:23Z" user="NKA" uid="3497659" lat="59.8825348" lon="10.9057261"/>
 <node id="11418067406" visible="true" version="1" changeset="145124445" timestamp="2023-12-14T19:15:23Z" user="NKA" uid="3497659" lat="59.8825002" lon="10.9057922"/>
 <node id="11418067407" visible="true" version="1" changeset="145124445" timestamp="2023-12-14T19:15:23Z" user="NKA" uid="3497659" lat="59.8824811" lon="10.9057418"/>
 <node id="11418067408" visible="true" version="1" changeset="145124445" timestamp="2023-12-14T19:15:23Z" user="NKA" uid="3497659" lat="59.8824532" lon="10.9057505"/>
 <node id="11418067409" visible="true" version="1" changeset="145124445" timestamp="2023-12-14T19:15:23Z" user="NKA" uid="3497659" lat="59.8824422" lon="10.9057192"/>
 <node id="11418067410" visible="true" version="1" changeset="145124445" timestamp="2023-12-14T19:15:23Z" user="NKA" uid="3497659" lat="59.8824189" lon="10.9057037"/>
 <node id="11418067411" visible="true" version="1" changeset="145124445" timestamp="2023-12-14T19:15:23Z" user="NKA" uid="3497659" lat="59.8823723" lon="10.9057447"/>
 <node id="11418067412" visible="true" version="1" changeset="145124445" timestamp="2023-12-14T19:15:23Z" user="NKA" uid="3497659" lat="59.8823561" lon="10.9057444"/>
 <node id="11418067413" visible="true" version="1" changeset="145124445" timestamp="2023-12-14T19:15:23Z" user="NKA" uid="3497659" lat="59.8822747" lon="10.9056942"/>
 <node id="11418067414" visible="true" version="1" changeset="145124445" timestamp="2023-12-14T19:15:23Z" user="NKA" uid="3497659" lat="59.8822177" lon="10.9056272"/>
 <node id="11418067415" visible="true" version="1" changeset="145124445" timestamp="2023-12-14T19:15:23Z" user="NKA" uid="3497659" lat="59.8820629" lon="10.9056033"/>
 <node id="11418067416" visible="true" version="1" changeset="145124445" timestamp="2023-12-14T19:15:23Z" user="NKA" uid="3497659" lat="59.8820033" lon="10.9055775"/>
 <node id="11418067417" visible="true" version="1" changeset="145124445" timestamp="2023-12-14T19:15:23Z" user="NKA" uid="3497659" lat="59.8819524" lon="10.9055207"/>
 <node id="11418067418" visible="true" version="1" changeset="145124445" timestamp="2023-12-14T19:15:23Z" user="NKA" uid="3497659" lat="59.8819083" lon="10.9055101"/>
 <node id="11418067419" visible="true" version="1" changeset="145124445" timestamp="2023-12-14T19:15:23Z" user="NKA" uid="3497659" lat="59.8818785" lon="10.9055209"/>
 <node id="11418067420" visible="true" version="1" changeset="145124445" timestamp="2023-12-14T19:15:23Z" user="NKA" uid="3497659" lat="59.8818622" lon="10.9055569"/>
 <node id="11418067421" visible="true" version="1" changeset="145124445" timestamp="2023-12-14T19:15:23Z" user="NKA" uid="3497659" lat="59.8818445" lon="10.9055588"/>
 <node id="11418067422" visible="true" version="1" changeset="145124445" timestamp="2023-12-14T19:15:23Z" user="NKA" uid="3497659" lat="59.8818303" lon="10.9055496"/>
 <node id="11418067423" visible="true" version="1" changeset="145124445" timestamp="2023-12-14T19:15:23Z" user="NKA" uid="3497659" lat="59.8817881" lon="10.9054403"/>
 <node id="11418067424" visible="true" version="1" changeset="145124445" timestamp="2023-12-14T19:15:23Z" user="NKA" uid="3497659" lat="59.8816904" lon="10.9054544"/>
 <node id="11418067425" visible="true" version="1" changeset="145124445" timestamp="2023-12-14T19:15:23Z" user="NKA" uid="3497659" lat="59.8816834" lon="10.9054252"/>
 <node id="11418067426" visible="true" version="1" changeset="145124445" timestamp="2023-12-14T19:15:23Z" user="NKA" uid="3497659" lat="59.8816692" lon="10.9054230"/>
 <node id="11418067427" visible="true" version="1" changeset="145124445" timestamp="2023-12-14T19:15:23Z" user="NKA" uid="3497659" lat="59.8815386" lon="10.9054376"/>
 <node id="11418067428" visible="true" version="1" changeset="145124445" timestamp="2023-12-14T19:15:23Z" user="NKA" uid="3497659" lat="59.8814552" lon="10.9053966"/>
 <node id="11418067429" visible="true" version="1" changeset="145124445" timestamp="2023-12-14T19:15:23Z" user="NKA" uid="3497659" lat="59.8813627" lon="10.9053765"/>
 <node id="11418067430" visible="true" version="1" changeset="145124445" timestamp="2023-12-14T19:15:23Z" user="NKA" uid="3497659" lat="59.8813490" lon="10.9053853"/>
 <node id="11418067431" visible="true" version="1" changeset="145124445" timestamp="2023-12-14T19:15:23Z" user="NKA" uid="3497659" lat="59.8813370" lon="10.9053419"/>
 <node id="11418067432" visible="true" version="1" changeset="145124445" timestamp="2023-12-14T19:15:23Z" user="NKA" uid="3497659" lat="59.8813177" lon="10.9053326"/>
 <node id="11418067433" visible="true" version="1" changeset="145124445" timestamp="2023-12-14T19:15:23Z" user="NKA" uid="3497659" lat="59.8812590" lon="10.9053662"/>
 <node id="11418067434" visible="true" version="1" changeset="145124445" timestamp="2023-12-14T19:15:23Z" user="NKA" uid="3497659" lat="59.8812398" lon="10.9053560"/>
 <node id="11418067435" visible="true" version="1" changeset="145124445" timestamp="2023-12-14T19:15:23Z" user="NKA" uid="3497659" lat="59.8812104" lon="10.9053769"/>
 <node id="11418067436" visible="true" version="1" changeset="145124445" timestamp="2023-12-14T19:15:23Z" user="NKA" uid="3497659" lat="59.8811786" lon="10.9053413"/>
 <node id="11418067437" visible="true" version="1" changeset="145124445" timestamp="2023-12-14T19:15:23Z" user="NKA" uid="3497659" lat="59.8811144" lon="10.9053183"/>
 <node id="11418067438" visible="true" version="1" changeset="145124445" timestamp="2023-12-14T19:15:23Z" user="NKA" uid="3497659" lat="59.8810688" lon="10.9053521"/>
 <node id="11418067439" visible="true" version="1" changeset="145124445" timestamp="2023-12-14T19:15:23Z" user="NKA" uid="3497659" lat="59.8810409" lon="10.9053561"/>
 <node id="11418067440" visible="true" version="1" changeset="145124445" timestamp="2023-12-14T19:15:23Z" user="NKA" uid="3497659" lat="59.8809693" lon="10.9053203"/>
 <node id="11418067441" visible="true" version="1" changeset="145124445" timestamp="2023-12-14T19:15:23Z" user="NKA" uid="3497659" lat="59.8809428" lon="10.9052931"/>
 <node id="11418067442" visible="true" version="1" changeset="145124445" timestamp="2023-12-14T19:15:23Z" user="NKA" uid="3497659" lat="59.8809149" lon="10.9053042"/>
 <node id="11418067443" visible="true" version="1" changeset="145124445" timestamp="2023-12-14T19:15:23Z" user="NKA" uid="3497659" lat="59.8808903" lon="10.9052740"/>
 <node id="11418067444" visible="true" version="1" changeset="145124445" timestamp="2023-12-14T19:15:23Z" user="NKA" uid="3497659" lat="59.8808267" lon="10.9052666"/>
 <node id="11418067445" visible="true" version="1" changeset="145124445" timestamp="2023-12-14T19:15:23Z" user="NKA" uid="3497659" lat="59.8807493" lon="10.9052659"/>
 <node id="11418067446" visible="true" version="1" changeset="145124445" timestamp="2023-12-14T19:15:23Z" user="NKA" uid="3497659" lat="59.8806656" lon="10.9052849"/>
 <node id="11418067447" visible="true" version="1" changeset="145124445" timestamp="2023-12-14T19:15:23Z" user="NKA" uid="3497659" lat="59.8804816" lon="10.9052640"/>
 <node id="11418067448" visible="true" version="1" changeset="145124445" timestamp="2023-12-14T19:15:23Z" user="NKA" uid="3497659" lat="59.8804307" lon="10.9053015"/>
 <node id="11418067449" visible="true" version="1" changeset="145124445" timestamp="2023-12-14T19:15:23Z" user="NKA" uid="3497659" lat="59.8804105" lon="10.9052957"/>
 <node id="11418067450" visible="true" version="1" changeset="145124445" timestamp="2023-12-14T19:15:23Z" user="NKA" uid="3497659" lat="59.8804011" lon="10.9052762"/>
 <node id="11418067451" visible="true" version="1" changeset="145124445" timestamp="2023-12-14T19:15:23Z" user="NKA" uid="3497659" lat="59.8803811" lon="10.9053026"/>
 <node id="11418067452" visible="true" version="1" changeset="145124445" timestamp="2023-12-14T19:15:23Z" user="NKA" uid="3497659" lat="59.8803252" lon="10.9052261"/>
 <node id="11418067453" visible="true" version="1" changeset="145124445" timestamp="2023-12-14T19:15:23Z" user="NKA" uid="3497659" lat="59.8802342" lon="10.9052157"/>
 <node id="11418067454" visible="true" version="1" changeset="145124445" timestamp="2023-12-14T19:15:23Z" user="NKA" uid="3497659" lat="59.8802184" lon="10.9051678"/>
 <node id="11418067455" visible="true" version="1" changeset="145124445" timestamp="2023-12-14T19:15:23Z" user="NKA" uid="3497659" lat="59.8802050" lon="10.9051965"/>
 <node id="11418067456" visible="true" version="1" changeset="145124445" timestamp="2023-12-14T19:15:23Z" user="NKA" uid="3497659" lat="59.8801600" lon="10.9051968"/>
 <node id="11418067457" visible="true" version="1" changeset="145124445" timestamp="2023-12-14T19:15:23Z" user="NKA" uid="3497659" lat="59.8801199" lon="10.9051520"/>
 <node id="11418067458" visible="true" version="1" changeset="145124445" timestamp="2023-12-14T19:15:23Z" user="NKA" uid="3497659" lat="59.8800236" lon="10.9051756"/>
 <node id="11418067459" visible="true" version="1" changeset="145124445" timestamp="2023-12-14T19:15:23Z" user="NKA" uid="3497659" lat="59.8800029" lon="10.9051669"/>
 <node id="11418067460" visible="true" version="1" changeset="145124445" timestamp="2023-12-14T19:15:23Z" user="NKA" uid="3497659" lat="59.8799431" lon="10.9050661"/>
 <node id="11418067461" visible="true" version="1" changeset="145124445" timestamp="2023-12-14T19:15:23Z" user="NKA" uid="3497659" lat="59.8797900" lon="10.9049909"/>
 <node id="11418067462" visible="true" version="1" changeset="145124445" timestamp="2023-12-14T19:15:23Z" user="NKA" uid="3497659" lat="59.8797756" lon="10.9049552"/>
 <node id="11418067463" visible="true" version="1" changeset="145124445" timestamp="2023-12-14T19:15:23Z" user="NKA" uid="3497659" lat="59.8796799" lon="10.9049667"/>
 <node id="11418067464" visible="true" version="1" changeset="145124445" timestamp="2023-12-14T19:15:23Z" user="NKA" uid="3497659" lat="59.8795826" lon="10.9049209"/>
 <node id="11418067465" visible="true" version="1" changeset="145124445" timestamp="2023-12-14T19:15:23Z" user="NKA" uid="3497659" lat="59.8794928" lon="10.9049054"/>
 <node id="11418067466" visible="true" version="1" changeset="145124445" timestamp="2023-12-14T19:15:23Z" user="NKA" uid="3497659" lat="59.8794643" lon="10.9048591"/>
 <node id="11418067467" visible="true" version="1" changeset="145124445" timestamp="2023-12-14T19:15:23Z" user="NKA" uid="3497659" lat="59.8794466" lon="10.9047045"/>
 <node id="11418067468" visible="true" version="1" changeset="145124445" timestamp="2023-12-14T19:15:23Z" user="NKA" uid="3497659" lat="59.8794270" lon="10.9046856"/>
 <node id="11418067469" visible="true" version="1" changeset="145124445" timestamp="2023-12-14T19:15:23Z" user="NKA" uid="3497659" lat="59.8793295" lon="10.9046690"/>
 <node id="11418067470" visible="true" version="1" changeset="145124445" timestamp="2023-12-14T19:15:23Z" user="NKA" uid="3497659" lat="59.8791173" lon="10.9045212"/>
 <node id="11418067471" visible="true" version="1" changeset="145124445" timestamp="2023-12-14T19:15:23Z" user="NKA" uid="3497659" lat="59.8790796" lon="10.9044474"/>
 <node id="11418067472" visible="true" version="1" changeset="145124445" timestamp="2023-12-14T19:15:23Z" user="NKA" uid="3497659" lat="59.8790360" lon="10.9044006"/>
 <node id="11418067473" visible="true" version="1" changeset="145124445" timestamp="2023-12-14T19:15:23Z" user="NKA" uid="3497659" lat="59.8790088" lon="10.9043320"/>
 <node id="11418067474" visible="true" version="1" changeset="145124445" timestamp="2023-12-14T19:15:23Z" user="NKA" uid="3497659" lat="59.8789962" lon="10.9043245"/>
 <node id="11418067475" visible="true" version="1" changeset="145124445" timestamp="2023-12-14T19:15:23Z" user="NKA" uid="3497659" lat="59.8789094" lon="10.9044089"/>
 <node id="11418067476" visible="true" version="1" changeset="145124445" timestamp="2023-12-14T19:15:23Z" user="NKA" uid="3497659" lat="59.8788361" lon="10.9044113"/>
 <node id="11418067477" visible="true" version="1" changeset="145124445" timestamp="2023-12-14T19:15:23Z" user="NKA" uid="3497659" lat="59.8786573" lon="10.9044731"/>
 <node id="11418067478" visible="true" version="1" changeset="145124445" timestamp="2023-12-14T19:15:23Z" user="NKA" uid="3497659" lat="59.8786103" lon="10.9044704"/>
 <node id="11418067479" visible="true" version="1" changeset="145124445" timestamp="2023-12-14T19:15:23Z" user="NKA" uid="3497659" lat="59.8785554" lon="10.9044966"/>
 <node id="11418067480" visible="true" version="1" changeset="145124445" timestamp="2023-12-14T19:15:23Z" user="NKA" uid="3497659" lat="59.8784562" lon="10.9045000"/>
 <node id="11418067481" visible="true" version="1" changeset="145124445" timestamp="2023-12-14T19:15:23Z" user="NKA" uid="3497659" lat="59.8783768" lon="10.9044458"/>
 <node id="11418067482" visible="true" version="1" changeset="145124445" timestamp="2023-12-14T19:15:23Z" user="NKA" uid="3497659" lat="59.8783524" lon="10.9044569"/>
 <node id="11418067483" visible="true" version="1" changeset="145124445" timestamp="2023-12-14T19:15:23Z" user="NKA" uid="3497659" lat="59.8783247" lon="10.9044921"/>
 <node id="11418067484" visible="true" version="1" changeset="145124445" timestamp="2023-12-14T19:15:23Z" user="NKA" uid="3497659" lat="59.8783010" lon="10.9044963"/>
 <node id="11418067485" visible="true" version="1" changeset="145124445" timestamp="2023-12-14T19:15:23Z" user="NKA" uid="3497659" lat="59.8782829" lon="10.9044715"/>
 <node id="11418067486" visible="true" version="1" changeset="145124445" timestamp="2023-12-14T19:15:23Z" user="NKA" uid="3497659" lat="59.8782330" lon="10.9044546"/>
 <node id="11418067487" visible="true" version="1" changeset="145124445" timestamp="2023-12-14T19:15:23Z" user="NKA" uid="3497659" lat="59.8780949" lon="10.9043448"/>
 <node id="11418067488" visible="true" version="1" changeset="145124445" timestamp="2023-12-14T19:15:23Z" user="NKA" uid="3497659" lat="59.8780141" lon="10.9042230"/>
 <node id="11418067489" visible="true" version="1" changeset="145124445" timestamp="2023-12-14T19:15:23Z" user="NKA" uid="3497659" lat="59.8779301" lon="10.9042199"/>
 <node id="11418067490" visible="true" version="1" changeset="145124445" timestamp="2023-12-14T19:15:23Z" user="NKA" uid="3497659" lat="59.8778864" lon="10.9042355"/>
 <node id="11418067491" visible="true" version="1" changeset="145124445" timestamp="2023-12-14T19:15:23Z" user="NKA" uid="3497659" lat="59.8778329" lon="10.9042214"/>
 <node id="11418067492" visible="true" version="1" changeset="145124445" timestamp="2023-12-14T19:15:23Z" user="NKA" uid="3497659" lat="59.8778034" lon="10.9042465"/>
 <node id="11418067493" visible="true" version="1" changeset="145124445" timestamp="2023-12-14T19:15:23Z" user="NKA" uid="3497659" lat="59.8777351" lon="10.9042420"/>
 <node id="11418067494" visible="true" version="1" changeset="145124445" timestamp="2023-12-14T19:15:23Z" user="NKA" uid="3497659" lat="59.8776727" lon="10.9042558"/>
 <node id="11418067495" visible="true" version="1" changeset="145124445" timestamp="2023-12-14T19:15:23Z" user="NKA" uid="3497659" lat="59.8775439" lon="10.9041775"/>
 <node id="11418067496" visible="true" version="1" changeset="145124445" timestamp="2023-12-14T19:15:23Z" user="NKA" uid="3497659" lat="59.8774967" lon="10.9041919"/>
 <node id="11418067497" visible="true" version="1" changeset="145124445" timestamp="2023-12-14T19:15:23Z" user="NKA" uid="3497659" lat="59.8774326" lon="10.9041804"/>
 <node id="11418067498" visible="true" version="1" changeset="145124445" timestamp="2023-12-14T19:15:23Z" user="NKA" uid="3497659" lat="59.8773705" lon="10.9042094"/>
 <node id="11418067499" visible="true" version="1" changeset="145124445" timestamp="2023-12-14T19:15:23Z" user="NKA" uid="3497659" lat="59.8772847" lon="10.9041861"/>
 <node id="11418067500" visible="true" version="1" changeset="145124445" timestamp="2023-12-14T19:15:23Z" user="NKA" uid="3497659" lat="59.8772577" lon="10.9042113"/>
 <node id="11418067501" visible="true" version="1" changeset="145124445" timestamp="2023-12-14T19:15:23Z" user="NKA" uid="3497659" lat="59.8771981" lon="10.9041477"/>
 <node id="11418067502" visible="true" version="1" changeset="145124445" timestamp="2023-12-14T19:15:23Z" user="NKA" uid="3497659" lat="59.8771160" lon="10.9041661"/>
 <node id="11418067503" visible="true" version="1" changeset="145124445" timestamp="2023-12-14T19:15:23Z" user="NKA" uid="3497659" lat="59.8770830" lon="10.9041093"/>
 <node id="11418067504" visible="true" version="1" changeset="145124445" timestamp="2023-12-14T19:15:23Z" user="NKA" uid="3497659" lat="59.8770470" lon="10.9041501"/>
 <node id="11418067505" visible="true" version="1" changeset="145124445" timestamp="2023-12-14T19:15:23Z" user="NKA" uid="3497659" lat="59.8770197" lon="10.9041513"/>
 <node id="11418067506" visible="true" version="1" changeset="145124445" timestamp="2023-12-14T19:15:23Z" user="NKA" uid="3497659" lat="59.8769159" lon="10.9040735"/>
 <node id="11418067507" visible="true" version="1" changeset="145124445" timestamp="2023-12-14T19:15:23Z" user="NKA" uid="3497659" lat="59.8768858" lon="10.9039708"/>
 <node id="11418067508" visible="true" version="1" changeset="145124445" timestamp="2023-12-14T19:15:23Z" user="NKA" uid="3497659" lat="59.8768328" lon="10.9038815"/>
 <node id="11418067509" visible="true" version="1" changeset="145124445" timestamp="2023-12-14T19:15:23Z" user="NKA" uid="3497659" lat="59.8768108" lon="10.9038649"/>
 <node id="11418067510" visible="true" version="1" changeset="145124445" timestamp="2023-12-14T19:15:23Z" user="NKA" uid="3497659" lat="59.8767208" lon="10.9038626"/>
 <node id="11418067511" visible="true" version="1" changeset="145124445" timestamp="2023-12-14T19:15:23Z" user="NKA" uid="3497659" lat="59.8766663" lon="10.9038266"/>
 <node id="11418067512" visible="true" version="1" changeset="145124445" timestamp="2023-12-14T19:15:23Z" user="NKA" uid="3497659" lat="59.8765512" lon="10.9038466"/>
 <node id="11418067513" visible="true" version="1" changeset="145124445" timestamp="2023-12-14T19:15:23Z" user="NKA" uid="3497659" lat="59.8764138" lon="10.9038350"/>
 <node id="11418067514" visible="true" version="1" changeset="145124445" timestamp="2023-12-14T19:15:23Z" user="NKA" uid="3497659" lat="59.8763728" lon="10.9038091"/>
 <node id="11418067515" visible="true" version="1" changeset="145124445" timestamp="2023-12-14T19:15:23Z" user="NKA" uid="3497659" lat="59.8763570" lon="10.9037607"/>
 <node id="11418067516" visible="true" version="1" changeset="145124445" timestamp="2023-12-14T19:15:23Z" user="NKA" uid="3497659" lat="59.8763410" lon="10.9037546"/>
 <node id="11418067517" visible="true" version="1" changeset="145124445" timestamp="2023-12-14T19:15:23Z" user="NKA" uid="3497659" lat="59.8761423" lon="10.9037788"/>
 <node id="11418067518" visible="true" version="1" changeset="145124445" timestamp="2023-12-14T19:15:23Z" user="NKA" uid="3497659" lat="59.8759203" lon="10.9037752"/>
 <node id="11418067519" visible="true" version="1" changeset="145124445" timestamp="2023-12-14T19:15:23Z" user="NKA" uid="3497659" lat="59.8758850" lon="10.9037687"/>
 <node id="11418067520" visible="true" version="1" changeset="145124445" timestamp="2023-12-14T19:15:23Z" user="NKA" uid="3497659" lat="59.8758790" lon="10.9037401"/>
 <node id="11418067521" visible="true" version="1" changeset="145124445" timestamp="2023-12-14T19:15:23Z" user="NKA" uid="3497659" lat="59.8758659" lon="10.9037362"/>
 <node id="11418067522" visible="true" version="1" changeset="145124445" timestamp="2023-12-14T19:15:23Z" user="NKA" uid="3497659" lat="59.8757281" lon="10.9037508"/>
 <node id="11418067523" visible="true" version="1" changeset="145124445" timestamp="2023-12-14T19:15:23Z" user="NKA" uid="3497659" lat="59.8757124" lon="10.9037467"/>
 <node id="11418067524" visible="true" version="1" changeset="145124445" timestamp="2023-12-14T19:15:23Z" user="NKA" uid="3497659" lat="59.8756952" lon="10.9037212"/>
 <node id="11418067525" visible="true" version="1" changeset="145124445" timestamp="2023-12-14T19:15:23Z" user="NKA" uid="3497659" lat="59.8756136" lon="10.9037326"/>
 <node id="11418067526" visible="true" version="1" changeset="145124445" timestamp="2023-12-14T19:15:23Z" user="NKA" uid="3497659" lat="59.8755164" lon="10.9037921"/>
 <node id="11418067527" visible="true" version="1" changeset="145124445" timestamp="2023-12-14T19:15:23Z" user="NKA" uid="3497659" lat="59.8754316" lon="10.9038133"/>
 <node id="11418067528" visible="true" version="1" changeset="145124445" timestamp="2023-12-14T19:15:23Z" user="NKA" uid="3497659" lat="59.8754146" lon="10.9038052"/>
 <node id="11418067529" visible="true" version="1" changeset="145124445" timestamp="2023-12-14T19:15:23Z" user="NKA" uid="3497659" lat="59.8754082" lon="10.9037675"/>
 <node id="11418067530" visible="true" version="1" changeset="145124445" timestamp="2023-12-14T19:15:23Z" user="NKA" uid="3497659" lat="59.8753996" lon="10.9037629"/>
 <node id="11418067531" visible="true" version="1" changeset="145124445" timestamp="2023-12-14T19:15:23Z" user="NKA" uid="3497659" lat="59.8752698" lon="10.9038423"/>
 <node id="11418067532" visible="true" version="1" changeset="145124445" timestamp="2023-12-14T19:15:23Z" user="NKA" uid="3497659" lat="59.8752361" lon="10.9038933"/>
 <node id="11418067533" visible="true" version="1" changeset="145124445" timestamp="2023-12-14T19:15:23Z" user="NKA" uid="3497659" lat="59.8752325" lon="10.9039765"/>
 <node id="11418067534" visible="true" version="1" changeset="145124445" timestamp="2023-12-14T19:15:23Z" user="NKA" uid="3497659" lat="59.8752630" lon="10.9041678"/>
 <node id="11418067535" visible="true" version="1" changeset="145124445" timestamp="2023-12-14T19:15:23Z" user="NKA" uid="3497659" lat="59.8752634" lon="10.9042352"/>
 <node id="11418067536" visible="true" version="1" changeset="145124445" timestamp="2023-12-14T19:15:23Z" user="NKA" uid="3497659" lat="59.8752406" lon="10.9043723"/>
 <node id="11418067537" visible="true" version="1" changeset="145124445" timestamp="2023-12-14T19:15:23Z" user="NKA" uid="3497659" lat="59.8751880" lon="10.9044944"/>
 <node id="11418067538" visible="true" version="1" changeset="145124445" timestamp="2023-12-14T19:15:23Z" user="NKA" uid="3497659" lat="59.8750717" lon="10.9045767"/>
 <node id="11418067539" visible="true" version="1" changeset="145124445" timestamp="2023-12-14T19:15:23Z" user="NKA" uid="3497659" lat="59.8750370" lon="10.9046196"/>
 <node id="11418067540" visible="true" version="1" changeset="145124445" timestamp="2023-12-14T19:15:23Z" user="NKA" uid="3497659" lat="59.8750068" lon="10.9046416"/>
 <node id="11418067541" visible="true" version="1" changeset="145124445" timestamp="2023-12-14T19:15:23Z" user="NKA" uid="3497659" lat="59.8749898" lon="10.9046354"/>
 <node id="11418067542" visible="true" version="1" changeset="145124445" timestamp="2023-12-14T19:15:23Z" user="NKA" uid="3497659" lat="59.8749557" lon="10.9046703"/>
 <node id="11418067543" visible="true" version="1" changeset="145124445" timestamp="2023-12-14T19:15:23Z" user="NKA" uid="3497659" lat="59.8749371" lon="10.9046387"/>
 <node id="11418067544" visible="true" version="1" changeset="145124445" timestamp="2023-12-14T19:15:23Z" user="NKA" uid="3497659" lat="59.8748978" lon="10.9046309"/>
 <node id="11418067545" visible="true" version="1" changeset="145124445" timestamp="2023-12-14T19:15:23Z" user="NKA" uid="3497659" lat="59.8748448" lon="10.9046543"/>
 <node id="11418067546" visible="true" version="1" changeset="145124445" timestamp="2023-12-14T19:15:23Z" user="NKA" uid="3497659" lat="59.8747954" lon="10.9047022"/>
 <node id="11418067547" visible="true" version="1" changeset="145124445" timestamp="2023-12-14T19:15:23Z" user="NKA" uid="3497659" lat="59.8747446" lon="10.9047149"/>
 <node id="11418067548" visible="true" version="1" changeset="145124445" timestamp="2023-12-14T19:15:23Z" user="NKA" uid="3497659" lat="59.8747369" lon="10.9046951"/>
 <node id="11418067549" visible="true" version="1" changeset="145124445" timestamp="2023-12-14T19:15:23Z" user="NKA" uid="3497659" lat="59.8746943" lon="10.9047243"/>
 <node id="11418067550" visible="true" version="1" changeset="145124445" timestamp="2023-12-14T19:15:23Z" user="NKA" uid="3497659" lat="59.8746029" lon="10.9047441"/>
 <node id="11418067551" visible="true" version="1" changeset="145124445" timestamp="2023-12-14T19:15:23Z" user="NKA" uid="3497659" lat="59.8745832" lon="10.9046883"/>
 <node id="11418067552" visible="true" version="1" changeset="145124445" timestamp="2023-12-14T19:15:23Z" user="NKA" uid="3497659" lat="59.8745458" lon="10.9047179"/>
 <node id="11418067553" visible="true" version="1" changeset="145124445" timestamp="2023-12-14T19:15:23Z" user="NKA" uid="3497659" lat="59.8745085" lon="10.9047092"/>
 <node id="11418067554" visible="true" version="1" changeset="145124445" timestamp="2023-12-14T19:15:23Z" user="NKA" uid="3497659" lat="59.8745056" lon="10.9046728"/>
 <node id="11418067555" visible="true" version="1" changeset="145124445" timestamp="2023-12-14T19:15:23Z" user="NKA" uid="3497659" lat="59.8744846" lon="10.9046642"/>
 <node id="11418067556" visible="true" version="1" changeset="145124445" timestamp="2023-12-14T19:15:23Z" user="NKA" uid="3497659" lat="59.8744612" lon="10.9045852"/>
 <node id="11418067557" visible="true" version="1" changeset="145124445" timestamp="2023-12-14T19:15:23Z" user="NKA" uid="3497659" lat="59.8744479" lon="10.9045923"/>
 <node id="11418067558" visible="true" version="1" changeset="145124445" timestamp="2023-12-14T19:15:23Z" user="NKA" uid="3497659" lat="59.8744203" lon="10.9045784"/>
 <node id="11418067559" visible="true" version="1" changeset="145124445" timestamp="2023-12-14T19:15:23Z" user="NKA" uid="3497659" lat="59.8744050" lon="10.9045311"/>
 <node id="11418067560" visible="true" version="1" changeset="145124445" timestamp="2023-12-14T19:15:23Z" user="NKA" uid="3497659" lat="59.8743788" lon="10.9045231"/>
 <node id="11418067561" visible="true" version="1" changeset="145124445" timestamp="2023-12-14T19:15:23Z" user="NKA" uid="3497659" lat="59.8743655" lon="10.9044477"/>
 <node id="11418067562" visible="true" version="1" changeset="145124445" timestamp="2023-12-14T19:15:23Z" user="NKA" uid="3497659" lat="59.8744224" lon="10.9043189"/>
 <node id="11418067563" visible="true" version="1" changeset="145124445" timestamp="2023-12-14T19:15:23Z" user="NKA" uid="3497659" lat="59.8745112" lon="10.9042416"/>
 <node id="11418067564" visible="true" version="1" changeset="145124445" timestamp="2023-12-14T19:15:23Z" user="NKA" uid="3497659" lat="59.8748141" lon="10.9041019"/>
 <node id="11418067565" visible="true" version="1" changeset="145124445" timestamp="2023-12-14T19:15:23Z" user="NKA" uid="3497659" lat="59.8748344" lon="10.9040461"/>
 <node id="11418067566" visible="true" version="1" changeset="145124445" timestamp="2023-12-14T19:15:23Z" user="NKA" uid="3497659" lat="59.8748274" lon="10.9039823"/>
 <node id="11418067567" visible="true" version="1" changeset="145124445" timestamp="2023-12-14T19:15:23Z" user="NKA" uid="3497659" lat="59.8748331" lon="10.9039133"/>
 <node id="11418067568" visible="true" version="1" changeset="145124445" timestamp="2023-12-14T19:15:23Z" user="NKA" uid="3497659" lat="59.8748017" lon="10.9038618"/>
 <node id="11418067569" visible="true" version="1" changeset="145124445" timestamp="2023-12-14T19:15:23Z" user="NKA" uid="3497659" lat="59.8747764" lon="10.9038580"/>
 <node id="11418067570" visible="true" version="1" changeset="145124445" timestamp="2023-12-14T19:15:23Z" user="NKA" uid="3497659" lat="59.8747403" lon="10.9038735"/>
 <node id="11418067571" visible="true" version="1" changeset="145124445" timestamp="2023-12-14T19:15:23Z" user="NKA" uid="3497659" lat="59.8746960" lon="10.9039197"/>
 <node id="11418067572" visible="true" version="1" changeset="145124445" timestamp="2023-12-14T19:15:23Z" user="NKA" uid="3497659" lat="59.8746758" lon="10.9039182"/>
 <node id="11418067573" visible="true" version="1" changeset="145124445" timestamp="2023-12-14T19:15:23Z" user="NKA" uid="3497659" lat="59.8746693" lon="10.9039118"/>
 <node id="11418067574" visible="true" version="1" changeset="145124445" timestamp="2023-12-14T19:15:23Z" user="NKA" uid="3497659" lat="59.8746620" lon="10.9038388"/>
 <node id="11418067575" visible="true" version="1" changeset="145124445" timestamp="2023-12-14T19:15:23Z" user="NKA" uid="3497659" lat="59.8746255" lon="10.9037901"/>
 <node id="11418067576" visible="true" version="1" changeset="145124445" timestamp="2023-12-14T19:15:23Z" user="NKA" uid="3497659" lat="59.8746056" lon="10.9037936"/>
 <node id="11418067577" visible="true" version="1" changeset="145124445" timestamp="2023-12-14T19:15:23Z" user="NKA" uid="3497659" lat="59.8745689" lon="10.9038676"/>
 <node id="11418067578" visible="true" version="1" changeset="145124445" timestamp="2023-12-14T19:15:23Z" user="NKA" uid="3497659" lat="59.8744710" lon="10.9037752"/>
 <node id="11418067579" visible="true" version="1" changeset="145124445" timestamp="2023-12-14T19:15:23Z" user="NKA" uid="3497659" lat="59.8744373" lon="10.9037617"/>
 <node id="11418067580" visible="true" version="1" changeset="145124445" timestamp="2023-12-14T19:15:23Z" user="NKA" uid="3497659" lat="59.8743732" lon="10.9037855"/>
 <node id="11418067581" visible="true" version="1" changeset="145124445" timestamp="2023-12-14T19:15:23Z" user="NKA" uid="3497659" lat="59.8743320" lon="10.9038298"/>
 <node id="11418067582" visible="true" version="1" changeset="145124445" timestamp="2023-12-14T19:15:23Z" user="NKA" uid="3497659" lat="59.8741946" lon="10.9040424"/>
 <node id="11418067583" visible="true" version="1" changeset="145124445" timestamp="2023-12-14T19:15:23Z" user="NKA" uid="3497659" lat="59.8741606" lon="10.9041376"/>
 <node id="11418067584" visible="true" version="1" changeset="145124445" timestamp="2023-12-14T19:15:23Z" user="NKA" uid="3497659" lat="59.8741546" lon="10.9042187"/>
 <node id="11418067585" visible="true" version="1" changeset="145124445" timestamp="2023-12-14T19:15:23Z" user="NKA" uid="3497659" lat="59.8741779" lon="10.9043632"/>
 <node id="11418067586" visible="true" version="1" changeset="145124445" timestamp="2023-12-14T19:15:23Z" user="NKA" uid="3497659" lat="59.8741761" lon="10.9044928"/>
 <node id="11418067587" visible="true" version="1" changeset="145124445" timestamp="2023-12-14T19:15:23Z" user="NKA" uid="3497659" lat="59.8740622" lon="10.9050079"/>
 <node id="11418067588" visible="true" version="1" changeset="145124445" timestamp="2023-12-14T19:15:23Z" user="NKA" uid="3497659" lat="59.8740312" lon="10.9051042"/>
 <node id="11418067589" visible="true" version="1" changeset="145124445" timestamp="2023-12-14T19:15:23Z" user="NKA" uid="3497659" lat="59.8740616" lon="10.9053850"/>
 <node id="11418067590" visible="true" version="1" changeset="145124445" timestamp="2023-12-14T19:15:23Z" user="NKA" uid="3497659" lat="59.8740684" lon="10.9056591"/>
 <node id="11418067591" visible="true" version="1" changeset="145124445" timestamp="2023-12-14T19:15:23Z" user="NKA" uid="3497659" lat="59.8740593" lon="10.9057168"/>
 <node id="11418067592" visible="true" version="1" changeset="145124445" timestamp="2023-12-14T19:15:23Z" user="NKA" uid="3497659" lat="59.8740181" lon="10.9058126"/>
 <node id="11418067593" visible="true" version="1" changeset="145124445" timestamp="2023-12-14T19:15:23Z" user="NKA" uid="3497659" lat="59.8740134" lon="10.9058473"/>
 <node id="11418067594" visible="true" version="1" changeset="145124445" timestamp="2023-12-14T19:15:23Z" user="NKA" uid="3497659" lat="59.8739764" lon="10.9059091"/>
 <node id="11418067595" visible="true" version="1" changeset="145124445" timestamp="2023-12-14T19:15:23Z" user="NKA" uid="3497659" lat="59.8738799" lon="10.9059899"/>
 <node id="11418067596" visible="true" version="1" changeset="145124445" timestamp="2023-12-14T19:15:23Z" user="NKA" uid="3497659" lat="59.8738411" lon="10.9060113"/>
 <node id="11418067597" visible="true" version="1" changeset="145124445" timestamp="2023-12-14T19:15:23Z" user="NKA" uid="3497659" lat="59.8738159" lon="10.9060055"/>
 <node id="11418067598" visible="true" version="1" changeset="145124445" timestamp="2023-12-14T19:15:23Z" user="NKA" uid="3497659" lat="59.8737716" lon="10.9060496"/>
 <node id="11418067599" visible="true" version="1" changeset="145124445" timestamp="2023-12-14T19:15:23Z" user="NKA" uid="3497659" lat="59.8736863" lon="10.9061000"/>
 <node id="11418067600" visible="true" version="1" changeset="145124445" timestamp="2023-12-14T19:15:23Z" user="NKA" uid="3497659" lat="59.8735878" lon="10.9061222"/>
 <node id="11418067601" visible="true" version="1" changeset="145124445" timestamp="2023-12-14T19:15:23Z" user="NKA" uid="3497659" lat="59.8735590" lon="10.9061554"/>
 <node id="11418067602" visible="true" version="1" changeset="145124445" timestamp="2023-12-14T19:15:23Z" user="NKA" uid="3497659" lat="59.8734916" lon="10.9061276"/>
 <node id="11418067603" visible="true" version="1" changeset="145124445" timestamp="2023-12-14T19:15:23Z" user="NKA" uid="3497659" lat="59.8733963" lon="10.9061963"/>
 <node id="11418067604" visible="true" version="1" changeset="145124445" timestamp="2023-12-14T19:15:23Z" user="NKA" uid="3497659" lat="59.8733562" lon="10.9062056"/>
 <node id="11418067605" visible="true" version="1" changeset="145124445" timestamp="2023-12-14T19:15:23Z" user="NKA" uid="3497659" lat="59.8732715" lon="10.9061936"/>
 <node id="11418067606" visible="true" version="1" changeset="145124445" timestamp="2023-12-14T19:15:23Z" user="NKA" uid="3497659" lat="59.8731384" lon="10.9062587"/>
 <node id="11418067607" visible="true" version="1" changeset="145124445" timestamp="2023-12-14T19:15:23Z" user="NKA" uid="3497659" lat="59.8731122" lon="10.9062236"/>
 <node id="11418067608" visible="true" version="1" changeset="145124445" timestamp="2023-12-14T19:15:23Z" user="NKA" uid="3497659" lat="59.8730337" lon="10.9062491"/>
 <node id="11418067609" visible="true" version="1" changeset="145124445" timestamp="2023-12-14T19:15:23Z" user="NKA" uid="3497659" lat="59.8729520" lon="10.9062375"/>
 <node id="11418067610" visible="true" version="1" changeset="145124445" timestamp="2023-12-14T19:15:23Z" user="NKA" uid="3497659" lat="59.8728924" lon="10.9062764"/>
 <node id="11418067611" visible="true" version="1" changeset="145124445" timestamp="2023-12-14T19:15:23Z" user="NKA" uid="3497659" lat="59.8728669" lon="10.9062637"/>
 <node id="11418067612" visible="true" version="1" changeset="145124445" timestamp="2023-12-14T19:15:23Z" user="NKA" uid="3497659" lat="59.8728362" lon="10.9061990"/>
 <node id="11418067613" visible="true" version="1" changeset="145124445" timestamp="2023-12-14T19:15:23Z" user="NKA" uid="3497659" lat="59.8727297" lon="10.9061556"/>
 <node id="11418067614" visible="true" version="1" changeset="145124445" timestamp="2023-12-14T19:15:23Z" user="NKA" uid="3497659" lat="59.8727085" lon="10.9061142"/>
 <node id="11418067615" visible="true" version="1" changeset="145124445" timestamp="2023-12-14T19:15:23Z" user="NKA" uid="3497659" lat="59.8726797" lon="10.9061483"/>
 <node id="11418067616" visible="true" version="1" changeset="145124445" timestamp="2023-12-14T19:15:23Z" user="NKA" uid="3497659" lat="59.8726501" lon="10.9061392"/>
 <node id="11418067617" visible="true" version="1" changeset="145124445" timestamp="2023-12-14T19:15:23Z" user="NKA" uid="3497659" lat="59.8725058" lon="10.9059961"/>
 <node id="11418067618" visible="true" version="1" changeset="145124445" timestamp="2023-12-14T19:15:23Z" user="NKA" uid="3497659" lat="59.8724044" lon="10.9059833"/>
 <node id="11418067619" visible="true" version="1" changeset="145124445" timestamp="2023-12-14T19:15:23Z" user="NKA" uid="3497659" lat="59.8723780" lon="10.9059686"/>
 <node id="11418067620" visible="true" version="1" changeset="145124445" timestamp="2023-12-14T19:15:23Z" user="NKA" uid="3497659" lat="59.8722155" lon="10.9059734"/>
 <node id="11418067621" visible="true" version="1" changeset="145124445" timestamp="2023-12-14T19:15:23Z" user="NKA" uid="3497659" lat="59.8721988" lon="10.9059365"/>
 <node id="11418067622" visible="true" version="1" changeset="145124445" timestamp="2023-12-14T19:15:23Z" user="NKA" uid="3497659" lat="59.8721439" lon="10.9059457"/>
 <node id="11418067623" visible="true" version="1" changeset="145124445" timestamp="2023-12-14T19:15:23Z" user="NKA" uid="3497659" lat="59.8721195" lon="10.9058940"/>
 <node id="11418067624" visible="true" version="1" changeset="145124445" timestamp="2023-12-14T19:15:23Z" user="NKA" uid="3497659" lat="59.8721039" lon="10.9058902"/>
 <node id="11418067625" visible="true" version="1" changeset="145124445" timestamp="2023-12-14T19:15:23Z" user="NKA" uid="3497659" lat="59.8720917" lon="10.9058549"/>
 <node id="11418067626" visible="true" version="1" changeset="145124445" timestamp="2023-12-14T19:15:23Z" user="NKA" uid="3497659" lat="59.8720383" lon="10.9057918"/>
 <node id="11418067627" visible="true" version="1" changeset="145124445" timestamp="2023-12-14T19:15:23Z" user="NKA" uid="3497659" lat="59.8719567" lon="10.9056263"/>
 <node id="11418067628" visible="true" version="1" changeset="145124445" timestamp="2023-12-14T19:15:23Z" user="NKA" uid="3497659" lat="59.8719154" lon="10.9053905"/>
 <node id="11418067629" visible="true" version="1" changeset="145124445" timestamp="2023-12-14T19:15:23Z" user="NKA" uid="3497659" lat="59.8718784" lon="10.9050736"/>
 <node id="11418067630" visible="true" version="1" changeset="145124445" timestamp="2023-12-14T19:15:23Z" user="NKA" uid="3497659" lat="59.8718825" lon="10.9050338"/>
 <node id="11418067631" visible="true" version="1" changeset="145124445" timestamp="2023-12-14T19:15:23Z" user="NKA" uid="3497659" lat="59.8719085" lon="10.9050055"/>
 <node id="11418067632" visible="true" version="1" changeset="145124445" timestamp="2023-12-14T19:15:23Z" user="NKA" uid="3497659" lat="59.8719174" lon="10.9049752"/>
 <node id="11418067633" visible="true" version="1" changeset="145124445" timestamp="2023-12-14T19:15:23Z" user="NKA" uid="3497659" lat="59.8718907" lon="10.9047429"/>
 <node id="11418067634" visible="true" version="1" changeset="145124445" timestamp="2023-12-14T19:15:23Z" user="NKA" uid="3497659" lat="59.8718452" lon="10.9046858"/>
 <node id="11418067635" visible="true" version="1" changeset="145124445" timestamp="2023-12-14T19:15:23Z" user="NKA" uid="3497659" lat="59.8718229" lon="10.9046140"/>
 <node id="11418067636" visible="true" version="1" changeset="145124445" timestamp="2023-12-14T19:15:23Z" user="NKA" uid="3497659" lat="59.8717586" lon="10.9045017"/>
 <node id="11418067637" visible="true" version="1" changeset="145124445" timestamp="2023-12-14T19:15:23Z" user="NKA" uid="3497659" lat="59.8717145" lon="10.9043904"/>
 <node id="11418067638" visible="true" version="1" changeset="145124445" timestamp="2023-12-14T19:15:23Z" user="NKA" uid="3497659" lat="59.8716658" lon="10.9043169"/>
 <node id="11418067639" visible="true" version="1" changeset="145124445" timestamp="2023-12-14T19:15:23Z" user="NKA" uid="3497659" lat="59.8716450" lon="10.9043024"/>
 <node id="11418067640" visible="true" version="1" changeset="145124445" timestamp="2023-12-14T19:15:23Z" user="NKA" uid="3497659" lat="59.8716120" lon="10.9043291"/>
 <node id="11418067641" visible="true" version="1" changeset="145124445" timestamp="2023-12-14T19:15:23Z" user="NKA" uid="3497659" lat="59.8715808" lon="10.9043188"/>
 <node id="11418067642" visible="true" version="1" changeset="145124445" timestamp="2023-12-14T19:15:23Z" user="NKA" uid="3497659" lat="59.8715517" lon="10.9042755"/>
 <node id="11418067643" visible="true" version="1" changeset="145124445" timestamp="2023-12-14T19:15:23Z" user="NKA" uid="3497659" lat="59.8714419" lon="10.9041995"/>
 <node id="11418067644" visible="true" version="1" changeset="145124445" timestamp="2023-12-14T19:15:23Z" user="NKA" uid="3497659" lat="59.8712903" lon="10.9040619"/>
 <node id="11418067645" visible="true" version="1" changeset="145124445" timestamp="2023-12-14T19:15:23Z" user="NKA" uid="3497659" lat="59.8712642" lon="10.9040540"/>
 <node id="11418067646" visible="true" version="1" changeset="145124445" timestamp="2023-12-14T19:15:23Z" user="NKA" uid="3497659" lat="59.8712139" lon="10.9039100"/>
 <node id="11418067647" visible="true" version="1" changeset="145124445" timestamp="2023-12-14T19:15:23Z" user="NKA" uid="3497659" lat="59.8711827" lon="10.9037899"/>
 <node id="11418067648" visible="true" version="1" changeset="145124445" timestamp="2023-12-14T19:15:23Z" user="NKA" uid="3497659" lat="59.8711659" lon="10.9036795"/>
 <node id="11418067649" visible="true" version="1" changeset="145124445" timestamp="2023-12-14T19:15:23Z" user="NKA" uid="3497659" lat="59.8711453" lon="10.9036359"/>
 <node id="11418067650" visible="true" version="1" changeset="145124445" timestamp="2023-12-14T19:15:23Z" user="NKA" uid="3497659" lat="59.8710892" lon="10.9035799"/>
 <node id="11418067651" visible="true" version="1" changeset="145124445" timestamp="2023-12-14T19:15:23Z" user="NKA" uid="3497659" lat="59.8709829" lon="10.9035606"/>
 <node id="11418067652" visible="true" version="1" changeset="145124445" timestamp="2023-12-14T19:15:23Z" user="NKA" uid="3497659" lat="59.8709249" lon="10.9035746"/>
 <node id="11418067653" visible="true" version="1" changeset="145124445" timestamp="2023-12-14T19:15:23Z" user="NKA" uid="3497659" lat="59.8708821" lon="10.9036043"/>
 <node id="11418067654" visible="true" version="1" changeset="145124445" timestamp="2023-12-14T19:15:23Z" user="NKA" uid="3497659" lat="59.8708643" lon="10.9036254"/>
 <node id="11418067655" visible="true" version="1" changeset="145124445" timestamp="2023-12-14T19:15:23Z" user="NKA" uid="3497659" lat="59.8708511" lon="10.9036674"/>
 <node id="11418067656" visible="true" version="1" changeset="145124445" timestamp="2023-12-14T19:15:23Z" user="NKA" uid="3497659" lat="59.8708194" lon="10.9036991"/>
 <node id="11418067657" visible="true" version="1" changeset="145124445" timestamp="2023-12-14T19:15:23Z" user="NKA" uid="3497659" lat="59.8707266" lon="10.9037065"/>
 <node id="11418067658" visible="true" version="1" changeset="145124445" timestamp="2023-12-14T19:15:23Z" user="NKA" uid="3497659" lat="59.8706921" lon="10.9036918"/>
 <node id="11418067659" visible="true" version="1" changeset="145124445" timestamp="2023-12-14T19:15:23Z" user="NKA" uid="3497659" lat="59.8706415" lon="10.9036934"/>
 <node id="11418067660" visible="true" version="1" changeset="145124445" timestamp="2023-12-14T19:15:23Z" user="NKA" uid="3497659" lat="59.8705778" lon="10.9035590"/>
 <node id="11418067661" visible="true" version="1" changeset="145124445" timestamp="2023-12-14T19:15:23Z" user="NKA" uid="3497659" lat="59.8705383" lon="10.9035216"/>
 <node id="11418067662" visible="true" version="1" changeset="145124445" timestamp="2023-12-14T19:15:23Z" user="NKA" uid="3497659" lat="59.8704821" lon="10.9035257"/>
 <node id="11418067663" visible="true" version="1" changeset="145124445" timestamp="2023-12-14T19:15:23Z" user="NKA" uid="3497659" lat="59.8704479" lon="10.9035553"/>
 <node id="11418067664" visible="true" version="1" changeset="145124445" timestamp="2023-12-14T19:15:23Z" user="NKA" uid="3497659" lat="59.8703855" lon="10.9035609"/>
 <node id="11418067665" visible="true" version="1" changeset="145124445" timestamp="2023-12-14T19:15:23Z" user="NKA" uid="3497659" lat="59.8703602" lon="10.9035460"/>
 <node id="11418067666" visible="true" version="1" changeset="145124445" timestamp="2023-12-14T19:15:23Z" user="NKA" uid="3497659" lat="59.8703266" lon="10.9035707"/>
 <node id="11418067667" visible="true" version="1" changeset="145124445" timestamp="2023-12-14T19:15:23Z" user="NKA" uid="3497659" lat="59.8702996" lon="10.9035588"/>
 <node id="11418067668" visible="true" version="1" changeset="145124445" timestamp="2023-12-14T19:15:23Z" user="NKA" uid="3497659" lat="59.8702696" lon="10.9035646"/>
 <node id="11418067669" visible="true" version="1" changeset="145124445" timestamp="2023-12-14T19:15:23Z" user="NKA" uid="3497659" lat="59.8702408" lon="10.9035435"/>
 <node id="11418067670" visible="true" version="1" changeset="145124445" timestamp="2023-12-14T19:15:23Z" user="NKA" uid="3497659" lat="59.8702628" lon="10.9034583"/>
 <node id="11418067671" visible="true" version="1" changeset="145124445" timestamp="2023-12-14T19:15:23Z" user="NKA" uid="3497659" lat="59.8702601" lon="10.9033917"/>
 <node id="11418067672" visible="true" version="1" changeset="145124445" timestamp="2023-12-14T19:15:23Z" user="NKA" uid="3497659" lat="59.8701977" lon="10.9030934"/>
 <node id="11418067673" visible="true" version="1" changeset="145124445" timestamp="2023-12-14T19:15:23Z" user="NKA" uid="3497659" lat="59.8701489" lon="10.9029493"/>
 <node id="11418067674" visible="true" version="1" changeset="145124445" timestamp="2023-12-14T19:15:23Z" user="NKA" uid="3497659" lat="59.8701804" lon="10.9028702"/>
 <node id="11418067675" visible="true" version="1" changeset="145124445" timestamp="2023-12-14T19:15:23Z" user="NKA" uid="3497659" lat="59.8702265" lon="10.9026970"/>
 <node id="11418067676" visible="true" version="1" changeset="145124445" timestamp="2023-12-14T19:15:23Z" user="NKA" uid="3497659" lat="59.8702580" lon="10.9024831"/>
 <node id="11418067677" visible="true" version="1" changeset="145124445" timestamp="2023-12-14T19:15:23Z" user="NKA" uid="3497659" lat="59.8702625" lon="10.9023506"/>
 <node id="11418067678" visible="true" version="1" changeset="145124445" timestamp="2023-12-14T19:15:23Z" user="NKA" uid="3497659" lat="59.8702511" lon="10.9021906"/>
 <node id="11418067679" visible="true" version="1" changeset="145124445" timestamp="2023-12-14T19:15:23Z" user="NKA" uid="3497659" lat="59.8702531" lon="10.9020015"/>
 <node id="11418067680" visible="true" version="1" changeset="145124445" timestamp="2023-12-14T19:15:23Z" user="NKA" uid="3497659" lat="59.8702301" lon="10.9019559"/>
 <node id="11418067681" visible="true" version="1" changeset="145124445" timestamp="2023-12-14T19:15:23Z" user="NKA" uid="3497659" lat="59.8701959" lon="10.9018134"/>
 <node id="11418067682" visible="true" version="1" changeset="145124445" timestamp="2023-12-14T19:15:23Z" user="NKA" uid="3497659" lat="59.8701627" lon="10.9017525"/>
 <node id="11418067683" visible="true" version="1" changeset="145124445" timestamp="2023-12-14T19:15:23Z" user="NKA" uid="3497659" lat="59.8701084" lon="10.9016824"/>
 <node id="11418067684" visible="true" version="1" changeset="145124445" timestamp="2023-12-14T19:15:23Z" user="NKA" uid="3497659" lat="59.8700847" lon="10.9016991"/>
 <node id="11418067685" visible="true" version="1" changeset="145124445" timestamp="2023-12-14T19:15:23Z" user="NKA" uid="3497659" lat="59.8700600" lon="10.9017529"/>
 <node id="11418067686" visible="true" version="1" changeset="145124445" timestamp="2023-12-14T19:15:23Z" user="NKA" uid="3497659" lat="59.8700694" lon="10.9019128"/>
 <node id="11418067687" visible="true" version="1" changeset="145124445" timestamp="2023-12-14T19:15:23Z" user="NKA" uid="3497659" lat="59.8700605" lon="10.9020920"/>
 <node id="11418067688" visible="true" version="1" changeset="145124445" timestamp="2023-12-14T19:15:23Z" user="NKA" uid="3497659" lat="59.8698222" lon="10.9024180"/>
 <node id="11418067689" visible="true" version="1" changeset="145124445" timestamp="2023-12-14T19:15:23Z" user="NKA" uid="3497659" lat="59.8697974" lon="10.9024746"/>
 <node id="11418067690" visible="true" version="1" changeset="145124445" timestamp="2023-12-14T19:15:23Z" user="NKA" uid="3497659" lat="59.8697966" lon="10.9025047"/>
 <node id="11418067691" visible="true" version="1" changeset="145124445" timestamp="2023-12-14T19:15:23Z" user="NKA" uid="3497659" lat="59.8698247" lon="10.9026657"/>
 <node id="11418067692" visible="true" version="1" changeset="145124445" timestamp="2023-12-14T19:15:23Z" user="NKA" uid="3497659" lat="59.8699151" lon="10.9029377"/>
 <node id="11418067693" visible="true" version="1" changeset="145124445" timestamp="2023-12-14T19:15:23Z" user="NKA" uid="3497659" lat="59.8699366" lon="10.9030376"/>
 <node id="11418067694" visible="true" version="1" changeset="145124445" timestamp="2023-12-14T19:15:23Z" user="NKA" uid="3497659" lat="59.8699916" lon="10.9033512"/>
 <node id="11418067695" visible="true" version="1" changeset="145124445" timestamp="2023-12-14T19:15:23Z" user="NKA" uid="3497659" lat="59.8699960" lon="10.9035066"/>
 <node id="11418067696" visible="true" version="1" changeset="145124445" timestamp="2023-12-14T19:15:23Z" user="NKA" uid="3497659" lat="59.8700051" lon="10.9035800"/>
 <node id="11418067697" visible="true" version="1" changeset="145124445" timestamp="2023-12-14T19:15:23Z" user="NKA" uid="3497659" lat="59.8699892" lon="10.9037976"/>
 <node id="11418067698" visible="true" version="1" changeset="145124445" timestamp="2023-12-14T19:15:23Z" user="NKA" uid="3497659" lat="59.8699215" lon="10.9041003"/>
 <node id="11418067699" visible="true" version="1" changeset="145124445" timestamp="2023-12-14T19:15:23Z" user="NKA" uid="3497659" lat="59.8699195" lon="10.9041725"/>
 <node id="11418067700" visible="true" version="1" changeset="145124445" timestamp="2023-12-14T19:15:23Z" user="NKA" uid="3497659" lat="59.8698703" lon="10.9042368"/>
 <node id="11418067701" visible="true" version="1" changeset="145124445" timestamp="2023-12-14T19:15:23Z" user="NKA" uid="3497659" lat="59.8698614" lon="10.9042831"/>
 <node id="11418067702" visible="true" version="1" changeset="145124445" timestamp="2023-12-14T19:15:23Z" user="NKA" uid="3497659" lat="59.8698002" lon="10.9043209"/>
 <node id="11418067703" visible="true" version="1" changeset="145124445" timestamp="2023-12-14T19:15:23Z" user="NKA" uid="3497659" lat="59.8697773" lon="10.9044211"/>
 <node id="11418067704" visible="true" version="1" changeset="145124445" timestamp="2023-12-14T19:15:23Z" user="NKA" uid="3497659" lat="59.8696864" lon="10.9044889"/>
 <node id="11418067705" visible="true" version="1" changeset="145124445" timestamp="2023-12-14T19:15:23Z" user="NKA" uid="3497659" lat="59.8696236" lon="10.9045135"/>
 <node id="11418067706" visible="true" version="1" changeset="145124445" timestamp="2023-12-14T19:15:23Z" user="NKA" uid="3497659" lat="59.8695751" lon="10.9045497"/>
 <node id="11418067707" visible="true" version="1" changeset="145124445" timestamp="2023-12-14T19:15:23Z" user="NKA" uid="3497659" lat="59.8695138" lon="10.9046268"/>
 <node id="11418067708" visible="true" version="1" changeset="145124445" timestamp="2023-12-14T19:15:23Z" user="NKA" uid="3497659" lat="59.8694385" lon="10.9046811"/>
 <node id="11418067709" visible="true" version="1" changeset="145124445" timestamp="2023-12-14T19:15:23Z" user="NKA" uid="3497659" lat="59.8693834" lon="10.9047749"/>
 <node id="11418067710" visible="true" version="1" changeset="145124445" timestamp="2023-12-14T19:15:23Z" user="NKA" uid="3497659" lat="59.8689028" lon="10.9051413"/>
 <node id="11418067711" visible="true" version="1" changeset="145124445" timestamp="2023-12-14T19:15:23Z" user="NKA" uid="3497659" lat="59.8688314" lon="10.9051679"/>
 <node id="11418067712" visible="true" version="1" changeset="145124445" timestamp="2023-12-14T19:15:23Z" user="NKA" uid="3497659" lat="59.8687517" lon="10.9052271"/>
 <node id="11418067713" visible="true" version="1" changeset="145124445" timestamp="2023-12-14T19:15:23Z" user="NKA" uid="3497659" lat="59.8686535" lon="10.9053197"/>
 <node id="11418067714" visible="true" version="1" changeset="145124445" timestamp="2023-12-14T19:15:23Z" user="NKA" uid="3497659" lat="59.8684950" lon="10.9055054"/>
 <node id="11418067715" visible="true" version="1" changeset="145124445" timestamp="2023-12-14T19:15:23Z" user="NKA" uid="3497659" lat="59.8684139" lon="10.9055341"/>
 <node id="11418067716" visible="true" version="1" changeset="145124445" timestamp="2023-12-14T19:15:23Z" user="NKA" uid="3497659" lat="59.8682953" lon="10.9056370"/>
 <node id="11418067717" visible="true" version="1" changeset="145124445" timestamp="2023-12-14T19:15:23Z" user="NKA" uid="3497659" lat="59.8682268" lon="10.9057555"/>
 <node id="11418067718" visible="true" version="1" changeset="145124445" timestamp="2023-12-14T19:15:23Z" user="NKA" uid="3497659" lat="59.8681369" lon="10.9058820"/>
 <node id="11418067719" visible="true" version="1" changeset="145124445" timestamp="2023-12-14T19:15:23Z" user="NKA" uid="3497659" lat="59.8680407" lon="10.9059577"/>
 <node id="11418067720" visible="true" version="1" changeset="145124445" timestamp="2023-12-14T19:15:23Z" user="NKA" uid="3497659" lat="59.8679135" lon="10.9061241"/>
 <node id="11418067721" visible="true" version="1" changeset="145124445" timestamp="2023-12-14T19:15:23Z" user="NKA" uid="3497659" lat="59.8676094" lon="10.9065730"/>
 <node id="11418067722" visible="true" version="1" changeset="145124445" timestamp="2023-12-14T19:15:23Z" user="NKA" uid="3497659" lat="59.8674628" lon="10.9067054"/>
 <node id="11418067723" visible="true" version="1" changeset="145124445" timestamp="2023-12-14T19:15:23Z" user="NKA" uid="3497659" lat="59.8674283" lon="10.9067727"/>
 <node id="11418067724" visible="true" version="1" changeset="145124445" timestamp="2023-12-14T19:15:23Z" user="NKA" uid="3497659" lat="59.8674318" lon="10.9068424"/>
 <node id="11418067725" visible="true" version="1" changeset="145124445" timestamp="2023-12-14T19:15:23Z" user="NKA" uid="3497659" lat="59.8673961" lon="10.9068743"/>
 <node id="11418067726" visible="true" version="1" changeset="145124445" timestamp="2023-12-14T19:15:23Z" user="NKA" uid="3497659" lat="59.8673433" lon="10.9068866"/>
 <node id="11418067727" visible="true" version="1" changeset="145124445" timestamp="2023-12-14T19:15:23Z" user="NKA" uid="3497659" lat="59.8673294" lon="10.9068764"/>
 <node id="11418067728" visible="true" version="1" changeset="145124445" timestamp="2023-12-14T19:15:23Z" user="NKA" uid="3497659" lat="59.8673231" lon="10.9068887"/>
 <node id="11418067729" visible="true" version="1" changeset="145124445" timestamp="2023-12-14T19:15:23Z" user="NKA" uid="3497659" lat="59.8672827" lon="10.9068178"/>
 <node id="11418067730" visible="true" version="1" changeset="145124445" timestamp="2023-12-14T19:15:23Z" user="NKA" uid="3497659" lat="59.8672822" lon="10.9067937"/>
 <node id="11418067731" visible="true" version="1" changeset="145124445" timestamp="2023-12-14T19:15:23Z" user="NKA" uid="3497659" lat="59.8673175" lon="10.9067757"/>
 <node id="11418067732" visible="true" version="1" changeset="145124445" timestamp="2023-12-14T19:15:23Z" user="NKA" uid="3497659" lat="59.8673090" lon="10.9067286"/>
 <node id="11418067733" visible="true" version="1" changeset="145124445" timestamp="2023-12-14T19:15:23Z" user="NKA" uid="3497659" lat="59.8672311" lon="10.9067105"/>
 <node id="11418067734" visible="true" version="1" changeset="145124445" timestamp="2023-12-14T19:15:23Z" user="NKA" uid="3497659" lat="59.8670931" lon="10.9067512"/>
 <node id="11418067735" visible="true" version="1" changeset="145124445" timestamp="2023-12-14T19:15:23Z" user="NKA" uid="3497659" lat="59.8669291" lon="10.9068479"/>
 <node id="11418067736" visible="true" version="1" changeset="145124445" timestamp="2023-12-14T19:15:23Z" user="NKA" uid="3497659" lat="59.8668880" lon="10.9068541"/>
 <node id="11418067737" visible="true" version="1" changeset="145124445" timestamp="2023-12-14T19:15:23Z" user="NKA" uid="3497659" lat="59.8668239" lon="10.9068916"/>
 <node id="11418067738" visible="true" version="1" changeset="145124445" timestamp="2023-12-14T19:15:23Z" user="NKA" uid="3497659" lat="59.8667363" lon="10.9069208"/>
 <node id="11418067739" visible="true" version="1" changeset="145124445" timestamp="2023-12-14T19:15:23Z" user="NKA" uid="3497659" lat="59.8666315" lon="10.9069464"/>
 <node id="11418067740" visible="true" version="1" changeset="145124445" timestamp="2023-12-14T19:15:23Z" user="NKA" uid="3497659" lat="59.8664790" lon="10.9069184"/>
 <node id="11418067741" visible="true" version="1" changeset="145124445" timestamp="2023-12-14T19:15:23Z" user="NKA" uid="3497659" lat="59.8663553" lon="10.9069967"/>
 <node id="11418067742" visible="true" version="1" changeset="145124445" timestamp="2023-12-14T19:15:23Z" user="NKA" uid="3497659" lat="59.8661954" lon="10.9070042"/>
 <node id="11418067743" visible="true" version="1" changeset="145124445" timestamp="2023-12-14T19:15:23Z" user="NKA" uid="3497659" lat="59.8661371" lon="10.9070312"/>
 <node id="11418067744" visible="true" version="1" changeset="145124445" timestamp="2023-12-14T19:15:23Z" user="NKA" uid="3497659" lat="59.8660278" lon="10.9070353"/>
 <node id="11418067745" visible="true" version="1" changeset="145124445" timestamp="2023-12-14T19:15:23Z" user="NKA" uid="3497659" lat="59.8659203" lon="10.9070949"/>
 <node id="11418067746" visible="true" version="1" changeset="145124445" timestamp="2023-12-14T19:15:23Z" user="NKA" uid="3497659" lat="59.8658517" lon="10.9071490"/>
 <node id="11418067747" visible="true" version="1" changeset="145124445" timestamp="2023-12-14T19:15:23Z" user="NKA" uid="3497659" lat="59.8658091" lon="10.9072033"/>
 <node id="11418067748" visible="true" version="1" changeset="145124445" timestamp="2023-12-14T19:15:23Z" user="NKA" uid="3497659" lat="59.8657189" lon="10.9072123"/>
 <node id="11418067749" visible="true" version="1" changeset="145124445" timestamp="2023-12-14T19:15:23Z" user="NKA" uid="3497659" lat="59.8656769" lon="10.9072335"/>
 <node id="11418067750" visible="true" version="1" changeset="145124445" timestamp="2023-12-14T19:15:23Z" user="NKA" uid="3497659" lat="59.8655927" lon="10.9072027"/>
 <node id="11418067751" visible="true" version="1" changeset="145124445" timestamp="2023-12-14T19:15:23Z" user="NKA" uid="3497659" lat="59.8655071" lon="10.9071446"/>
 <node id="11418067752" visible="true" version="1" changeset="145124445" timestamp="2023-12-14T19:15:23Z" user="NKA" uid="3497659" lat="59.8654588" lon="10.9070006"/>
 <node id="11418067753" visible="true" version="1" changeset="145124445" timestamp="2023-12-14T19:15:23Z" user="NKA" uid="3497659" lat="59.8654370" lon="10.9069582"/>
 <node id="11418067754" visible="true" version="1" changeset="145124445" timestamp="2023-12-14T19:15:23Z" user="NKA" uid="3497659" lat="59.8653060" lon="10.9068096"/>
 <node id="11418067755" visible="true" version="1" changeset="145124445" timestamp="2023-12-14T19:15:23Z" user="NKA" uid="3497659" lat="59.8652639" lon="10.9067476"/>
 <node id="11418067756" visible="true" version="1" changeset="145124445" timestamp="2023-12-14T19:15:23Z" user="NKA" uid="3497659" lat="59.8652434" lon="10.9067366"/>
 <node id="11418067757" visible="true" version="1" changeset="145124445" timestamp="2023-12-14T19:15:23Z" user="NKA" uid="3497659" lat="59.8651894" lon="10.9066503"/>
 <node id="11418067758" visible="true" version="1" changeset="145124445" timestamp="2023-12-14T19:15:23Z" user="NKA" uid="3497659" lat="59.8651703" lon="10.9066415"/>
 <node id="11418067759" visible="true" version="1" changeset="145124445" timestamp="2023-12-14T19:15:23Z" user="NKA" uid="3497659" lat="59.8651305" lon="10.9065829"/>
 <node id="11418067760" visible="true" version="1" changeset="145124445" timestamp="2023-12-14T19:15:23Z" user="NKA" uid="3497659" lat="59.8651043" lon="10.9065831"/>
 <node id="11418067761" visible="true" version="1" changeset="145124445" timestamp="2023-12-14T19:15:23Z" user="NKA" uid="3497659" lat="59.8650153" lon="10.9064935"/>
 <node id="11418067762" visible="true" version="1" changeset="145124445" timestamp="2023-12-14T19:15:23Z" user="NKA" uid="3497659" lat="59.8649584" lon="10.9063970"/>
 <node id="11418067763" visible="true" version="1" changeset="145124445" timestamp="2023-12-14T19:15:23Z" user="NKA" uid="3497659" lat="59.8648948" lon="10.9062508"/>
 <node id="11418067764" visible="true" version="1" changeset="145124445" timestamp="2023-12-14T19:15:23Z" user="NKA" uid="3497659" lat="59.8648505" lon="10.9061802"/>
 <node id="11418067765" visible="true" version="1" changeset="145124445" timestamp="2023-12-14T19:15:23Z" user="NKA" uid="3497659" lat="59.8647625" lon="10.9060997"/>
 <node id="11418067766" visible="true" version="1" changeset="145124445" timestamp="2023-12-14T19:15:23Z" user="NKA" uid="3497659" lat="59.8646467" lon="10.9060627"/>
 <node id="11418067767" visible="true" version="1" changeset="145124445" timestamp="2023-12-14T19:15:23Z" user="NKA" uid="3497659" lat="59.8632191" lon="10.9008778"/>
 <node id="11418067768" visible="true" version="1" changeset="145124445" timestamp="2023-12-14T19:15:23Z" user="NKA" uid="3497659" lat="59.8611392" lon="10.9008227"/>
 <node id="11418067769" visible="true" version="1" changeset="145124445" timestamp="2023-12-14T19:15:23Z" user="NKA" uid="3497659" lat="59.8371102" lon="10.8958763"/>
 <node id="11418067770" visible="true" version="1" changeset="145124445" timestamp="2023-12-14T19:15:23Z" user="NKA" uid="3497659" lat="59.8342209" lon="10.8859402"/>
 <node id="11418067771" visible="true" version="1" changeset="145124445" timestamp="2023-12-14T19:15:23Z" user="NKA" uid="3497659" lat="59.8345016" lon="10.8854901"/>
 <node id="11418067772" visible="true" version="1" changeset="145124445" timestamp="2023-12-14T19:15:23Z" user="NKA" uid="3497659" lat="59.8354343" lon="10.8850036"/>
 <node id="11418067773" visible="true" version="1" changeset="145124445" timestamp="2023-12-14T19:15:23Z" user="NKA" uid="3497659" lat="59.8367171" lon="10.8832215"/>
 <node id="11418067774" visible="true" version="1" changeset="145124445" timestamp="2023-12-14T19:15:23Z" user="NKA" uid="3497659" lat="59.8390442" lon="10.8809112"/>
 <node id="11418067775" visible="true" version="1" changeset="145124445" timestamp="2023-12-14T19:15:23Z" user="NKA" uid="3497659" lat="59.8391786" lon="10.8807524"/>
 <node id="11418067776" visible="true" version="1" changeset="145124445" timestamp="2023-12-14T19:15:23Z" user="NKA" uid="3497659" lat="59.8430729" lon="10.8767510"/>
 <node id="11418067777" visible="true" version="1" changeset="145124445" timestamp="2023-12-14T19:15:23Z" user="NKA" uid="3497659" lat="59.8435958" lon="10.8731446"/>
 <node id="11418067778" visible="true" version="1" changeset="145124445" timestamp="2023-12-14T19:15:23Z" user="NKA" uid="3497659" lat="59.8438557" lon="10.8733368"/>
 <node id="11418067779" visible="true" version="1" changeset="145124445" timestamp="2023-12-14T19:15:23Z" user="NKA" uid="3497659" lat="59.8437517" lon="10.8738696"/>
 <node id="11418067780" visible="true" version="1" changeset="145124445" timestamp="2023-12-14T19:15:23Z" user="NKA" uid="3497659" lat="59.8437307" lon="10.8740293"/>
 <node id="11418067781" visible="true" version="1" changeset="145124445" timestamp="2023-12-14T19:15:23Z" user="NKA" uid="3497659" lat="59.8437194" lon="10.8743335"/>
 <node id="11418067782" visible="true" version="1" changeset="145124445" timestamp="2023-12-14T19:15:23Z" user="NKA" uid="3497659" lat="59.8437370" lon="10.8745740"/>
 <node id="11418067783" visible="true" version="1" changeset="145124445" timestamp="2023-12-14T19:15:23Z" user="NKA" uid="3497659" lat="59.8437852" lon="10.8748507"/>
 <node id="11418067784" visible="true" version="1" changeset="145124445" timestamp="2023-12-14T19:15:23Z" user="NKA" uid="3497659" lat="59.8438641" lon="10.8751445"/>
 <node id="11418067785" visible="true" version="1" changeset="145124445" timestamp="2023-12-14T19:15:23Z" user="NKA" uid="3497659" lat="59.8439433" lon="10.8753570"/>
 <node id="11418067786" visible="true" version="1" changeset="145124445" timestamp="2023-12-14T19:15:23Z" user="NKA" uid="3497659" lat="59.8441006" lon="10.8757032"/>
 <node id="11418067787" visible="true" version="1" changeset="145124445" timestamp="2023-12-14T19:15:23Z" user="NKA" uid="3497659" lat="59.8441600" lon="10.8758929"/>
 <node id="11418067788" visible="true" version="1" changeset="145124445" timestamp="2023-12-14T19:15:23Z" user="NKA" uid="3497659" lat="59.8441854" lon="10.8760177"/>
 <node id="11418067789" visible="true" version="1" changeset="145124445" timestamp="2023-12-14T19:15:23Z" user="NKA" uid="3497659" lat="59.8442102" lon="10.8762683"/>
 <node id="11418067790" visible="true" version="1" changeset="145124445" timestamp="2023-12-14T19:15:23Z" user="NKA" uid="3497659" lat="59.8442419" lon="10.8764553"/>
 <node id="11418067791" visible="true" version="1" changeset="145124445" timestamp="2023-12-14T19:15:23Z" user="NKA" uid="3497659" lat="59.8442724" lon="10.8765393"/>
 <node id="11418067792" visible="true" version="1" changeset="145124445" timestamp="2023-12-14T19:15:23Z" user="NKA" uid="3497659" lat="59.8443317" lon="10.8766367"/>
 <node id="11418067793" visible="true" version="1" changeset="145124445" timestamp="2023-12-14T19:15:23Z" user="NKA" uid="3497659" lat="59.8444016" lon="10.8767022"/>
 <node id="11418067794" visible="true" version="1" changeset="145124445" timestamp="2023-12-14T19:15:23Z" user="NKA" uid="3497659" lat="59.8445503" lon="10.8767743"/>
 <node id="11418067795" visible="true" version="1" changeset="145124445" timestamp="2023-12-14T19:15:23Z" user="NKA" uid="3497659" lat="59.8446340" lon="10.8768397"/>
 <node id="11418067796" visible="true" version="1" changeset="145124445" timestamp="2023-12-14T19:15:23Z" user="NKA" uid="3497659" lat="59.8447291" lon="10.8769622"/>
 <node id="11418067797" visible="true" version="1" changeset="145124445" timestamp="2023-12-14T19:15:23Z" user="NKA" uid="3497659" lat="59.8448006" lon="10.8771101"/>
 <node id="11418067798" visible="true" version="1" changeset="145124445" timestamp="2023-12-14T19:15:23Z" user="NKA" uid="3497659" lat="59.8448013" lon="10.8772583"/>
 <node id="11418067799" visible="true" version="1" changeset="145124445" timestamp="2023-12-14T19:15:23Z" user="NKA" uid="3497659" lat="59.8447660" lon="10.8773859"/>
 <node id="11418067800" visible="true" version="1" changeset="145124445" timestamp="2023-12-14T19:15:23Z" user="NKA" uid="3497659" lat="59.8446984" lon="10.8775181"/>
 <node id="11418067801" visible="true" version="1" changeset="145124445" timestamp="2023-12-14T19:15:23Z" user="NKA" uid="3497659" lat="59.8445295" lon="10.8777611"/>
 <node id="11418067802" visible="true" version="1" changeset="145124445" timestamp="2023-12-14T19:15:23Z" user="NKA" uid="3497659" lat="59.8444030" lon="10.8780332"/>
 <node id="11418067803" visible="true" version="1" changeset="145124445" timestamp="2023-12-14T19:15:23Z" user="NKA" uid="3497659" lat="59.8442784" lon="10.8782509"/>
 <node id="11418067804" visible="true" version="1" changeset="145124445" timestamp="2023-12-14T19:15:23Z" user="NKA" uid="3497659" lat="59.8442052" lon="10.8784047"/>
 <node id="11418067805" visible="true" version="1" changeset="145124445" timestamp="2023-12-14T19:15:23Z" user="NKA" uid="3497659" lat="59.8441584" lon="10.8785259"/>
 <node id="11418067806" visible="true" version="1" changeset="145124445" timestamp="2023-12-14T19:15:23Z" user="NKA" uid="3497659" lat="59.8441286" lon="10.8786867"/>
 <node id="11418067807" visible="true" version="1" changeset="145124445" timestamp="2023-12-14T19:15:23Z" user="NKA" uid="3497659" lat="59.8441231" lon="10.8788290"/>
 <node id="11418067808" visible="true" version="1" changeset="145124445" timestamp="2023-12-14T19:15:23Z" user="NKA" uid="3497659" lat="59.8441386" lon="10.8789946"/>
 <node id="11418067809" visible="true" version="1" changeset="145124445" timestamp="2023-12-14T19:15:23Z" user="NKA" uid="3497659" lat="59.8441734" lon="10.8791415"/>
 <node id="11418067810" visible="true" version="1" changeset="145124445" timestamp="2023-12-14T19:15:23Z" user="NKA" uid="3497659" lat="59.8442311" lon="10.8792920"/>
 <node id="11418067811" visible="true" version="1" changeset="145124445" timestamp="2023-12-14T19:15:23Z" user="NKA" uid="3497659" lat="59.8444461" lon="10.8797134"/>
 <node id="11418067812" visible="true" version="1" changeset="145124445" timestamp="2023-12-14T19:15:23Z" user="NKA" uid="3497659" lat="59.8444939" lon="10.8798372"/>
 <node id="11418067813" visible="true" version="1" changeset="145124445" timestamp="2023-12-14T19:15:23Z" user="NKA" uid="3497659" lat="59.8445433" lon="10.8800536"/>
 <node id="11418067814" visible="true" version="1" changeset="145124445" timestamp="2023-12-14T19:15:23Z" user="NKA" uid="3497659" lat="59.8445563" lon="10.8802012"/>
 <node id="11418067815" visible="true" version="1" changeset="145124445" timestamp="2023-12-14T19:15:23Z" user="NKA" uid="3497659" lat="59.8445915" lon="10.8804165"/>
 <node id="11418067816" visible="true" version="1" changeset="145124445" timestamp="2023-12-14T19:15:23Z" user="NKA" uid="3497659" lat="59.8446592" lon="10.8806936"/>
 <node id="11418067817" visible="true" version="1" changeset="145124445" timestamp="2023-12-14T19:15:23Z" user="NKA" uid="3497659" lat="59.8446943" lon="10.8808014"/>
 <node id="11418067818" visible="true" version="1" changeset="145124445" timestamp="2023-12-14T19:15:23Z" user="NKA" uid="3497659" lat="59.8448416" lon="10.8811252"/>
 <node id="11418067819" visible="true" version="1" changeset="145124445" timestamp="2023-12-14T19:15:23Z" user="NKA" uid="3497659" lat="59.8450014" lon="10.8813917"/>
 <node id="11418067820" visible="true" version="1" changeset="145124445" timestamp="2023-12-14T19:15:23Z" user="NKA" uid="3497659" lat="59.8451322" lon="10.8815630"/>
 <node id="11418067821" visible="true" version="1" changeset="145124445" timestamp="2023-12-14T19:15:23Z" user="NKA" uid="3497659" lat="59.8451970" lon="10.8816654"/>
 <node id="11418067822" visible="true" version="1" changeset="145124445" timestamp="2023-12-14T19:15:23Z" user="NKA" uid="3497659" lat="59.8452700" lon="10.8818194"/>
 <node id="11418067823" visible="true" version="1" changeset="145124445" timestamp="2023-12-14T19:15:23Z" user="NKA" uid="3497659" lat="59.8453733" lon="10.8820778"/>
 <node id="11418067824" visible="true" version="1" changeset="145124445" timestamp="2023-12-14T19:15:23Z" user="NKA" uid="3497659" lat="59.8454504" lon="10.8823410"/>
 <node id="11418067825" visible="true" version="1" changeset="145124445" timestamp="2023-12-14T19:15:23Z" user="NKA" uid="3497659" lat="59.8455162" lon="10.8826093"/>
 <node id="11418067826" visible="true" version="1" changeset="145124445" timestamp="2023-12-14T19:15:23Z" user="NKA" uid="3497659" lat="59.8455568" lon="10.8827204"/>
 <node id="11418067827" visible="true" version="1" changeset="145124445" timestamp="2023-12-14T19:15:23Z" user="NKA" uid="3497659" lat="59.8456511" lon="10.8828445"/>
 <node id="11418067828" visible="true" version="1" changeset="145124445" timestamp="2023-12-14T19:15:23Z" user="NKA" uid="3497659" lat="59.8457087" lon="10.8828873"/>
 <node id="11418067829" visible="true" version="1" changeset="145124445" timestamp="2023-12-14T19:15:23Z" user="NKA" uid="3497659" lat="59.8458494" lon="10.8829540"/>
 <node id="11418067830" visible="true" version="1" changeset="145124445" timestamp="2023-12-14T19:15:23Z" user="NKA" uid="3497659" lat="59.8458960" lon="10.8829902"/>
 <node id="11418067831" visible="true" version="1" changeset="145124445" timestamp="2023-12-14T19:15:23Z" user="NKA" uid="3497659" lat="59.8459357" lon="10.8830433"/>
 <node id="11418067832" visible="true" version="1" changeset="145124445" timestamp="2023-12-14T19:15:23Z" user="NKA" uid="3497659" lat="59.8459731" lon="10.8831095"/>
 <node id="11418067833" visible="true" version="1" changeset="145124445" timestamp="2023-12-14T19:15:23Z" user="NKA" uid="3497659" lat="59.8461562" lon="10.8837016"/>
 <node id="11418067834" visible="true" version="1" changeset="145124445" timestamp="2023-12-14T19:15:23Z" user="NKA" uid="3497659" lat="59.8462338" lon="10.8839170"/>
 <node id="11418067835" visible="true" version="1" changeset="145124445" timestamp="2023-12-14T19:15:23Z" user="NKA" uid="3497659" lat="59.8462660" lon="10.8839847"/>
 <node id="11418067836" visible="true" version="1" changeset="145124445" timestamp="2023-12-14T19:15:23Z" user="NKA" uid="3497659" lat="59.8463755" lon="10.8841558"/>
 <node id="11418067837" visible="true" version="1" changeset="145124445" timestamp="2023-12-14T19:15:23Z" user="NKA" uid="3497659" lat="59.8465421" lon="10.8843634"/>
 <node id="11418067838" visible="true" version="1" changeset="145124445" timestamp="2023-12-14T19:15:23Z" user="NKA" uid="3497659" lat="59.8466744" lon="10.8844847"/>
 <node id="11418067839" visible="true" version="1" changeset="145124445" timestamp="2023-12-14T19:15:23Z" user="NKA" uid="3497659" lat="59.8467266" lon="10.8845503"/>
 <node id="11418067840" visible="true" version="1" changeset="145124445" timestamp="2023-12-14T19:15:23Z" user="NKA" uid="3497659" lat="59.8468115" lon="10.8844218"/>
 <node id="11418067841" visible="true" version="1" changeset="145124445" timestamp="2023-12-14T19:15:23Z" user="NKA" uid="3497659" lat="59.8468559" lon="10.8842313"/>
 <node id="11418067842" visible="true" version="1" changeset="145124445" timestamp="2023-12-14T19:15:23Z" user="NKA" uid="3497659" lat="59.8468452" lon="10.8842077"/>
 <node id="11418067843" visible="true" version="1" changeset="145124445" timestamp="2023-12-14T19:15:23Z" user="NKA" uid="3497659" lat="59.8468269" lon="10.8840398"/>
 <node id="11418067844" visible="true" version="1" changeset="145124445" timestamp="2023-12-14T19:15:23Z" user="NKA" uid="3497659" lat="59.8468009" lon="10.8839362"/>
 <node id="11418067845" visible="true" version="1" changeset="145124445" timestamp="2023-12-14T19:15:23Z" user="NKA" uid="3497659" lat="59.8466694" lon="10.8836342"/>
 <node id="11418067846" visible="true" version="1" changeset="145124445" timestamp="2023-12-14T19:15:23Z" user="NKA" uid="3497659" lat="59.8466122" lon="10.8834389"/>
 <node id="11418067847" visible="true" version="1" changeset="145124445" timestamp="2023-12-14T19:15:23Z" user="NKA" uid="3497659" lat="59.8465445" lon="10.8832641"/>
 <node id="11418067848" visible="true" version="1" changeset="145124445" timestamp="2023-12-14T19:15:23Z" user="NKA" uid="3497659" lat="59.8464993" lon="10.8831132"/>
 <node id="11418067849" visible="true" version="1" changeset="145124445" timestamp="2023-12-14T19:15:23Z" user="NKA" uid="3497659" lat="59.8464651" lon="10.8829506"/>
 <node id="11418067850" visible="true" version="1" changeset="145124445" timestamp="2023-12-14T19:15:23Z" user="NKA" uid="3497659" lat="59.8464753" lon="10.8828350"/>
 <node id="11418067851" visible="true" version="1" changeset="145124445" timestamp="2023-12-14T19:15:23Z" user="NKA" uid="3497659" lat="59.8465058" lon="10.8828253"/>
 <node id="11418067852" visible="true" version="1" changeset="145124445" timestamp="2023-12-14T19:15:23Z" user="NKA" uid="3497659" lat="59.8465458" lon="10.8828341"/>
 <node id="11418067853" visible="true" version="1" changeset="145124445" timestamp="2023-12-14T19:15:23Z" user="NKA" uid="3497659" lat="59.8467729" lon="10.8829275"/>
 <node id="11418067854" visible="true" version="1" changeset="145124445" timestamp="2023-12-14T19:15:23Z" user="NKA" uid="3497659" lat="59.8468732" lon="10.8829249"/>
 <node id="11418067855" visible="true" version="1" changeset="145124445" timestamp="2023-12-14T19:15:23Z" user="NKA" uid="3497659" lat="59.8469409" lon="10.8828998"/>
 <node id="11418067856" visible="true" version="1" changeset="145124445" timestamp="2023-12-14T19:15:23Z" user="NKA" uid="3497659" lat="59.8470001" lon="10.8828589"/>
 <node id="11418067857" visible="true" version="1" changeset="145124445" timestamp="2023-12-14T19:15:23Z" user="NKA" uid="3497659" lat="59.8472801" lon="10.8825796"/>
 <node id="11418067858" visible="true" version="1" changeset="145124445" timestamp="2023-12-14T19:15:23Z" user="NKA" uid="3497659" lat="59.8473367" lon="10.8825366"/>
 <node id="11418067859" visible="true" version="1" changeset="145124445" timestamp="2023-12-14T19:15:23Z" user="NKA" uid="3497659" lat="59.8474043" lon="10.8825056"/>
 <node id="11418067860" visible="true" version="1" changeset="145124445" timestamp="2023-12-14T19:15:23Z" user="NKA" uid="3497659" lat="59.8475764" lon="10.8825284"/>
 <node id="11418067861" visible="true" version="1" changeset="145124445" timestamp="2023-12-14T19:15:23Z" user="NKA" uid="3497659" lat="59.8476651" lon="10.8825246"/>
 <node id="11418067862" visible="true" version="1" changeset="145124445" timestamp="2023-12-14T19:15:23Z" user="NKA" uid="3497659" lat="59.8478170" lon="10.8824265"/>
 <node id="11418067863" visible="true" version="1" changeset="145124445" timestamp="2023-12-14T19:15:23Z" user="NKA" uid="3497659" lat="59.8479462" lon="10.8822610"/>
 <node id="11418067864" visible="true" version="1" changeset="145124445" timestamp="2023-12-14T19:15:23Z" user="NKA" uid="3497659" lat="59.8481019" lon="10.8820932"/>
 <node id="11418067865" visible="true" version="1" changeset="145124445" timestamp="2023-12-14T19:15:23Z" user="NKA" uid="3497659" lat="59.8481799" lon="10.8819610"/>
 <node id="11418067866" visible="true" version="1" changeset="145124445" timestamp="2023-12-14T19:15:23Z" user="NKA" uid="3497659" lat="59.8482206" lon="10.8818548"/>
 <node id="11418067867" visible="true" version="1" changeset="145124445" timestamp="2023-12-14T19:15:23Z" user="NKA" uid="3497659" lat="59.8482473" lon="10.8817378"/>
 <node id="11418067868" visible="true" version="1" changeset="145124445" timestamp="2023-12-14T19:15:23Z" user="NKA" uid="3497659" lat="59.8482927" lon="10.8813567"/>
 <node id="11418067869" visible="true" version="1" changeset="145124445" timestamp="2023-12-14T19:15:23Z" user="NKA" uid="3497659" lat="59.8483227" lon="10.8812490"/>
 <node id="11418067870" visible="true" version="1" changeset="145124445" timestamp="2023-12-14T19:15:23Z" user="NKA" uid="3497659" lat="59.8483832" lon="10.8811796"/>
 <node id="11418067871" visible="true" version="1" changeset="145124445" timestamp="2023-12-14T19:15:23Z" user="NKA" uid="3497659" lat="59.8486779" lon="10.8809491"/>
 <node id="11418067872" visible="true" version="1" changeset="145124445" timestamp="2023-12-14T19:15:23Z" user="NKA" uid="3497659" lat="59.8487429" lon="10.8809023"/>
 <node id="11418067873" visible="true" version="1" changeset="145124445" timestamp="2023-12-14T19:15:23Z" user="NKA" uid="3497659" lat="59.8489761" lon="10.8807842"/>
 <node id="11418067874" visible="true" version="1" changeset="145124445" timestamp="2023-12-14T19:15:23Z" user="NKA" uid="3497659" lat="59.8494148" lon="10.8804525"/>
 <node id="11418067875" visible="true" version="1" changeset="145124445" timestamp="2023-12-14T19:15:23Z" user="NKA" uid="3497659" lat="59.8497131" lon="10.8802506"/>
 <node id="11418067876" visible="true" version="1" changeset="145124445" timestamp="2023-12-14T19:15:23Z" user="NKA" uid="3497659" lat="59.8498782" lon="10.8801525"/>
 <node id="11418067877" visible="true" version="1" changeset="145124445" timestamp="2023-12-14T19:15:23Z" user="NKA" uid="3497659" lat="59.8502947" lon="10.8799428"/>
 <node id="11418067878" visible="true" version="1" changeset="145124445" timestamp="2023-12-14T19:15:23Z" user="NKA" uid="3497659" lat="59.8503683" lon="10.8811615"/>
 <node id="11418067879" visible="true" version="1" changeset="145124445" timestamp="2023-12-14T19:15:23Z" user="NKA" uid="3497659" lat="59.8508122" lon="10.8812390"/>
 <node id="11418067880" visible="true" version="1" changeset="145124445" timestamp="2023-12-14T19:15:23Z" user="NKA" uid="3497659" lat="59.8512297" lon="10.8810816"/>
 <node id="11418067881" visible="true" version="1" changeset="145124445" timestamp="2023-12-14T19:15:23Z" user="NKA" uid="3497659" lat="59.8513705" lon="10.8807821"/>
 <node id="11418067882" visible="true" version="1" changeset="145124445" timestamp="2023-12-14T19:15:23Z" user="NKA" uid="3497659" lat="59.8514820" lon="10.8786703"/>
 <node id="11418067883" visible="true" version="1" changeset="145124445" timestamp="2023-12-14T19:15:23Z" user="NKA" uid="3497659" lat="59.8490957" lon="10.8786231"/>
 <node id="11418067884" visible="true" version="1" changeset="145124445" timestamp="2023-12-14T19:15:23Z" user="NKA" uid="3497659" lat="59.8471850" lon="10.8765903"/>
 <node id="11418067885" visible="true" version="1" changeset="145124445" timestamp="2023-12-14T19:15:23Z" user="NKA" uid="3497659" lat="59.8467462" lon="10.8755956"/>
 <node id="11418067886" visible="true" version="1" changeset="145124445" timestamp="2023-12-14T19:15:23Z" user="NKA" uid="3497659" lat="59.8469272" lon="10.8754526"/>
 <node id="11418067887" visible="true" version="1" changeset="145124445" timestamp="2023-12-14T19:15:23Z" user="NKA" uid="3497659" lat="59.8505268" lon="10.8747413"/>
 <node id="11418067888" visible="true" version="1" changeset="145124445" timestamp="2023-12-14T19:15:23Z" user="NKA" uid="3497659" lat="59.8526504" lon="10.8734448"/>
 <node id="11418067889" visible="true" version="1" changeset="145124445" timestamp="2023-12-14T19:15:23Z" user="NKA" uid="3497659" lat="59.8529557" lon="10.8727743"/>
 <node id="11418067890" visible="true" version="1" changeset="145124445" timestamp="2023-12-14T19:15:23Z" user="NKA" uid="3497659" lat="59.8545568" lon="10.8715057"/>
 <node id="11418067891" visible="true" version="1" changeset="145124445" timestamp="2023-12-14T19:15:23Z" user="NKA" uid="3497659" lat="59.8559998" lon="10.8701867"/>
 <node id="11418067892" visible="true" version="1" changeset="145124445" timestamp="2023-12-14T19:15:23Z" user="NKA" uid="3497659" lat="59.8587835" lon="10.8695814"/>
 <node id="11418067893" visible="true" version="1" changeset="145124445" timestamp="2023-12-14T19:15:23Z" user="NKA" uid="3497659" lat="59.8597838" lon="10.8676832"/>
 <node id="11418067894" visible="true" version="1" changeset="145124445" timestamp="2023-12-14T19:15:23Z" user="NKA" uid="3497659" lat="59.8599744" lon="10.8669985"/>
 <node id="11418067895" visible="true" version="1" changeset="145124445" timestamp="2023-12-14T19:15:23Z" user="NKA" uid="3497659" lat="59.8607276" lon="10.8665875"/>
 <node id="11418067896" visible="true" version="1" changeset="145124445" timestamp="2023-12-14T19:15:23Z" user="NKA" uid="3497659" lat="59.8610688" lon="10.8660491"/>
 <node id="11418067897" visible="true" version="1" changeset="145124445" timestamp="2023-12-14T19:15:23Z" user="NKA" uid="3497659" lat="59.8621821" lon="10.8655053"/>
 <node id="11418067898" visible="true" version="1" changeset="145124445" timestamp="2023-12-14T19:15:23Z" user="NKA" uid="3497659" lat="59.8634760" lon="10.8659203"/>
 <node id="11418067899" visible="true" version="1" changeset="145124445" timestamp="2023-12-14T19:15:23Z" user="NKA" uid="3497659" lat="59.8646040" lon="10.8653054"/>
 <node id="11418067900" visible="true" version="1" changeset="145124445" timestamp="2023-12-14T19:15:23Z" user="NKA" uid="3497659" lat="59.8650054" lon="10.8648133"/>
 <node id="11418067901" visible="true" version="1" changeset="145124445" timestamp="2023-12-14T19:15:23Z" user="NKA" uid="3497659" lat="59.8650786" lon="10.8649817"/>
 <node id="11418067902" visible="true" version="1" changeset="145124445" timestamp="2023-12-14T19:15:23Z" user="NKA" uid="3497659" lat="59.8651659" lon="10.8652433"/>
 <node id="11418067903" visible="true" version="1" changeset="145124445" timestamp="2023-12-14T19:15:23Z" user="NKA" uid="3497659" lat="59.8653350" lon="10.8655442"/>
 <node id="11418067904" visible="true" version="1" changeset="145124445" timestamp="2023-12-14T19:15:23Z" user="NKA" uid="3497659" lat="59.8655680" lon="10.8657698"/>
 <node id="11418067905" visible="true" version="1" changeset="145124445" timestamp="2023-12-14T19:15:23Z" user="NKA" uid="3497659" lat="59.8657366" lon="10.8658155"/>
 <node id="11418067906" visible="true" version="1" changeset="145124445" timestamp="2023-12-14T19:15:23Z" user="NKA" uid="3497659" lat="59.8658306" lon="10.8658022"/>
 <node id="11418067907" visible="true" version="1" changeset="145124445" timestamp="2023-12-14T19:15:23Z" user="NKA" uid="3497659" lat="59.8664655" lon="10.8680897"/>
 <node id="11418067908" visible="true" version="1" changeset="145124445" timestamp="2023-12-14T19:15:23Z" user="NKA" uid="3497659" lat="59.8664586" lon="10.8685101"/>
 <node id="11418067909" visible="true" version="1" changeset="145124445" timestamp="2023-12-14T19:15:23Z" user="NKA" uid="3497659" lat="59.8664802" lon="10.8689936"/>
 <node id="11418067910" visible="true" version="1" changeset="145124445" timestamp="2023-12-14T19:15:23Z" user="NKA" uid="3497659" lat="59.8665266" lon="10.8694791"/>
 <node id="11418067911" visible="true" version="1" changeset="145124445" timestamp="2023-12-14T19:15:23Z" user="NKA" uid="3497659" lat="59.8666413" lon="10.8703149"/>
 <node id="11418067912" visible="true" version="1" changeset="145124445" timestamp="2023-12-14T19:15:23Z" user="NKA" uid="3497659" lat="59.8666849" lon="10.8707517"/>
 <node id="11418067913" visible="true" version="1" changeset="145124445" timestamp="2023-12-14T19:15:23Z" user="NKA" uid="3497659" lat="59.8667441" lon="10.8710732"/>
 <node id="11418067914" visible="true" version="1" changeset="145124445" timestamp="2023-12-14T19:15:23Z" user="NKA" uid="3497659" lat="59.8667892" lon="10.8714179"/>
 <node id="11418067915" visible="true" version="1" changeset="145124445" timestamp="2023-12-14T19:15:23Z" user="NKA" uid="3497659" lat="59.8667952" lon="10.8715481"/>
 <node id="11418067916" visible="true" version="1" changeset="145124445" timestamp="2023-12-14T19:15:23Z" user="NKA" uid="3497659" lat="59.8667892" lon="10.8719741"/>
 <node id="11418067917" visible="true" version="1" changeset="145124445" timestamp="2023-12-14T19:15:23Z" user="NKA" uid="3497659" lat="59.8668084" lon="10.8722319"/>
 <node id="11418067918" visible="true" version="1" changeset="145124445" timestamp="2023-12-14T19:15:23Z" user="NKA" uid="3497659" lat="59.8668485" lon="10.8724804"/>
 <node id="11418067919" visible="true" version="1" changeset="145124445" timestamp="2023-12-14T19:15:23Z" user="NKA" uid="3497659" lat="59.8668809" lon="10.8726166"/>
 <node id="11418067920" visible="true" version="1" changeset="145124445" timestamp="2023-12-14T19:15:23Z" user="NKA" uid="3497659" lat="59.8669504" lon="10.8728173"/>
 <node id="11418067921" visible="true" version="1" changeset="145124445" timestamp="2023-12-14T19:15:23Z" user="NKA" uid="3497659" lat="59.8670635" lon="10.8730834"/>
 <node id="11418067922" visible="true" version="1" changeset="145124445" timestamp="2023-12-14T19:15:23Z" user="NKA" uid="3497659" lat="59.8671609" lon="10.8732814"/>
 <node id="11418067923" visible="true" version="1" changeset="145124445" timestamp="2023-12-14T19:15:23Z" user="NKA" uid="3497659" lat="59.8671849" lon="10.8733540"/>
 <node id="11418067924" visible="true" version="1" changeset="145124445" timestamp="2023-12-14T19:15:23Z" user="NKA" uid="3497659" lat="59.8672470" lon="10.8737789"/>
 <node id="11418067925" visible="true" version="1" changeset="145124445" timestamp="2023-12-14T19:15:23Z" user="NKA" uid="3497659" lat="59.8673007" lon="10.8740110"/>
 <node id="11418067926" visible="true" version="1" changeset="145124445" timestamp="2023-12-14T19:15:23Z" user="NKA" uid="3497659" lat="59.8674135" lon="10.8743814"/>
 <node id="11418067927" visible="true" version="1" changeset="145124445" timestamp="2023-12-14T19:15:23Z" user="NKA" uid="3497659" lat="59.8676384" lon="10.8754879"/>
 <node id="11418067928" visible="true" version="1" changeset="145124445" timestamp="2023-12-14T19:15:23Z" user="NKA" uid="3497659" lat="59.8677108" lon="10.8757535"/>
 <node id="11418067929" visible="true" version="1" changeset="145124445" timestamp="2023-12-14T19:15:23Z" user="NKA" uid="3497659" lat="59.8677525" lon="10.8758721"/>
 <node id="11418067930" visible="true" version="1" changeset="145124445" timestamp="2023-12-14T19:15:23Z" user="NKA" uid="3497659" lat="59.8678781" lon="10.8761289"/>
 <node id="11418067931" visible="true" version="1" changeset="145124445" timestamp="2023-12-14T19:15:23Z" user="NKA" uid="3497659" lat="59.8680778" lon="10.8766976"/>
 <node id="11418067932" visible="true" version="1" changeset="145124445" timestamp="2023-12-14T19:15:23Z" user="NKA" uid="3497659" lat="59.8682270" lon="10.8772148"/>
 <node id="11418067933" visible="true" version="1" changeset="145124445" timestamp="2023-12-14T19:15:23Z" user="NKA" uid="3497659" lat="59.8682677" lon="10.8773285"/>
 <node id="11418067934" visible="true" version="1" changeset="145124445" timestamp="2023-12-14T19:15:23Z" user="NKA" uid="3497659" lat="59.8683518" lon="10.8774812"/>
 <node id="11418067935" visible="true" version="1" changeset="145124445" timestamp="2023-12-14T19:15:23Z" user="NKA" uid="3497659" lat="59.8684277" lon="10.8776707"/>
 <node id="11418067936" visible="true" version="1" changeset="145124445" timestamp="2023-12-14T19:15:23Z" user="NKA" uid="3497659" lat="59.8684748" lon="10.8778766"/>
 <node id="11418067937" visible="true" version="1" changeset="145124445" timestamp="2023-12-14T19:15:23Z" user="NKA" uid="3497659" lat="59.8685007" lon="10.8780635"/>
 <node id="11418067938" visible="true" version="1" changeset="145124445" timestamp="2023-12-14T19:15:23Z" user="NKA" uid="3497659" lat="59.8685103" lon="10.8782383"/>
 <node id="11418067939" visible="true" version="1" changeset="145124445" timestamp="2023-12-14T19:15:23Z" user="NKA" uid="3497659" lat="59.8685147" lon="10.8785514"/>
 <node id="11418067940" visible="true" version="1" changeset="145124445" timestamp="2023-12-14T19:15:23Z" user="NKA" uid="3497659" lat="59.8685328" lon="10.8786862"/>
 <node id="11418067941" visible="true" version="1" changeset="145124445" timestamp="2023-12-14T19:15:23Z" user="NKA" uid="3497659" lat="59.8685613" lon="10.8788103"/>
 <node id="11418067942" visible="true" version="1" changeset="145124445" timestamp="2023-12-14T19:15:23Z" user="NKA" uid="3497659" lat="59.8686691" lon="10.8791511"/>
 <node id="11418067943" visible="true" version="1" changeset="145124445" timestamp="2023-12-14T19:15:23Z" user="NKA" uid="3497659" lat="59.8686291" lon="10.8888585"/>
 <node id="11418067944" visible="true" version="1" changeset="145124445" timestamp="2023-12-14T19:15:23Z" user="NKA" uid="3497659" lat="59.8700613" lon="10.8885771"/>
 <node id="11418067945" visible="true" version="1" changeset="145124445" timestamp="2023-12-14T19:15:23Z" user="NKA" uid="3497659" lat="59.8700706" lon="10.8884508"/>
 <node id="11418067946" visible="true" version="1" changeset="145124445" timestamp="2023-12-14T19:15:23Z" user="NKA" uid="3497659" lat="59.8700590" lon="10.8881395"/>
 <node id="11418067947" visible="true" version="1" changeset="145124445" timestamp="2023-12-14T19:15:23Z" user="NKA" uid="3497659" lat="59.8700555" lon="10.8877887"/>
 <node id="11418067948" visible="true" version="1" changeset="145124445" timestamp="2023-12-14T19:15:23Z" user="NKA" uid="3497659" lat="59.8700084" lon="10.8874762"/>
 <node id="11418067949" visible="true" version="1" changeset="145124445" timestamp="2023-12-14T19:15:23Z" user="NKA" uid="3497659" lat="59.8699731" lon="10.8870782"/>
 <node id="11418067950" visible="true" version="1" changeset="145124445" timestamp="2023-12-14T19:15:23Z" user="NKA" uid="3497659" lat="59.8699429" lon="10.8869363"/>
 <node id="11418067951" visible="true" version="1" changeset="145124445" timestamp="2023-12-14T19:15:23Z" user="NKA" uid="3497659" lat="59.8699020" lon="10.8867979"/>
 <node id="11418067952" visible="true" version="1" changeset="145124445" timestamp="2023-12-14T19:15:23Z" user="NKA" uid="3497659" lat="59.8698403" lon="10.8866550"/>
 <node id="11418067953" visible="true" version="1" changeset="145124445" timestamp="2023-12-14T19:15:23Z" user="NKA" uid="3497659" lat="59.8697236" lon="10.8864330"/>
 <node id="11418067954" visible="true" version="1" changeset="145124445" timestamp="2023-12-14T19:15:23Z" user="NKA" uid="3497659" lat="59.8696152" lon="10.8861734"/>
 <node id="11418067955" visible="true" version="1" changeset="145124445" timestamp="2023-12-14T19:15:23Z" user="NKA" uid="3497659" lat="59.8695674" lon="10.8860329"/>
 <node id="11418067956" visible="true" version="1" changeset="145124445" timestamp="2023-12-14T19:15:23Z" user="NKA" uid="3497659" lat="59.8695553" lon="10.8859671"/>
 <node id="11418067957" visible="true" version="1" changeset="145124445" timestamp="2023-12-14T19:15:23Z" user="NKA" uid="3497659" lat="59.8695492" lon="10.8856144"/>
 <node id="11418067958" visible="true" version="1" changeset="145124445" timestamp="2023-12-14T19:15:23Z" user="NKA" uid="3497659" lat="59.8695252" lon="10.8854534"/>
 <node id="11418067959" visible="true" version="1" changeset="145124445" timestamp="2023-12-14T19:15:23Z" user="NKA" uid="3497659" lat="59.8701367" lon="10.8843673"/>
 <node id="11418067960" visible="true" version="1" changeset="145124445" timestamp="2023-12-14T19:15:23Z" user="NKA" uid="3497659" lat="59.8753345" lon="10.8839204"/>
 <node id="11418067961" visible="true" version="1" changeset="145124445" timestamp="2023-12-14T19:15:23Z" user="NKA" uid="3497659" lat="59.8775022" lon="10.8821156"/>
 <node id="11418067962" visible="true" version="1" changeset="145124445" timestamp="2023-12-14T19:15:23Z" user="NKA" uid="3497659" lat="59.8777579" lon="10.8820096"/>
 <node id="11418067963" visible="true" version="1" changeset="145124445" timestamp="2023-12-14T19:15:23Z" user="NKA" uid="3497659" lat="59.8779310" lon="10.8820023"/>
 <node id="11418067964" visible="true" version="1" changeset="145124445" timestamp="2023-12-14T19:15:23Z" user="NKA" uid="3497659" lat="59.8783057" lon="10.8820544"/>
 <node id="11418067965" visible="true" version="1" changeset="145124445" timestamp="2023-12-14T19:15:23Z" user="NKA" uid="3497659" lat="59.8786966" lon="10.8820321"/>
 <node id="11418067966" visible="true" version="1" changeset="145124445" timestamp="2023-12-14T19:15:23Z" user="NKA" uid="3497659" lat="59.8787990" lon="10.8820465"/>
 <node id="11418067967" visible="true" version="1" changeset="145124445" timestamp="2023-12-14T19:15:23Z" user="NKA" uid="3497659" lat="59.8790991" lon="10.8821410"/>
 <node id="11418067968" visible="true" version="1" changeset="145124445" timestamp="2023-12-14T19:15:23Z" user="NKA" uid="3497659" lat="59.8797326" lon="10.8823761"/>
 <node id="11418067969" visible="true" version="1" changeset="145124445" timestamp="2023-12-14T19:15:23Z" user="NKA" uid="3497659" lat="59.8802199" lon="10.8825793"/>
 <node id="11418067970" visible="true" version="1" changeset="145124445" timestamp="2023-12-14T19:15:23Z" user="NKA" uid="3497659" lat="59.8803512" lon="10.8826082"/>
 <node id="11418067971" visible="true" version="1" changeset="145124445" timestamp="2023-12-14T19:15:23Z" user="NKA" uid="3497659" lat="59.8805149" lon="10.8825699"/>
 <node id="11418067972" visible="true" version="1" changeset="145124445" timestamp="2023-12-14T19:15:23Z" user="NKA" uid="3497659" lat="59.8808258" lon="10.8824247"/>
 <node id="11418067973" visible="true" version="1" changeset="145124445" timestamp="2023-12-14T19:15:23Z" user="NKA" uid="3497659" lat="59.8809976" lon="10.8823799"/>
 <node id="11418067974" visible="true" version="1" changeset="145124445" timestamp="2023-12-14T19:15:23Z" user="NKA" uid="3497659" lat="59.8810760" lon="10.8823715"/>
 <node id="11418067975" visible="true" version="1" changeset="145124445" timestamp="2023-12-14T19:15:23Z" user="NKA" uid="3497659" lat="59.8812798" lon="10.8823955"/>
 <node id="11418067976" visible="true" version="1" changeset="145124445" timestamp="2023-12-14T19:15:23Z" user="NKA" uid="3497659" lat="59.8814656" lon="10.8823910"/>
 <node id="11418067977" visible="true" version="1" changeset="145124445" timestamp="2023-12-14T19:15:23Z" user="NKA" uid="3497659" lat="59.8822643" lon="10.8822737"/>
 <node id="11418067978" visible="true" version="1" changeset="145124445" timestamp="2023-12-14T19:15:23Z" user="NKA" uid="3497659" lat="59.8823608" lon="10.8822710"/>
 <node id="11418067979" visible="true" version="1" changeset="145124445" timestamp="2023-12-14T19:15:23Z" user="NKA" uid="3497659" lat="59.8824847" lon="10.8823035"/>
 <node id="11418067980" visible="true" version="1" changeset="145124445" timestamp="2023-12-14T19:15:23Z" user="NKA" uid="3497659" lat="59.8828586" lon="10.8825207"/>
 <node id="11418067981" visible="true" version="1" changeset="145124445" timestamp="2023-12-14T19:15:23Z" user="NKA" uid="3497659" lat="59.8831059" lon="10.8826278"/>
 <node id="11418067982" visible="true" version="1" changeset="145124445" timestamp="2023-12-14T19:15:23Z" user="NKA" uid="3497659" lat="59.8833204" lon="10.8826918"/>
 <node id="11418067983" visible="true" version="1" changeset="145124445" timestamp="2023-12-14T19:15:23Z" user="NKA" uid="3497659" lat="59.8835927" lon="10.8827179"/>
 <node id="11418067984" visible="true" version="1" changeset="145124445" timestamp="2023-12-14T19:15:23Z" user="NKA" uid="3497659" lat="59.8840058" lon="10.8826962"/>
 <node id="11418067985" visible="true" version="1" changeset="145124445" timestamp="2023-12-14T19:15:23Z" user="NKA" uid="3497659" lat="59.8842552" lon="10.8826610"/>
 <node id="11418067986" visible="true" version="1" changeset="145124445" timestamp="2023-12-14T19:15:23Z" user="NKA" uid="3497659" lat="59.8845757" lon="10.8825439"/>
 <node id="11418067987" visible="true" version="1" changeset="145124445" timestamp="2023-12-14T19:15:23Z" user="NKA" uid="3497659" lat="59.8849087" lon="10.8823357"/>
 <node id="11418067988" visible="true" version="1" changeset="145124445" timestamp="2023-12-14T19:15:23Z" user="NKA" uid="3497659" lat="59.8849713" lon="10.8823125"/>
 <node id="11418067989" visible="true" version="1" changeset="145124445" timestamp="2023-12-14T19:15:23Z" user="NKA" uid="3497659" lat="59.8850569" lon="10.8823057"/>
 <node id="11418067990" visible="true" version="1" changeset="145124445" timestamp="2023-12-14T19:15:23Z" user="NKA" uid="3497659" lat="59.8854310" lon="10.8823421"/>
 <node id="11418067991" visible="true" version="1" changeset="145124445" timestamp="2023-12-14T19:15:23Z" user="NKA" uid="3497659" lat="59.8862418" lon="10.8825473"/>
 <node id="11418067992" visible="true" version="1" changeset="145124445" timestamp="2023-12-14T19:15:23Z" user="NKA" uid="3497659" lat="59.8864226" lon="10.8825733"/>
 <node id="11418067993" visible="true" version="1" changeset="145124445" timestamp="2023-12-14T19:15:23Z" user="NKA" uid="3497659" lat="59.8865103" lon="10.8825473"/>
 <node id="11418067994" visible="true" version="1" changeset="145124445" timestamp="2023-12-14T19:15:23Z" user="NKA" uid="3497659" lat="59.8866620" lon="10.8824301"/>
 <node id="11418067995" visible="true" version="1" changeset="145124445" timestamp="2023-12-14T19:15:23Z" user="NKA" uid="3497659" lat="59.8867573" lon="10.8823309"/>
 <node id="11418067996" visible="true" version="1" changeset="145124445" timestamp="2023-12-14T19:15:23Z" user="NKA" uid="3497659" lat="59.8868544" lon="10.8821935"/>
 <node id="11418067997" visible="true" version="1" changeset="145124445" timestamp="2023-12-14T19:15:23Z" user="NKA" uid="3497659" lat="59.8869332" lon="10.8821041"/>
 <node id="11418067998" visible="true" version="1" changeset="145124445" timestamp="2023-12-14T19:15:23Z" user="NKA" uid="3497659" lat="59.8871493" lon="10.8819983"/>
 <node id="11418068663" visible="true" version="1" changeset="145124445" timestamp="2023-12-14T19:15:23Z" user="NKA" uid="3497659" lat="59.8373225" lon="10.9000310"/>
 <node id="11635094758" visible="true" version="1" changeset="147580727" timestamp="2024-02-17T17:17:55Z" user="Tractor" uid="395141" lat="59.8956595" lon="10.8578946"/>
 <node id="11635094759" visible="true" version="1" changeset="147580727" timestamp="2024-02-17T17:17:55Z" user="Tractor" uid="395141" lat="59.8956279" lon="10.8578865"/>
 <node id="11635094760" visible="true" version="1" changeset="147580727" timestamp="2024-02-17T17:17:55Z" user="Tractor" uid="395141" lat="59.8956979" lon="10.8578235"/>
 <node id="11635094761" visible="true" version="1" changeset="147580727" timestamp="2024-02-17T17:17:55Z" user="Tractor" uid="395141" lat="59.8955876" lon="10.8577390"/>
 <node id="11635094762" visible="true" version="1" changeset="147580727" timestamp="2024-02-17T17:17:55Z" user="Tractor" uid="395141" lat="59.8956938" lon="10.8575767"/>
 <node id="11635094763" visible="true" version="1" changeset="147580727" timestamp="2024-02-17T17:17:55Z" user="Tractor" uid="395141" lat="59.8956071" lon="10.8575807"/>
 <node id="11635094764" visible="true" version="1" changeset="147580727" timestamp="2024-02-17T17:17:55Z" user="Tractor" uid="395141" lat="59.8956239" lon="10.8574440"/>
 <node id="11635205318" visible="true" version="1" changeset="147581106" timestamp="2024-02-17T17:29:06Z" user="Tractor" uid="395141" lat="59.8958358" lon="10.8576760"/>
 <node id="11868682649" visible="true" version="1" changeset="150701096" timestamp="2024-04-30T10:49:02Z" user="harahu" uid="10233897" lat="59.9025352" lon="10.8744361"/>
 <node id="11868682650" visible="true" version="1" changeset="150701096" timestamp="2024-04-30T10:49:02Z" user="harahu" uid="10233897" lat="59.9023920" lon="10.8744489"/>
 <node id="11868682651" visible="true" version="1" changeset="150701096" timestamp="2024-04-30T10:49:02Z" user="harahu" uid="10233897" lat="59.9019212" lon="10.8753418"/>
 <node id="11868682652" visible="true" version="1" changeset="150701096" timestamp="2024-04-30T10:49:02Z" user="harahu" uid="10233897" lat="59.9021886" lon="10.8753994"/>
 <node id="11868682653" visible="true" version="1" changeset="150701096" timestamp="2024-04-30T10:49:02Z" user="harahu" uid="10233897" lat="59.9030754" lon="10.8750846"/>
 <node id="11868682654" visible="true" version="1" changeset="150701096" timestamp="2024-04-30T10:49:02Z" user="harahu" uid="10233897" lat="59.9035847" lon="10.8747854"/>
 <node id="11868682655" visible="true" version="1" changeset="150701096" timestamp="2024-04-30T10:49:02Z" user="harahu" uid="10233897" lat="59.9038876" lon="10.8733383"/>
 <node id="11868717671" visible="true" version="1" changeset="150701096" timestamp="2024-04-30T10:49:02Z" user="harahu" uid="10233897" lat="59.9144346" lon="10.8726710"/>
 <node id="11868717672" visible="true" version="1" changeset="150701096" timestamp="2024-04-30T10:49:02Z" user="harahu" uid="10233897" lat="59.9143585" lon="10.8726432"/>
 <node id="11869036524" visible="true" version="1" changeset="150707356" timestamp="2024-04-30T13:06:26Z" user="harahu" uid="10233897" lat="59.9037037" lon="10.8768295"/>
 <node id="11869036525" visible="true" version="1" changeset="150707356" timestamp="2024-04-30T13:06:26Z" user="harahu" uid="10233897" lat="59.9038744" lon="10.8767908"/>
 <node id="11869036526" visible="true" version="1" changeset="150707356" timestamp="2024-04-30T13:06:26Z" user="harahu" uid="10233897" lat="59.9039488" lon="10.8768616"/>
 <node id="11869036527" visible="true" version="1" changeset="150707356" timestamp="2024-04-30T13:06:26Z" user="harahu" uid="10233897" lat="59.9042225" lon="10.8768961"/>
 <node id="11869036528" visible="true" version="1" changeset="150707356" timestamp="2024-04-30T13:06:26Z" user="harahu" uid="10233897" lat="59.9047744" lon="10.8769988"/>
 <node id="11869036529" visible="true" version="1" changeset="150707356" timestamp="2024-04-30T13:06:26Z" user="harahu" uid="10233897" lat="59.9049510" lon="10.8769166"/>
 <node id="11869036530" visible="true" version="1" changeset="150707356" timestamp="2024-04-30T13:06:26Z" user="harahu" uid="10233897" lat="59.9054906" lon="10.8768301"/>
 <node id="11869036531" visible="true" version="1" changeset="150707356" timestamp="2024-04-30T13:06:26Z" user="harahu" uid="10233897" lat="59.9059997" lon="10.8767335"/>
 <node id="11869036532" visible="true" version="1" changeset="150707356" timestamp="2024-04-30T13:06:26Z" user="harahu" uid="10233897" lat="59.9064430" lon="10.8764776"/>
 <node id="11869036533" visible="true" version="1" changeset="150707356" timestamp="2024-04-30T13:06:26Z" user="harahu" uid="10233897" lat="59.9070537" lon="10.8763762"/>
 <node id="11869036534" visible="true" version="1" changeset="150707356" timestamp="2024-04-30T13:06:26Z" user="harahu" uid="10233897" lat="59.9074378" lon="10.8766308"/>
 <node id="11869036535" visible="true" version="1" changeset="150707356" timestamp="2024-04-30T13:06:26Z" user="harahu" uid="10233897" lat="59.9076320" lon="10.8767055"/>
 <node id="11869036536" visible="true" version="1" changeset="150707356" timestamp="2024-04-30T13:06:26Z" user="harahu" uid="10233897" lat="59.9077596" lon="10.8768548"/>
 <node id="11869036537" visible="true" version="1" changeset="150707356" timestamp="2024-04-30T13:06:26Z" user="harahu" uid="10233897" lat="59.9079286" lon="10.8768253"/>
 <node id="11869036538" visible="true" version="1" changeset="150707356" timestamp="2024-04-30T13:06:26Z" user="harahu" uid="10233897" lat="59.9082843" lon="10.8772328"/>
 <node id="11869036539" visible="true" version="1" changeset="150707356" timestamp="2024-04-30T13:06:26Z" user="harahu" uid="10233897" lat="59.9086128" lon="10.8777100"/>
 <node id="11869036540" visible="true" version="1" changeset="150707356" timestamp="2024-04-30T13:06:26Z" user="harahu" uid="10233897" lat="59.9092391" lon="10.8781718"/>
 <node id="11869036541" visible="true" version="1" changeset="150707356" timestamp="2024-04-30T13:06:26Z" user="harahu" uid="10233897" lat="59.9093929" lon="10.8780856"/>
 <node id="11869036542" visible="true" version="1" changeset="150707356" timestamp="2024-04-30T13:06:26Z" user="harahu" uid="10233897" lat="59.9093217" lon="10.8781695"/>
 <node id="11869036543" visible="true" version="1" changeset="150707356" timestamp="2024-04-30T13:06:26Z" user="harahu" uid="10233897" lat="59.9111778" lon="10.8782737"/>
 <node id="11869036544" visible="true" version="1" changeset="150707356" timestamp="2024-04-30T13:06:26Z" user="harahu" uid="10233897" lat="59.9110402" lon="10.8781476"/>
 <node id="11869036545" visible="true" version="1" changeset="150707356" timestamp="2024-04-30T13:06:26Z" user="harahu" uid="10233897" lat="59.9099340" lon="10.8779412"/>
 <node id="11869036546" visible="true" version="1" changeset="150707356" timestamp="2024-04-30T13:06:26Z" user="harahu" uid="10233897" lat="59.9097679" lon="10.8780135"/>
 <node id="11869036547" visible="true" version="1" changeset="150707356" timestamp="2024-04-30T13:06:26Z" user="harahu" uid="10233897" lat="59.9096033" lon="10.8782817"/>
 <node id="11869036548" visible="true" version="1" changeset="150707356" timestamp="2024-04-30T13:06:26Z" user="harahu" uid="10233897" lat="59.9096865" lon="10.8783824"/>
 <node id="11869036549" visible="true" version="1" changeset="150707356" timestamp="2024-04-30T13:06:26Z" user="harahu" uid="10233897" lat="59.9100204" lon="10.8784661"/>
 <node id="11869036550" visible="true" version="1" changeset="150707356" timestamp="2024-04-30T13:06:26Z" user="harahu" uid="10233897" lat="59.9103766" lon="10.8783759"/>
 <node id="11869036551" visible="true" version="1" changeset="150707356" timestamp="2024-04-30T13:06:26Z" user="harahu" uid="10233897" lat="59.9105761" lon="10.8784963"/>
 <node id="11869036552" visible="true" version="1" changeset="150707356" timestamp="2024-04-30T13:06:26Z" user="harahu" uid="10233897" lat="59.9106909" lon="10.8784975"/>
 <node id="11869036553" visible="true" version="1" changeset="150707356" timestamp="2024-04-30T13:06:26Z" user="harahu" uid="10233897" lat="59.9108492" lon="10.8785973"/>
 <node id="11869036554" visible="true" version="1" changeset="150707356" timestamp="2024-04-30T13:06:26Z" user="harahu" uid="10233897" lat="59.9109935" lon="10.8784854"/>
 <node id="11869036555" visible="true" version="1" changeset="150707356" timestamp="2024-04-30T13:06:26Z" user="harahu" uid="10233897" lat="59.9111495" lon="10.8784945"/>
 <node id="11869036556" visible="true" version="1" changeset="150707356" timestamp="2024-04-30T13:06:26Z" user="harahu" uid="10233897" lat="59.9117082" lon="10.8790030"/>
 <node id="11869036557" visible="true" version="1" changeset="150707356" timestamp="2024-04-30T13:06:26Z" user="harahu" uid="10233897" lat="59.9114505" lon="10.8786383"/>
 <node id="11869036558" visible="true" version="1" changeset="150707356" timestamp="2024-04-30T13:06:26Z" user="harahu" uid="10233897" lat="59.9120407" lon="10.8797434"/>
 <node id="11869036559" visible="true" version="1" changeset="150707356" timestamp="2024-04-30T13:06:26Z" user="harahu" uid="10233897" lat="59.9119288" lon="10.8794353"/>
 <node id="11869036560" visible="true" version="1" changeset="150707356" timestamp="2024-04-30T13:06:26Z" user="harahu" uid="10233897" lat="59.9143017" lon="10.8817257"/>
 <node id="11869036561" visible="true" version="1" changeset="150707356" timestamp="2024-04-30T13:06:26Z" user="harahu" uid="10233897" lat="59.9131133" lon="10.8808603"/>
 <node id="11869036562" visible="true" version="1" changeset="150707356" timestamp="2024-04-30T13:06:26Z" user="harahu" uid="10233897" lat="59.9127046" lon="10.8802905"/>
 <node id="11869036563" visible="true" version="1" changeset="150707356" timestamp="2024-04-30T13:06:26Z" user="harahu" uid="10233897" lat="59.9123314" lon="10.8804377"/>
 <node id="11869036564" visible="true" version="1" changeset="150707356" timestamp="2024-04-30T13:06:26Z" user="harahu" uid="10233897" lat="59.9124981" lon="10.8806998"/>
 <node id="11869036565" visible="true" version="1" changeset="150707356" timestamp="2024-04-30T13:06:26Z" user="harahu" uid="10233897" lat="59.9126657" lon="10.8808732"/>
 <node id="11869036566" visible="true" version="1" changeset="150707356" timestamp="2024-04-30T13:06:26Z" user="harahu" uid="10233897" lat="59.9128240" lon="10.8811424"/>
 <node id="11869036567" visible="true" version="1" changeset="150707356" timestamp="2024-04-30T13:06:26Z" user="harahu" uid="10233897" lat="59.9131403" lon="10.8812116"/>
 <node id="11869036568" visible="true" version="1" changeset="150707356" timestamp="2024-04-30T13:06:26Z" user="harahu" uid="10233897" lat="59.9134459" lon="10.8815609"/>
 <node id="11869036969" visible="true" version="1" changeset="150707356" timestamp="2024-04-30T13:06:26Z" user="harahu" uid="10233897" lat="59.9136244" lon="10.8817648"/>
 <node id="11869036970" visible="true" version="1" changeset="150707356" timestamp="2024-04-30T13:06:26Z" user="harahu" uid="10233897" lat="59.9139106" lon="10.8818444"/>
 <node id="11869036971" visible="true" version="1" changeset="150707356" timestamp="2024-04-30T13:06:26Z" user="harahu" uid="10233897" lat="59.9142075" lon="10.8818075"/>
 <node id="11869036972" visible="true" version="1" changeset="150707356" timestamp="2024-04-30T13:06:26Z" user="harahu" uid="10233897" lat="59.9143831" lon="10.8817906"/>
 <node id="11869036973" visible="true" version="1" changeset="150707356" timestamp="2024-04-30T13:06:26Z" user="harahu" uid="10233897" lat="59.9155406" lon="10.8825655"/>
 <node id="11869036974" visible="true" version="1" changeset="150707356" timestamp="2024-04-30T13:06:26Z" user="harahu" uid="10233897" lat="59.9159932" lon="10.8824029"/>
 <node id="12597939560" visible="true" version="1" changeset="162651316" timestamp="2025-02-18T09:08:24Z" user="ccamfwfwtn" uid="1883123" lat="59.9073840" lon="10.8547172"/>
 <node id="12603484271" visible="true" version="1" changeset="162732042" timestamp="2025-02-20T09:32:41Z" user="ccamfwfwtn" uid="1883123" lat="59.9154229" lon="10.8598924"/>
 <node id="12603553047" visible="true" version="1" changeset="162732042" timestamp="2025-02-20T09:32:41Z" user="ccamfwfwtn" uid="1883123" lat="59.9169142" lon="10.8628455"/>
 <node id="12603770741" visible="true" version="1" changeset="162738309" timestamp="2025-02-20T12:14:41Z" user="ccamfwfwtn" uid="1883123" lat="59.9114747" lon="10.8547929"/>
 <node id="12943310774" visible="true" version="1" changeset="167921844" timestamp="2025-06-21T16:44:24Z" user="LandskapsLars" uid="22387387" lat="59.9196629" lon="10.8771744">
  <tag k="location" v="underwater"/>
  <tag k="man_made" v="water_intake"/>
 </node>
 <node id="13192306724" visible="true" version="1" changeset="172826624" timestamp="2025-10-04T11:29:24Z" user="Marius Løkken" uid="20041403" lat="59.9104022" lon="10.8829917"/>
 <node id="13192306725" visible="true" version="1" changeset="172826624" timestamp="2025-10-04T11:29:24Z" user="Marius Løkken" uid="20041403" lat="59.9101447" lon="10.8831344"/>
 <node id="13192306726" visible="true" version="1" changeset="172826624" timestamp="2025-10-04T11:29:24Z" user="Marius Løkken" uid="20041403" lat="59.9099157" lon="10.8832344"/>
 <node id="13192306727" visible="true" version="1" changeset="172826624" timestamp="2025-10-04T11:29:24Z" user="Marius Løkken" uid="20041403" lat="59.9097441" lon="10.8831388"/>
 <node id="13192306728" visible="true" version="1" changeset="172826624" timestamp="2025-10-04T11:29:24Z" user="Marius Løkken" uid="20041403" lat="59.9095189" lon="10.8831043"/>
 <node id="13192306729" visible="true" version="1" changeset="172826624" timestamp="2025-10-04T11:29:24Z" user="Marius Løkken" uid="20041403" lat="59.9091030" lon="10.8830085"/>
 <node id="13192306730" visible="true" version="1" changeset="172826624" timestamp="2025-10-04T11:29:24Z" user="Marius Løkken" uid="20041403" lat="59.9087787" lon="10.8829459"/>
 <node id="13192306731" visible="true" version="1" changeset="172826624" timestamp="2025-10-04T11:29:24Z" user="Marius Løkken" uid="20041403" lat="59.9085516" lon="10.8828824"/>
 <node id="13192306732" visible="true" version="1" changeset="172826624" timestamp="2025-10-04T11:29:24Z" user="Marius Løkken" uid="20041403" lat="59.9081219" lon="10.8825765"/>
 <node id="13192306733" visible="true" version="1" changeset="172826624" timestamp="2025-10-04T11:29:24Z" user="Marius Løkken" uid="20041403" lat="59.9079499" lon="10.8822918"/>
 <node id="13192306734" visible="true" version="1" changeset="172826624" timestamp="2025-10-04T11:29:24Z" user="Marius Løkken" uid="20041403" lat="59.9078041" lon="10.8820488"/>
 <node id="13192306735" visible="true" version="1" changeset="172826624" timestamp="2025-10-04T11:29:24Z" user="Marius Løkken" uid="20041403" lat="59.9076281" lon="10.8818912"/>
 <node id="13192306736" visible="true" version="1" changeset="172826624" timestamp="2025-10-04T11:29:24Z" user="Marius Løkken" uid="20041403" lat="59.9074354" lon="10.8817464"/>
 <node id="13192306737" visible="true" version="1" changeset="172826624" timestamp="2025-10-04T11:29:24Z" user="Marius Løkken" uid="20041403" lat="59.9072126" lon="10.8816587"/>
 <node id="13192306738" visible="true" version="1" changeset="172826624" timestamp="2025-10-04T11:29:24Z" user="Marius Løkken" uid="20041403" lat="59.9068324" lon="10.8816638"/>
 <node id="13192306739" visible="true" version="1" changeset="172826624" timestamp="2025-10-04T11:29:24Z" user="Marius Løkken" uid="20041403" lat="59.9065421" lon="10.8815991"/>
 <node id="13192306740" visible="true" version="1" changeset="172826624" timestamp="2025-10-04T11:29:24Z" user="Marius Løkken" uid="20041403" lat="59.9062823" lon="10.8814538"/>
 <node id="13192306741" visible="true" version="1" changeset="172826624" timestamp="2025-10-04T11:29:24Z" user="Marius Løkken" uid="20041403" lat="59.9059439" lon="10.8805365"/>
 <node id="13192306742" visible="true" version="1" changeset="172826624" timestamp="2025-10-04T11:29:24Z" user="Marius Løkken" uid="20041403" lat="59.9057118" lon="10.8800921"/>
 <node id="13192306743" visible="true" version="1" changeset="172826624" timestamp="2025-10-04T11:29:24Z" user="Marius Løkken" uid="20041403" lat="59.9053737" lon="10.8799184"/>
 <node id="13192306744" visible="true" version="1" changeset="172826624" timestamp="2025-10-04T11:29:24Z" user="Marius Løkken" uid="20041403" lat="59.9051032" lon="10.8798377"/>
 <node id="13192306745" visible="true" version="1" changeset="172826624" timestamp="2025-10-04T11:29:24Z" user="Marius Løkken" uid="20041403" lat="59.9046494" lon="10.8795544"/>
 <node id="13192306746" visible="true" version="1" changeset="172826624" timestamp="2025-10-04T11:29:24Z" user="Marius Løkken" uid="20041403" lat="59.9042586" lon="10.8792676"/>
 <node id="13192306747" visible="true" version="1" changeset="172826624" timestamp="2025-10-04T11:29:24Z" user="Marius Løkken" uid="20041403" lat="59.9039223" lon="10.8786923"/>
 <node id="13192306748" visible="true" version="1" changeset="172826624" timestamp="2025-10-04T11:29:24Z" user="Marius Løkken" uid="20041403" lat="59.9038012" lon="10.8785206"/>
 <node id="13192306749" visible="true" version="1" changeset="172826624" timestamp="2025-10-04T11:29:24Z" user="Marius Løkken" uid="20041403" lat="59.9036900" lon="10.8784168"/>
 <node id="13192306750" visible="true" version="1" changeset="172826624" timestamp="2025-10-04T11:29:24Z" user="Marius Løkken" uid="20041403" lat="59.9035192" lon="10.8782537"/>
 <node id="13192306751" visible="true" version="1" changeset="172826624" timestamp="2025-10-04T11:29:24Z" user="Marius Løkken" uid="20041403" lat="59.9031359" lon="10.8781767"/>
 <node id="13192306752" visible="true" version="1" changeset="172826624" timestamp="2025-10-04T11:29:24Z" user="Marius Løkken" uid="20041403" lat="59.9026305" lon="10.8780312"/>
 <node id="13192306753" visible="true" version="1" changeset="172826624" timestamp="2025-10-04T11:29:24Z" user="Marius Løkken" uid="20041403" lat="59.9023007" lon="10.8779264"/>
 <node id="13192306754" visible="true" version="1" changeset="172826624" timestamp="2025-10-04T11:29:24Z" user="Marius Løkken" uid="20041403" lat="59.9019694" lon="10.8777108"/>
 <node id="13192306755" visible="true" version="1" changeset="172826624" timestamp="2025-10-04T11:29:24Z" user="Marius Løkken" uid="20041403" lat="59.9018389" lon="10.8776127"/>
 <node id="13192306756" visible="true" version="1" changeset="172826624" timestamp="2025-10-04T11:29:24Z" user="Marius Løkken" uid="20041403" lat="59.9016472" lon="10.8774177"/>
 <node id="13192306757" visible="true" version="1" changeset="172826624" timestamp="2025-10-04T11:29:24Z" user="Marius Løkken" uid="20041403" lat="59.9014625" lon="10.8771585"/>
 <node id="13192306758" visible="true" version="1" changeset="172826624" timestamp="2025-10-04T11:29:24Z" user="Marius Løkken" uid="20041403" lat="59.9048741" lon="10.8796947"/>
 <node id="13192306759" visible="true" version="1" changeset="172826624" timestamp="2025-10-04T11:29:24Z" user="Marius Løkken" uid="20041403" lat="59.9082176" lon="10.8826446"/>
 <node id="13367446146" visible="true" version="1" changeset="175765270" timestamp="2025-12-10T15:33:14Z" user="LandskapsLars" uid="22387387" lat="59.9111954" lon="10.8767969"/>
 <node id="13367446147" visible="true" version="1" changeset="175765270" timestamp="2025-12-10T15:33:14Z" user="LandskapsLars" uid="22387387" lat="59.9066114" lon="10.8753225"/>
 <node id="13367446148" visible="true" version="1" changeset="175765270" timestamp="2025-12-10T15:33:14Z" user="LandskapsLars" uid="22387387" lat="59.9045100" lon="10.8763574"/>
 <node id="13367446149" visible="true" version="1" changeset="175765270" timestamp="2025-12-10T15:33:14Z" user="LandskapsLars" uid="22387387" lat="59.9063635" lon="10.8822546"/>
 <node id="13367446150" visible="true" version="1" changeset="175765270" timestamp="2025-12-10T15:33:14Z" user="LandskapsLars" uid="22387387" lat="59.9060114" lon="10.8817241"/>
 <node id="13367446151" visible="true" version="1" changeset="175765270" timestamp="2025-12-10T15:33:14Z" user="LandskapsLars" uid="22387387" lat="59.9055601" lon="10.8814761"/>
 <node id="13367446152" visible="true" version="1" changeset="175765270" timestamp="2025-12-10T15:33:14Z" user="LandskapsLars" uid="22387387" lat="59.9049517" lon="10.8814323"/>
 <node id="13367446153" visible="true" version="1" changeset="175765270" timestamp="2025-12-10T15:33:14Z" user="LandskapsLars" uid="22387387" lat="59.9043822" lon="10.8812745"/>
 <node id="13367446154" visible="true" version="1" changeset="175765270" timestamp="2025-12-10T15:33:14Z" user="LandskapsLars" uid="22387387" lat="59.9041596" lon="10.8807270"/>
 <node id="13367446155" visible="true" version="1" changeset="175765270" timestamp="2025-12-10T15:33:14Z" user="LandskapsLars" uid="22387387" lat="59.9035149" lon="10.8800448"/>
 <node id="13367446156" visible="true" version="1" changeset="175765270" timestamp="2025-12-10T15:33:14Z" user="LandskapsLars" uid="22387387" lat="59.9034893" lon="10.8796242"/>
 <node id="13367446157" visible="true" version="1" changeset="175765270" timestamp="2025-12-10T15:33:14Z" user="LandskapsLars" uid="22387387" lat="59.9036828" lon="10.8792492"/>
 <node id="13367446158" visible="true" version="1" changeset="175765270" timestamp="2025-12-10T15:33:14Z" user="LandskapsLars" uid="22387387" lat="59.9037281" lon="10.8791008"/>
 <node id="13367446159" visible="true" version="1" changeset="175765270" timestamp="2025-12-10T15:33:14Z" user="LandskapsLars" uid="22387387" lat="59.9036793" lon="10.8789340"/>
 <node id="13367446160" visible="true" version="1" changeset="175765270" timestamp="2025-12-10T15:33:14Z" user="LandskapsLars" uid="22387387" lat="59.9029740" lon="10.8787810"/>
 <node id="13367446161" visible="true" version="1" changeset="175765270" timestamp="2025-12-10T15:33:14Z" user="LandskapsLars" uid="22387387" lat="59.9021101" lon="10.8785077"/>
 <node id="13367446162" visible="true" version="1" changeset="175765270" timestamp="2025-12-10T15:33:14Z" user="LandskapsLars" uid="22387387" lat="59.9020800" lon="10.8781516"/>
 <node id="13367446163" visible="true" version="1" changeset="175765270" timestamp="2025-12-10T15:33:14Z" user="LandskapsLars" uid="22387387" lat="59.9023020" lon="10.8774472"/>
 <node id="13367446164" visible="true" version="1" changeset="175765270" timestamp="2025-12-10T15:33:14Z" user="LandskapsLars" uid="22387387" lat="59.9023698" lon="10.8769927"/>
 <node id="13367446165" visible="true" version="1" changeset="175765270" timestamp="2025-12-10T15:33:14Z" user="LandskapsLars" uid="22387387" lat="59.9022718" lon="10.8765769"/>
 <node id="13367446166" visible="true" version="1" changeset="175765270" timestamp="2025-12-10T15:33:14Z" user="LandskapsLars" uid="22387387" lat="59.9028591" lon="10.8776657"/>
 <node id="13367446167" visible="true" version="1" changeset="175765270" timestamp="2025-12-10T15:33:14Z" user="LandskapsLars" uid="22387387" lat="59.9034825" lon="10.8775551"/>
 <node id="13367446168" visible="true" version="1" changeset="175765270" timestamp="2025-12-10T15:33:14Z" user="LandskapsLars" uid="22387387" lat="59.9035945" lon="10.8774244"/>
 <node id="13367446169" visible="true" version="1" changeset="175765270" timestamp="2025-12-10T15:33:14Z" user="LandskapsLars" uid="22387387" lat="59.9035497" lon="10.8769674"/>
 <node id="13367446170" visible="true" version="1" changeset="175765270" timestamp="2025-12-10T15:33:14Z" user="LandskapsLars" uid="22387387" lat="59.9034892" lon="10.8765520"/>
 <way id="4956514" visible="true" version="14" changeset="167921844" timestamp="2025-06-21T16:44:24Z" user="LandskapsLars" uid="22387387">
  <nd ref="32694407"/>
  <nd ref="11094496523"/>
  <nd ref="11094496522"/>
  <nd ref="11094496526"/>
  <nd ref="11094496525"/>
  <nd ref="11094496524"/>
  <nd ref="32694506"/>
  <nd ref="11094496527"/>
  <nd ref="11094496528"/>
  <nd ref="11094496529"/>
  <nd ref="32694505"/>
  <nd ref="11094496533"/>
  <nd ref="11094496530"/>
  <nd ref="11094496532"/>
  <nd ref="11094496531"/>
  <nd ref="11094496538"/>
  <nd ref="11094496537"/>
  <nd ref="11094496534"/>
  <nd ref="11094496536"/>
  <nd ref="11094496535"/>
  <nd ref="32694504"/>
  <nd ref="11094496539"/>
  <nd ref="11094496541"/>
  <nd ref="11094496540"/>
  <nd ref="11094496542"/>
  <nd ref="32694503"/>
  <nd ref="11094496544"/>
  <nd ref="11094496545"/>
  <nd ref="11094496543"/>
  <nd ref="11094496549"/>
  <nd ref="11094496546"/>
  <nd ref="11094496548"/>
  <nd ref="11094496547"/>
  <nd ref="32694502"/>
  <nd ref="11094496555"/>
  <nd ref="11094496556"/>
  <nd ref="11094496553"/>
  <nd ref="11094496554"/>
  <nd ref="11094496552"/>
  <nd ref="11094496550"/>
  <nd ref="11094496551"/>
  <nd ref="32694500"/>
  <nd ref="11094496557"/>
  <nd ref="11094496560"/>
  <nd ref="11094496558"/>
  <nd ref="11094496559"/>
  <nd ref="32694499"/>
  <nd ref="11094496561"/>
  <nd ref="11094496563"/>
  <nd ref="11094496562"/>
  <nd ref="11094496567"/>
  <nd ref="32694498"/>
  <nd ref="11094496564"/>
  <nd ref="11094496566"/>
  <nd ref="11094496565"/>
  <nd ref="11094496573"/>
  <nd ref="11094496569"/>
  <nd ref="11094496568"/>
  <nd ref="11094496572"/>
  <nd ref="11094496570"/>
  <nd ref="11094496571"/>
  <nd ref="32694497"/>
  <nd ref="11094496576"/>
  <nd ref="11094496577"/>
  <nd ref="11094496574"/>
  <nd ref="11094496575"/>
  <nd ref="32694496"/>
  <nd ref="11094496580"/>
  <nd ref="11094496581"/>
  <nd ref="11094496578"/>
  <nd ref="11094496579"/>
  <nd ref="32694495"/>
  <nd ref="11094496582"/>
  <nd ref="11094496583"/>
  <nd ref="32694494"/>
  <nd ref="11094496587"/>
  <nd ref="11094496584"/>
  <nd ref="11094496585"/>
  <nd ref="11094496586"/>
  <nd ref="32694493"/>
  <nd ref="11094496590"/>
  <nd ref="11094496588"/>
  <nd ref="11094496589"/>
  <nd ref="11094496591"/>
  <nd ref="11094496596"/>
  <nd ref="11094496594"/>
  <nd ref="11094496592"/>
  <nd ref="11094496593"/>
  <nd ref="11094496595"/>
  <nd ref="32694492"/>
  <nd ref="11094496598"/>
  <nd ref="11094496597"/>
  <nd ref="11094496600"/>
  <nd ref="11094496599"/>
  <nd ref="32694491"/>
  <nd ref="11094496604"/>
  <nd ref="11094496601"/>
  <nd ref="11094496602"/>
  <nd ref="11094496603"/>
  <nd ref="32694490"/>
  <nd ref="11094496605"/>
  <nd ref="11094496606"/>
  <nd ref="11094496607"/>
  <nd ref="11094496610"/>
  <nd ref="11094496608"/>
  <nd ref="11094496609"/>
  <nd ref="932489979"/>
  <nd ref="32694489"/>
  <nd ref="11094496611"/>
  <nd ref="11094496614"/>
  <nd ref="11094496613"/>
  <nd ref="1077844060"/>
  <nd ref="11094496612"/>
  <nd ref="11094496615"/>
  <nd ref="11094496617"/>
  <nd ref="11094496616"/>
  <nd ref="932489978"/>
  <nd ref="11094496618"/>
  <nd ref="11094496619"/>
  <nd ref="32694488"/>
  <nd ref="11094496620"/>
  <nd ref="11094496621"/>
  <nd ref="11094496622"/>
  <nd ref="11094496623"/>
  <nd ref="11094496624"/>
  <nd ref="11094496628"/>
  <nd ref="11094496625"/>
  <nd ref="11094496626"/>
  <nd ref="11094496627"/>
  <nd ref="32694487"/>
  <nd ref="11094496630"/>
  <nd ref="11094496629"/>
  <nd ref="11094496631"/>
  <nd ref="11094496633"/>
  <nd ref="11094496632"/>
  <nd ref="32694486"/>
  <nd ref="11094496636"/>
  <nd ref="11094496635"/>
  <nd ref="11094496634"/>
  <nd ref="32694485"/>
  <nd ref="11094496637"/>
  <nd ref="11094496647"/>
  <nd ref="11094496638"/>
  <nd ref="11094496643"/>
  <nd ref="11094496639"/>
  <nd ref="11094496640"/>
  <nd ref="11094496641"/>
  <nd ref="11094496642"/>
  <nd ref="11094496648"/>
  <nd ref="11094496644"/>
  <nd ref="11094496645"/>
  <nd ref="32694484"/>
  <nd ref="11094496646"/>
  <nd ref="11094496652"/>
  <nd ref="11094496649"/>
  <nd ref="11094496651"/>
  <nd ref="11094496650"/>
  <nd ref="11094496659"/>
  <nd ref="11094496653"/>
  <nd ref="11094496654"/>
  <nd ref="11094496658"/>
  <nd ref="11094496655"/>
  <nd ref="11094496656"/>
  <nd ref="11094496657"/>
  <nd ref="32694483"/>
  <nd ref="11094496660"/>
  <nd ref="11094496661"/>
  <nd ref="11094496669"/>
  <nd ref="11094496662"/>
  <nd ref="11094496668"/>
  <nd ref="11094496664"/>
  <nd ref="11094496663"/>
  <nd ref="11094496667"/>
  <nd ref="11094496672"/>
  <nd ref="11094496665"/>
  <nd ref="11094496666"/>
  <nd ref="11094496671"/>
  <nd ref="11094496670"/>
  <nd ref="32694482"/>
  <nd ref="11094496673"/>
  <nd ref="32694481"/>
  <nd ref="11094496675"/>
  <nd ref="11094496674"/>
  <nd ref="11094496679"/>
  <nd ref="11094496680"/>
  <nd ref="11094496676"/>
  <nd ref="11094496681"/>
  <nd ref="11094496677"/>
  <nd ref="11094496678"/>
  <nd ref="32694480"/>
  <nd ref="11094496682"/>
  <nd ref="11094496683"/>
  <nd ref="11094496684"/>
  <nd ref="11094496685"/>
  <nd ref="2278513207"/>
  <nd ref="11094496686"/>
  <nd ref="11094496688"/>
  <nd ref="11094496687"/>
  <nd ref="11094496690"/>
  <nd ref="11094496689"/>
  <nd ref="32694478"/>
  <nd ref="11094496693"/>
  <nd ref="11094496691"/>
  <nd ref="11094496692"/>
  <nd ref="32694477"/>
  <nd ref="11094496694"/>
  <nd ref="11094496702"/>
  <nd ref="11094496695"/>
  <nd ref="11094496696"/>
  <nd ref="11094496698"/>
  <nd ref="11094496697"/>
  <nd ref="11094496700"/>
  <nd ref="11094496699"/>
  <nd ref="11094496701"/>
  <nd ref="32694476"/>
  <nd ref="11094496703"/>
  <nd ref="11094496704"/>
  <nd ref="11094496708"/>
  <nd ref="11094496705"/>
  <nd ref="11094496707"/>
  <nd ref="11094496706"/>
  <nd ref="32694475"/>
  <nd ref="11094496709"/>
  <nd ref="11094496710"/>
  <nd ref="11094496712"/>
  <nd ref="11094496711"/>
  <nd ref="11094496713"/>
  <nd ref="11094496715"/>
  <nd ref="11094496714"/>
  <nd ref="32694474"/>
  <nd ref="11094496717"/>
  <nd ref="11094496716"/>
  <nd ref="11094496718"/>
  <nd ref="11094496720"/>
  <nd ref="11094496719"/>
  <nd ref="11094496721"/>
  <nd ref="32694473"/>
  <nd ref="11094496723"/>
  <nd ref="11094496722"/>
  <nd ref="11094496726"/>
  <nd ref="11094496724"/>
  <nd ref="11094496725"/>
  <nd ref="11094496730"/>
  <nd ref="11094496728"/>
  <nd ref="11094496727"/>
  <nd ref="11094496729"/>
  <nd ref="32694472"/>
  <nd ref="11094496731"/>
  <nd ref="11094496733"/>
  <nd ref="11094496732"/>
  <nd ref="32694471"/>
  <nd ref="11094496735"/>
  <nd ref="11094496734"/>
  <nd ref="11094496737"/>
  <nd ref="11094496736"/>
  <nd ref="11094496740"/>
  <nd ref="11094496738"/>
  <nd ref="11094496739"/>
  <nd ref="11094496745"/>
  <nd ref="11094496744"/>
  <nd ref="11094496743"/>
  <nd ref="11094496742"/>
  <nd ref="32694470"/>
  <nd ref="11094496741"/>
  <nd ref="11094496746"/>
  <nd ref="11094496748"/>
  <nd ref="11094496747"/>
  <nd ref="32694469"/>
  <nd ref="11094496749"/>
  <nd ref="32694468"/>
  <nd ref="11094496751"/>
  <nd ref="11094496750"/>
  <nd ref="11094496753"/>
  <nd ref="11094496754"/>
  <nd ref="11094496752"/>
  <nd ref="11094496756"/>
  <nd ref="11094496755"/>
  <nd ref="32694440"/>
  <nd ref="11094496757"/>
  <nd ref="11094496759"/>
  <nd ref="11094496758"/>
  <nd ref="11094496760"/>
  <nd ref="32694439"/>
  <nd ref="11094496761"/>
  <nd ref="11094496762"/>
  <nd ref="32694438"/>
  <nd ref="11094496763"/>
  <nd ref="32694437"/>
  <nd ref="11094496764"/>
  <nd ref="11094496766"/>
  <nd ref="11094496765"/>
  <nd ref="32694436"/>
  <nd ref="11094496767"/>
  <nd ref="32694435"/>
  <nd ref="32694434"/>
  <nd ref="10186828728"/>
  <nd ref="10186828726"/>
  <nd ref="10186828727"/>
  <nd ref="10186828725"/>
  <nd ref="10186828723"/>
  <nd ref="10186828724"/>
  <nd ref="10186828722"/>
  <nd ref="10186828717"/>
  <nd ref="10186828721"/>
  <nd ref="1283128156"/>
  <nd ref="10186828720"/>
  <nd ref="10186828719"/>
  <nd ref="10186828718"/>
  <nd ref="10186828716"/>
  <nd ref="10186828715"/>
  <nd ref="10186828713"/>
  <nd ref="10186828714"/>
  <nd ref="10186828712"/>
  <nd ref="10186828711"/>
  <nd ref="32694433"/>
  <nd ref="12943310774"/>
  <nd ref="10186828629"/>
  <nd ref="10186828628"/>
  <nd ref="10186828630"/>
  <nd ref="10186828627"/>
  <nd ref="10186828626"/>
  <nd ref="10186828625"/>
  <nd ref="10186828624"/>
  <nd ref="32694432"/>
  <nd ref="10186828623"/>
  <nd ref="1283128062"/>
  <nd ref="10186828622"/>
  <nd ref="10186828621"/>
  <nd ref="10186828620"/>
  <nd ref="10186828619"/>
  <nd ref="10186828618"/>
  <nd ref="10186828617"/>
  <nd ref="10186820415"/>
  <nd ref="10186820416"/>
  <nd ref="32694431"/>
  <nd ref="1283128164"/>
  <nd ref="10186820414"/>
  <nd ref="10186820412"/>
  <nd ref="10186820413"/>
  <nd ref="932489986"/>
  <nd ref="10186820411"/>
  <nd ref="32694430"/>
  <nd ref="10186820410"/>
  <nd ref="10186820409"/>
  <nd ref="10186820408"/>
  <nd ref="10186820407"/>
  <nd ref="10186820406"/>
  <nd ref="10186820405"/>
  <nd ref="10186820399"/>
  <nd ref="10186820404"/>
  <nd ref="10186820403"/>
  <nd ref="10186820402"/>
  <nd ref="32694429"/>
  <nd ref="10186820400"/>
  <nd ref="10186820401"/>
  <nd ref="10186820396"/>
  <nd ref="10186820398"/>
  <nd ref="10186820397"/>
  <nd ref="32694428"/>
  <nd ref="10186820395"/>
  <nd ref="10186820394"/>
  <nd ref="10186820393"/>
  <nd ref="10186820392"/>
  <nd ref="10186820391"/>
  <nd ref="10186820390"/>
  <nd ref="32694427"/>
  <nd ref="10186820389"/>
  <nd ref="10186820388"/>
  <nd ref="10186820387"/>
  <nd ref="10186820382"/>
  <nd ref="10186820386"/>
  <nd ref="10186820383"/>
  <nd ref="10186820385"/>
  <nd ref="10186820384"/>
  <nd ref="32694426"/>
  <nd ref="10186820381"/>
  <nd ref="10186820380"/>
  <nd ref="10186820379"/>
  <nd ref="32694425"/>
  <nd ref="10186820378"/>
  <nd ref="10186820376"/>
  <nd ref="10186820377"/>
  <nd ref="10186820374"/>
  <nd ref="10186820375"/>
  <nd ref="10186820373"/>
  <nd ref="10186820372"/>
  <nd ref="10186820370"/>
  <nd ref="10186820371"/>
  <nd ref="32694424"/>
  <nd ref="10186820369"/>
  <nd ref="10186820368"/>
  <nd ref="10186820367"/>
  <nd ref="10186820366"/>
  <nd ref="10186820365"/>
  <nd ref="32694423"/>
  <nd ref="10186820364"/>
  <nd ref="10186820363"/>
  <nd ref="10186820362"/>
  <nd ref="10186820361"/>
  <nd ref="10186820360"/>
  <nd ref="10186820359"/>
  <nd ref="32694422"/>
  <nd ref="10186820358"/>
  <nd ref="10186820357"/>
  <nd ref="10186820356"/>
  <nd ref="10186820355"/>
  <nd ref="10186820354"/>
  <nd ref="10186820353"/>
  <nd ref="10186820352"/>
  <nd ref="10186820351"/>
  <nd ref="10186820350"/>
  <nd ref="10186820349"/>
  <nd ref="10186820348"/>
  <nd ref="32694421"/>
  <nd ref="10186820347"/>
  <nd ref="10186820346"/>
  <nd ref="10186820345"/>
  <nd ref="10186820344"/>
  <nd ref="10186820343"/>
  <nd ref="5405246275"/>
  <nd ref="10186820342"/>
  <nd ref="10186820341"/>
  <nd ref="10186820340"/>
  <nd ref="10186820339"/>
  <nd ref="10186820338"/>
  <nd ref="10186820337"/>
  <nd ref="10186820336"/>
  <nd ref="32694420"/>
  <nd ref="7772284115"/>
  <nd ref="9976634086"/>
  <nd ref="5405246274"/>
  <nd ref="9976634097"/>
  <nd ref="32694419"/>
  <nd ref="11094390583"/>
  <nd ref="5405246276"/>
  <nd ref="11094390584"/>
  <nd ref="32694418"/>
  <nd ref="11094390585"/>
  <nd ref="32694417"/>
  <nd ref="11094390586"/>
  <nd ref="32694416"/>
  <nd ref="11094390588"/>
  <nd ref="11094390587"/>
  <nd ref="11094390589"/>
  <nd ref="11094390590"/>
  <nd ref="11094390592"/>
  <nd ref="11094390591"/>
  <nd ref="11094390594"/>
  <nd ref="11094390593"/>
  <nd ref="32694415"/>
  <nd ref="11094390595"/>
  <nd ref="11094390596"/>
  <nd ref="32694414"/>
  <nd ref="11094390597"/>
  <nd ref="11094390599"/>
  <nd ref="11094390598"/>
  <nd ref="32694413"/>
  <nd ref="11094390600"/>
  <nd ref="32694412"/>
  <nd ref="11094390601"/>
  <nd ref="11094390602"/>
  <nd ref="32694411"/>
  <nd ref="11094496505"/>
  <nd ref="11094390604"/>
  <nd ref="11094390603"/>
  <nd ref="11094496506"/>
  <nd ref="32694410"/>
  <nd ref="11094496508"/>
  <nd ref="11094496507"/>
  <nd ref="32694409"/>
  <nd ref="11094496510"/>
  <nd ref="11094496509"/>
  <nd ref="11094496511"/>
  <nd ref="32694408"/>
  <nd ref="11094496513"/>
  <nd ref="11094496512"/>
  <nd ref="11094496514"/>
  <nd ref="11094496515"/>
  <nd ref="11094496516"/>
  <nd ref="11094496517"/>
  <nd ref="11094496521"/>
  <nd ref="11094496518"/>
  <nd ref="11094496520"/>
  <nd ref="11094496519"/>
  <nd ref="32694407"/>
 </way>
 <way id="4956732" visible="true" version="6" changeset="128959356" timestamp="2022-11-15T21:00:43Z" user="ccamfwfwtn" uid="1883123">
  <nd ref="32697403"/>
  <nd ref="32697376"/>
  <nd ref="32697377"/>
  <nd ref="32697378"/>
  <nd ref="10186828764"/>
  <nd ref="10186828765"/>
  <nd ref="32697379"/>
  <nd ref="32697380"/>
  <nd ref="10186828769"/>
  <nd ref="10186828768"/>
  <nd ref="10186828767"/>
  <nd ref="10186828766"/>
  <nd ref="32697381"/>
  <nd ref="10186828770"/>
  <nd ref="32697382"/>
  <nd ref="32697383"/>
  <nd ref="10186828771"/>
  <nd ref="32697384"/>
  <nd ref="10186828772"/>
  <nd ref="32697385"/>
  <nd ref="10186828773"/>
  <nd ref="10186828774"/>
  <nd ref="32697386"/>
  <nd ref="10186828775"/>
  <nd ref="32697387"/>
  <nd ref="10186828781"/>
  <nd ref="10186828780"/>
  <nd ref="10186828776"/>
  <nd ref="10186828779"/>
  <nd ref="10186828778"/>
  <nd ref="10186828777"/>
  <nd ref="32697388"/>
  <nd ref="10186828756"/>
  <nd ref="32697389"/>
  <nd ref="32697390"/>
  <nd ref="32697391"/>
  <nd ref="10186828757"/>
  <nd ref="32697392"/>
  <nd ref="32697393"/>
  <nd ref="32697394"/>
  <nd ref="32697395"/>
  <nd ref="32697396"/>
  <nd ref="32697397"/>
  <nd ref="10186828758"/>
  <nd ref="32697398"/>
  <nd ref="32697399"/>
  <nd ref="32697400"/>
  <nd ref="10186828759"/>
  <nd ref="10186828760"/>
  <nd ref="32697401"/>
  <nd ref="32697402"/>
  <nd ref="10186828761"/>
  <nd ref="10186828762"/>
  <nd ref="10186828763"/>
  <nd ref="32697403"/>
  <tag k="name" v="Sydholmen"/>
  <tag k="natural" v="wood"/>
  <tag k="place" v="islet"/>
 </way>
 <way id="4956735" visible="true" version="6" changeset="128959356" timestamp="2022-11-15T21:00:43Z" user="ccamfwfwtn" uid="1883123">
  <nd ref="32697467"/>
  <nd ref="10186828747"/>
  <nd ref="10186828748"/>
  <nd ref="10186828729"/>
  <nd ref="10186828749"/>
  <nd ref="7627149813"/>
  <nd ref="10186828750"/>
  <nd ref="10186828751"/>
  <nd ref="10186828752"/>
  <nd ref="32697468"/>
  <nd ref="10186828753"/>
  <nd ref="7627149814"/>
  <nd ref="10186828754"/>
  <nd ref="10186828730"/>
  <nd ref="32697469"/>
  <nd ref="10186828755"/>
  <nd ref="10186828732"/>
  <nd ref="10186828731"/>
  <nd ref="32697470"/>
  <nd ref="10186828734"/>
  <nd ref="10186828733"/>
  <nd ref="10186828735"/>
  <nd ref="10186828736"/>
  <nd ref="10186828737"/>
  <nd ref="10186828738"/>
  <nd ref="10186828739"/>
  <nd ref="10186828740"/>
  <nd ref="32697471"/>
  <nd ref="10186828741"/>
  <nd ref="10186828742"/>
  <nd ref="10186828743"/>
  <nd ref="10186828744"/>
  <nd ref="10186828745"/>
  <nd ref="10186828746"/>
  <nd ref="32697467"/>
  <tag k="natural" v="wood"/>
 </way>
 <way id="4956876" visible="true" version="7" changeset="128959356" timestamp="2022-11-15T21:00:43Z" user="ccamfwfwtn" uid="1883123">
  <nd ref="32700001"/>
  <nd ref="10186828710"/>
  <nd ref="10186828709"/>
  <nd ref="10186828708"/>
  <nd ref="10186828707"/>
  <nd ref="10186828706"/>
  <nd ref="10186828705"/>
  <nd ref="10186828704"/>
  <nd ref="10186828703"/>
  <nd ref="10186828702"/>
  <nd ref="10186828701"/>
  <nd ref="10186828700"/>
  <nd ref="32699975"/>
  <nd ref="10186828699"/>
  <nd ref="10186828698"/>
  <nd ref="10186828697"/>
  <nd ref="10186828696"/>
  <nd ref="10186828695"/>
  <nd ref="10186828694"/>
  <nd ref="10186828693"/>
  <nd ref="10186828692"/>
  <nd ref="10186828691"/>
  <nd ref="10186828690"/>
  <nd ref="32699976"/>
  <nd ref="10186828688"/>
  <nd ref="10186828689"/>
  <nd ref="10186828687"/>
  <nd ref="10186828686"/>
  <nd ref="10186828685"/>
  <nd ref="10186828684"/>
  <nd ref="10186828682"/>
  <nd ref="10186828683"/>
  <nd ref="10186828681"/>
  <nd ref="10186828680"/>
  <nd ref="32699977"/>
  <nd ref="10186828679"/>
  <nd ref="32699978"/>
  <nd ref="10186828678"/>
  <nd ref="32699979"/>
  <nd ref="32699980"/>
  <nd ref="32699981"/>
  <nd ref="10186828633"/>
  <nd ref="10186828634"/>
  <nd ref="10186828635"/>
  <nd ref="10186828636"/>
  <nd ref="32699982"/>
  <nd ref="10186828637"/>
  <nd ref="10186828638"/>
  <nd ref="10186828639"/>
  <nd ref="10186828641"/>
  <nd ref="10186828640"/>
  <nd ref="10186828642"/>
  <nd ref="32699983"/>
  <nd ref="10186828643"/>
  <nd ref="10186828632"/>
  <nd ref="32699984"/>
  <nd ref="10186828631"/>
  <nd ref="32699985"/>
  <nd ref="32699986"/>
  <nd ref="32699987"/>
  <nd ref="10186828644"/>
  <nd ref="10186828645"/>
  <nd ref="10186828646"/>
  <nd ref="32699988"/>
  <nd ref="32699989"/>
  <nd ref="10186828647"/>
  <nd ref="10186828648"/>
  <nd ref="10186828652"/>
  <nd ref="32699990"/>
  <nd ref="10186828653"/>
  <nd ref="10186828654"/>
  <nd ref="10186828655"/>
  <nd ref="10186828650"/>
  <nd ref="10186828651"/>
  <nd ref="32699991"/>
  <nd ref="10186828649"/>
  <nd ref="10186828656"/>
  <nd ref="32699992"/>
  <nd ref="10186828658"/>
  <nd ref="10186828657"/>
  <nd ref="10186828659"/>
  <nd ref="32699993"/>
  <nd ref="32699994"/>
  <nd ref="10186828660"/>
  <nd ref="32699995"/>
  <nd ref="10186828661"/>
  <nd ref="32699996"/>
  <nd ref="10186828662"/>
  <nd ref="32699997"/>
  <nd ref="10186828663"/>
  <nd ref="10186828664"/>
  <nd ref="32699998"/>
  <nd ref="10186828668"/>
  <nd ref="10186828667"/>
  <nd ref="10186828666"/>
  <nd ref="10186828665"/>
  <nd ref="32699999"/>
  <nd ref="10186828669"/>
  <nd ref="10186828670"/>
  <nd ref="10186828671"/>
  <nd ref="32700000"/>
  <nd ref="10186828672"/>
  <nd ref="10186828673"/>
  <nd ref="10186828677"/>
  <nd ref="10186828676"/>
  <nd ref="10186828674"/>
  <nd ref="10186828675"/>
  <nd ref="32700001"/>
  <tag k="leaf_type" v="mixed"/>
  <tag k="name" v="Nordholmen"/>
  <tag k="natural" v="wood"/>
  <tag k="place" v="islet"/>
 </way>
 <way id="43953927" visible="true" version="23" changeset="110349163" timestamp="2021-08-27T15:54:01Z" user="harahu" uid="10233897">
  <nd ref="558984505"/>
  <nd ref="929557713"/>
  <nd ref="2948313775"/>
  <nd ref="929557722"/>
  <nd ref="558984504"/>
  <nd ref="1013587212"/>
  <nd ref="1013587231"/>
  <nd ref="558984502"/>
  <nd ref="9041260468"/>
  <nd ref="3201823533"/>
  <nd ref="558984500"/>
  <nd ref="929557784"/>
  <nd ref="558984497"/>
  <nd ref="558984495"/>
  <nd ref="2479649913"/>
  <nd ref="558984494"/>
  <nd ref="558984489"/>
  <nd ref="558983415"/>
  <tag k="highway" v="path"/>
  <tag k="name" v="Hønsestigen"/>
  <tag k="surface" v="ground"/>
  <tag k="trailblazed" v="yes"/>
 </way>
 <way id="43954240" visible="true" version="20" changeset="169813584" timestamp="2025-08-01T11:42:37Z" user="as_donkeykong" uid="23143320">
  <nd ref="558984621"/>
  <nd ref="4041035837"/>
  <nd ref="4041035835"/>
  <nd ref="558985598"/>
  <nd ref="4041035834"/>
  <nd ref="4041035836"/>
  <nd ref="1283128150"/>
  <nd ref="6061458451"/>
  <nd ref="558985602"/>
  <nd ref="6061458452"/>
  <nd ref="558985607"/>
  <nd ref="6061458453"/>
  <nd ref="558985610"/>
  <nd ref="558985614"/>
  <nd ref="10116620311"/>
  <nd ref="6061458456"/>
  <nd ref="7772284087"/>
  <nd ref="558985618"/>
  <nd ref="7772284086"/>
  <nd ref="932489987"/>
  <nd ref="7772284088"/>
  <nd ref="1283128126"/>
  <nd ref="6061458457"/>
  <nd ref="6061458458"/>
  <nd ref="6061458460"/>
  <nd ref="6061458459"/>
  <nd ref="558985621"/>
  <nd ref="1283128185"/>
  <nd ref="558985625"/>
  <nd ref="6061458461"/>
  <nd ref="6061458462"/>
  <nd ref="6061458464"/>
  <nd ref="6061458463"/>
  <nd ref="558985629"/>
  <nd ref="6061458465"/>
  <nd ref="2292936045"/>
  <nd ref="5405246282"/>
  <nd ref="558985635"/>
  <nd ref="6061458466"/>
  <nd ref="5405246284"/>
  <nd ref="558985638"/>
  <nd ref="6061458467"/>
  <nd ref="5405246283"/>
  <nd ref="558985640"/>
  <nd ref="558985643"/>
  <nd ref="6061458468"/>
  <nd ref="5405246281"/>
  <nd ref="558985646"/>
  <nd ref="5405246280"/>
  <nd ref="558985648"/>
  <nd ref="558985651"/>
  <nd ref="5405246279"/>
  <nd ref="7772284100"/>
  <nd ref="996326638"/>
  <nd ref="6042361240"/>
  <nd ref="558985654"/>
  <tag k="bicycle" v="designated"/>
  <tag k="foot" v="designated"/>
  <tag k="highway" v="path"/>
  <tag k="piste:grooming" v="classic"/>
  <tag k="piste:trailblazed" v="yes"/>
  <tag k="surface" v="fine_gravel"/>
  <tag k="tracktype" v="grade2"/>
  <tag k="trailblazed" v="yes"/>
 </way>
 <way id="43954658" visible="true" version="20" changeset="172839586" timestamp="2025-10-04T17:08:24Z" user="Marius Løkken" uid="20041403">
  <nd ref="558985662"/>
  <nd ref="558987122"/>
  <nd ref="558987124"/>
  <nd ref="558987127"/>
  <nd ref="558987129"/>
  <nd ref="5405246286"/>
  <nd ref="5405246287"/>
  <nd ref="558987131"/>
  <nd ref="558987133"/>
  <nd ref="5405246285"/>
  <nd ref="558987136"/>
  <nd ref="558987138"/>
  <nd ref="558987140"/>
  <nd ref="558987143"/>
  <nd ref="558987145"/>
  <nd ref="558987150"/>
  <nd ref="558987152"/>
  <nd ref="2497833816"/>
  <nd ref="558987157"/>
  <nd ref="558987160"/>
  <nd ref="9041099584"/>
  <nd ref="9041134135"/>
  <nd ref="558987164"/>
  <nd ref="558987167"/>
  <nd ref="558987172"/>
  <nd ref="9041099585"/>
  <nd ref="558987174"/>
  <nd ref="1895323475"/>
  <nd ref="13192306724"/>
  <nd ref="558987176"/>
  <nd ref="13192306725"/>
  <nd ref="558987178"/>
  <nd ref="13192306726"/>
  <nd ref="13192306727"/>
  <nd ref="9041099609"/>
  <nd ref="9041134125"/>
  <nd ref="13192306728"/>
  <nd ref="558987180"/>
  <nd ref="13192306729"/>
  <nd ref="9041099610"/>
  <nd ref="13192306730"/>
  <nd ref="558987182"/>
  <nd ref="13192306731"/>
  <nd ref="9041099608"/>
  <nd ref="558987185"/>
  <nd ref="9041099605"/>
  <nd ref="13192306732"/>
  <nd ref="558987187"/>
  <nd ref="13192306733"/>
  <nd ref="558987191"/>
  <nd ref="13192306734"/>
  <nd ref="13192306735"/>
  <nd ref="558987193"/>
  <nd ref="13192306736"/>
  <nd ref="558987197"/>
  <nd ref="13192306737"/>
  <nd ref="9039541326"/>
  <nd ref="558987199"/>
  <nd ref="13192306738"/>
  <nd ref="9039541328"/>
  <nd ref="13192306739"/>
  <nd ref="9039541327"/>
  <nd ref="13192306740"/>
  <nd ref="558987204"/>
  <nd ref="2935038787"/>
  <nd ref="558987207"/>
  <nd ref="9039508314"/>
  <nd ref="558987210"/>
  <nd ref="13192306741"/>
  <nd ref="558987213"/>
  <nd ref="13192306742"/>
  <nd ref="558987217"/>
  <nd ref="13192306743"/>
  <nd ref="9039508308"/>
  <nd ref="13192306744"/>
  <nd ref="558987220"/>
  <nd ref="13192306758"/>
  <nd ref="9039508309"/>
  <nd ref="13192306745"/>
  <nd ref="2497831595"/>
  <nd ref="558987223"/>
  <nd ref="13192306746"/>
  <nd ref="558987225"/>
  <nd ref="9039508313"/>
  <nd ref="13192306747"/>
  <nd ref="558987227"/>
  <nd ref="13192306748"/>
  <nd ref="558987229"/>
  <nd ref="13192306749"/>
  <nd ref="558987232"/>
  <nd ref="13192306750"/>
  <nd ref="558987234"/>
  <nd ref="9039508310"/>
  <nd ref="13192306751"/>
  <nd ref="558987236"/>
  <nd ref="13192306752"/>
  <nd ref="558987237"/>
  <nd ref="13192306753"/>
  <nd ref="9039508311"/>
  <nd ref="558987239"/>
  <nd ref="558987242"/>
  <nd ref="13192306754"/>
  <nd ref="13192306755"/>
  <nd ref="558987244"/>
  <nd ref="13192306756"/>
  <nd ref="558987248"/>
  <nd ref="13192306757"/>
  <nd ref="558987250"/>
  <tag k="highway" v="path"/>
  <tag k="mtb:name" v="Dh banen - Lutåsen mot Lutvangen"/>
  <tag k="mtb:scale" v="2"/>
  <tag k="piste:type" v="hike"/>
  <tag k="source" v="survey"/>
  <tag k="surface" v="unpaved"/>
  <tag k="trailblazed" v="yes"/>
  <tag k="trail_visibility" v="good"/>
 </way>
 <way id="59458925" visible="true" version="11" changeset="105267451" timestamp="2021-05-25T06:47:05Z" user="harahu" uid="10233897">
  <nd ref="5405246272"/>
  <nd ref="5405246271"/>
  <nd ref="4041034561"/>
  <nd ref="932489976"/>
  <nd ref="4041034560"/>
  <nd ref="1083633683"/>
  <nd ref="737249985"/>
  <nd ref="4041034559"/>
  <nd ref="1083633604"/>
  <nd ref="737249984"/>
  <nd ref="737249983"/>
  <nd ref="1013587344"/>
  <nd ref="4041034558"/>
  <nd ref="4041034557"/>
  <nd ref="1013587156"/>
  <nd ref="558987250"/>
  <tag k="highway" v="path"/>
  <tag k="mtb:scale" v="0"/>
  <tag k="piste:grooming" v="scooter"/>
  <tag k="piste:type" v="nordic"/>
  <tag k="surface" v="ground"/>
 </way>
 <way id="64527406" visible="true" version="9" changeset="103013944" timestamp="2021-04-15T19:25:05Z" user="harahu" uid="10233897">
  <nd ref="793335075"/>
  <nd ref="5405046369"/>
  <nd ref="793335258"/>
  <nd ref="996326910"/>
  <nd ref="793335271"/>
  <nd ref="793335283"/>
  <nd ref="996341112"/>
  <nd ref="793335296"/>
  <nd ref="793335313"/>
  <nd ref="1283128125"/>
  <nd ref="1283128134"/>
  <nd ref="793335318"/>
  <nd ref="793335330"/>
  <nd ref="1283128193"/>
  <nd ref="1283128171"/>
  <nd ref="793335336"/>
  <nd ref="793335339"/>
  <nd ref="1283128061"/>
  <nd ref="793335344"/>
  <nd ref="793335348"/>
  <nd ref="793335353"/>
  <nd ref="1283128198"/>
  <nd ref="793335358"/>
  <nd ref="793335362"/>
  <nd ref="996326885"/>
  <nd ref="1283128105"/>
  <nd ref="793335369"/>
  <nd ref="793335374"/>
  <nd ref="793335380"/>
  <nd ref="2292936081"/>
  <nd ref="793335394"/>
  <nd ref="793335400"/>
  <nd ref="793335406"/>
  <nd ref="1283128076"/>
  <nd ref="793335414"/>
  <nd ref="793335419"/>
  <nd ref="5171860277"/>
  <nd ref="5171860274"/>
  <nd ref="793335422"/>
  <nd ref="793335426"/>
  <nd ref="1283128180"/>
  <nd ref="1283128141"/>
  <nd ref="5171860286"/>
  <nd ref="5171860287"/>
  <nd ref="5171860288"/>
  <nd ref="793335431"/>
  <nd ref="793335435"/>
  <nd ref="793335444"/>
  <nd ref="793335452"/>
  <nd ref="1283128082"/>
  <nd ref="793335463"/>
  <nd ref="1283128044"/>
  <nd ref="793335470"/>
  <nd ref="793335475"/>
  <nd ref="793335480"/>
  <nd ref="793335485"/>
  <nd ref="793335490"/>
  <nd ref="6070075726"/>
  <nd ref="6070075725"/>
  <nd ref="793335497"/>
  <nd ref="6070075728"/>
  <nd ref="6070075727"/>
  <nd ref="6070075731"/>
  <nd ref="6070075730"/>
  <nd ref="6070075729"/>
  <nd ref="6070075732"/>
  <nd ref="793335503"/>
  <nd ref="6070075733"/>
  <nd ref="793334444"/>
  <tag k="highway" v="path"/>
  <tag k="surface" v="ground"/>
  <tag k="trailblazed" v="yes"/>
 </way>
 <way id="79658407" visible="true" version="7" changeset="105268191" timestamp="2021-05-25T06:57:13Z" user="harahu" uid="10233897">
  <nd ref="558984511"/>
  <nd ref="1286901074"/>
  <nd ref="8763630333"/>
  <nd ref="929557938"/>
  <nd ref="929557764"/>
  <nd ref="792543662"/>
  <nd ref="1135212465"/>
  <nd ref="1135212498"/>
  <nd ref="1135212482"/>
  <nd ref="792543661"/>
  <tag k="highway" v="path"/>
  <tag k="mtb:scale" v="2"/>
  <tag k="piste:type" v="hike"/>
  <tag k="surface" v="ground"/>
 </way>
 <way id="79658419" visible="true" version="11" changeset="186580821" timestamp="2026-07-29T12:11:25Z" user="naturlig-canuck" uid="24339664">
  <nd ref="792543661"/>
  <nd ref="11868682654"/>
  <nd ref="792543660"/>
  <nd ref="11868682653"/>
  <nd ref="1288646648"/>
  <nd ref="1288646638"/>
  <nd ref="792543659"/>
  <nd ref="11868682652"/>
  <nd ref="792543658"/>
  <nd ref="11868682651"/>
  <nd ref="1013587213"/>
  <nd ref="792543657"/>
  <nd ref="1013587120"/>
  <nd ref="1077844046"/>
  <tag k="highway" v="path"/>
  <tag k="mtb:scale" v="4"/>
  <tag k="piste:type" v="hike"/>
  <tag k="source" v="survey"/>
  <tag k="surface" v="ground"/>
  <tag k="trailblazed" v="yes"/>
 </way>
 <way id="79815687" visible="true" version="5" changeset="105268191" timestamp="2021-05-25T06:57:13Z" user="harahu" uid="10233897">
  <nd ref="558984615"/>
  <nd ref="1283128175"/>
  <nd ref="1283128143"/>
  <nd ref="1283128200"/>
  <nd ref="558985729"/>
  <tag k="highway" v="path"/>
  <tag k="surface" v="ground"/>
 </way>
 <way id="79881749" visible="true" version="8" changeset="88770153" timestamp="2020-07-31T08:19:55Z" user="Tractor" uid="395141">
  <nd ref="5405246272"/>
  <nd ref="5405246268"/>
  <nd ref="5405246269"/>
  <nd ref="5405246270"/>
  <nd ref="3310586952"/>
  <nd ref="932489984"/>
  <nd ref="932489975"/>
  <nd ref="932489988"/>
  <nd ref="932489981"/>
  <nd ref="932489974"/>
  <nd ref="932489985"/>
  <nd ref="3310586953"/>
  <nd ref="2245249680"/>
  <nd ref="5405246273"/>
  <nd ref="7772284097"/>
  <nd ref="996325739"/>
  <tag k="piste:grooming" v="scooter"/>
  <tag k="piste:type" v="nordic"/>
 </way>
 <way id="79881750" visible="true" version="7" changeset="88770153" timestamp="2020-07-31T08:19:55Z" user="Tractor" uid="395141">
  <nd ref="558985614"/>
  <nd ref="932489977"/>
  <nd ref="932489983"/>
  <nd ref="6061458455"/>
  <nd ref="7772284085"/>
  <nd ref="932489980"/>
  <nd ref="7772283782"/>
  <nd ref="7772283784"/>
  <tag k="highway" v="track"/>
  <tag k="piste:grooming" v="scooter"/>
  <tag k="piste:type" v="nordic"/>
  <tag k="surface" v="compacted"/>
  <tag k="tracktype" v="grade4"/>
 </way>
 <way id="80541372" visible="true" version="7" changeset="110349654" timestamp="2021-08-27T16:06:13Z" user="harahu" uid="10233897">
  <nd ref="944697024"/>
  <nd ref="944697004"/>
  <nd ref="931678365"/>
  <nd ref="944697044"/>
  <nd ref="944697048"/>
  <nd ref="944697038"/>
  <nd ref="868535895"/>
  <nd ref="1893946256"/>
  <nd ref="944697006"/>
  <nd ref="944697040"/>
  <nd ref="944697019"/>
  <nd ref="944697050"/>
  <nd ref="944697001"/>
  <nd ref="9041298186"/>
  <nd ref="944697017"/>
  <nd ref="944697035"/>
  <nd ref="1893946262"/>
  <nd ref="944697016"/>
  <nd ref="944697045"/>
  <nd ref="944697033"/>
  <nd ref="868536201"/>
  <nd ref="944697008"/>
  <nd ref="944697027"/>
  <nd ref="939668370"/>
  <tag k="highway" v="path"/>
  <tag k="source" v="survey"/>
  <tag k="surface" v="ground"/>
  <tag k="trailblazed" v="yes"/>
 </way>
 <way id="81058875" visible="true" version="3" changeset="110349973" timestamp="2021-08-27T16:13:08Z" user="harahu" uid="10233897">
  <nd ref="944869507"/>
  <nd ref="9041289783"/>
  <nd ref="944869499"/>
  <nd ref="558984580"/>
  <tag k="highway" v="path"/>
  <tag k="source" v="extrapolation"/>
  <tag k="surface" v="ground"/>
  <tag k="trail_visibility" v="intermediate"/>
 </way>
 <way id="81058877" visible="true" version="2" changeset="15989071" timestamp="2013-05-05T19:46:25Z" user="vibrog" uid="11992">
  <nd ref="2292935972"/>
  <nd ref="944869455"/>
  <nd ref="944869542"/>
  <nd ref="944869472"/>
  <tag k="natural" v="cliff"/>
 </way>
 <way id="81059355" visible="true" version="3" changeset="110349973" timestamp="2021-08-27T16:13:08Z" user="harahu" uid="10233897">
  <nd ref="939668382"/>
  <nd ref="944871353"/>
  <nd ref="944871350"/>
  <nd ref="9041289782"/>
  <nd ref="944871363"/>
  <nd ref="9041289781"/>
  <nd ref="944871351"/>
  <nd ref="944871346"/>
  <nd ref="6515536953"/>
  <nd ref="944871354"/>
  <nd ref="944871342"/>
  <tag k="highway" v="path"/>
  <tag k="source" v="Yahoo;Strava"/>
  <tag k="surface" v="ground"/>
 </way>
 <way id="85694620" visible="true" version="8" changeset="122014130" timestamp="2022-06-06T09:20:49Z" user="GSBattleman" uid="10006989">
  <nd ref="558985654"/>
  <nd ref="7772284102"/>
  <nd ref="5405246288"/>
  <nd ref="558985658"/>
  <nd ref="6042361243"/>
  <nd ref="6042361242"/>
  <nd ref="6042361241"/>
  <nd ref="558985662"/>
  <tag k="highway" v="track"/>
  <tag k="piste:grooming" v="classic"/>
  <tag k="piste:type" v="nordic"/>
  <tag k="smoothness" v="intermediate"/>
  <tag k="surface" v="compacted"/>
  <tag k="tracktype" v="grade2"/>
  <tag k="trailblazed" v="yes"/>
 </way>
 <way id="85830505" visible="true" version="5" changeset="105267451" timestamp="2021-05-25T06:47:05Z" user="harahu" uid="10233897">
  <nd ref="558985662"/>
  <nd ref="996325577"/>
  <nd ref="7772284098"/>
  <nd ref="996325739"/>
  <tag k="highway" v="path"/>
  <tag k="piste:grooming" v="scooter"/>
  <tag k="piste:type" v="nordic"/>
  <tag k="surface" v="ground"/>
 </way>
 <way id="85830510" visible="true" version="13" changeset="153422008" timestamp="2024-07-01T17:27:59Z" user="xyrandus" uid="19947388">
  <nd ref="793335039"/>
  <nd ref="737248890"/>
  <nd ref="793335048"/>
  <nd ref="793335056"/>
  <nd ref="793335062"/>
  <nd ref="793335075"/>
  <nd ref="2245249683"/>
  <nd ref="5405246289"/>
  <nd ref="7772284101"/>
  <nd ref="558985654"/>
  <tag k="class:bicycle:mtb" v="-1"/>
  <tag k="highway" v="path"/>
  <tag k="mtb:scale" v="1"/>
  <tag k="piste:grooming" v="scooter"/>
  <tag k="piste:trailblazed" v="yes"/>
  <tag k="piste:type" v="nordic"/>
  <tag k="surface" v="ground"/>
  <tag k="trailblazed" v="yes"/>
  <tag k="trail_visibility" v="good"/>
 </way>
 <way id="85830519" visible="true" version="9" changeset="169813638" timestamp="2025-08-01T11:44:10Z" user="as_donkeykong" uid="23143320">
  <nd ref="558985654"/>
  <nd ref="6042361239"/>
  <nd ref="996326079"/>
  <nd ref="6042361238"/>
  <nd ref="996327092"/>
  <nd ref="7772284099"/>
  <nd ref="6042361237"/>
  <nd ref="996326564"/>
  <tag k="bicycle" v="designated"/>
  <tag k="foot" v="designated"/>
  <tag k="highway" v="path"/>
  <tag k="piste:grooming" v="scooter"/>
  <tag k="surface" v="fine_gravel"/>
 </way>
 <way id="85830563" visible="true" version="7" changeset="139534883" timestamp="2023-08-06T22:44:55Z" user="olejorgenb" uid="154646">
  <nd ref="32694423"/>
  <nd ref="996326823"/>
  <nd ref="996326131"/>
  <nd ref="996327127"/>
  <nd ref="32694418"/>
  <nd ref="11094390584"/>
  <nd ref="5405246276"/>
  <nd ref="11094390583"/>
  <nd ref="32694419"/>
  <nd ref="9976634097"/>
  <nd ref="5405246274"/>
  <nd ref="9976634086"/>
  <nd ref="7772284115"/>
  <nd ref="32694420"/>
  <nd ref="10186820336"/>
  <nd ref="10186820337"/>
  <nd ref="10186820338"/>
  <nd ref="10186820339"/>
  <nd ref="10186820340"/>
  <nd ref="10186820341"/>
  <nd ref="10186820342"/>
  <nd ref="5405246275"/>
  <nd ref="10186820343"/>
  <nd ref="10186820344"/>
  <nd ref="10186820345"/>
  <nd ref="10186820346"/>
  <nd ref="10186820347"/>
  <nd ref="32694421"/>
  <nd ref="10186820348"/>
  <nd ref="10186820349"/>
  <nd ref="10186820350"/>
  <nd ref="10186820351"/>
  <nd ref="10186820352"/>
  <nd ref="10186820353"/>
  <nd ref="10186820354"/>
  <nd ref="10186820355"/>
  <nd ref="10186820356"/>
  <nd ref="10186820357"/>
  <nd ref="10186820358"/>
  <nd ref="32694422"/>
  <nd ref="10186820359"/>
  <nd ref="10186820360"/>
  <nd ref="10186820361"/>
  <nd ref="10186820362"/>
  <nd ref="10186820363"/>
  <nd ref="10186820364"/>
  <nd ref="32694423"/>
  <tag k="landuse" v="recreation_ground"/>
 </way>
 <way id="85833732" visible="true" version="4" changeset="103013944" timestamp="2021-04-15T19:25:05Z" user="harahu" uid="10233897">
  <nd ref="793335021"/>
  <nd ref="996341117"/>
  <nd ref="996341114"/>
  <nd ref="1283128058"/>
  <nd ref="1283128131"/>
  <nd ref="1283128102"/>
  <nd ref="793335296"/>
  <tag k="highway" v="path"/>
  <tag k="surface" v="ground"/>
  <tag k="trail_visibility" v="intermediate"/>
 </way>
 <way id="97800936" visible="true" version="3" changeset="26518530" timestamp="2014-11-03T05:22:26Z" user="vibrog" uid="11992">
  <nd ref="558984522"/>
  <nd ref="1132100654"/>
  <nd ref="1132100754"/>
  <nd ref="1132100598"/>
  <nd ref="558984511"/>
  <tag k="highway" v="path"/>
  <tag k="mtb:scale" v="1"/>
  <tag k="source" v="survey"/>
  <tag k="surface" v="mud"/>
  <tag k="trail_visibility" v="bad"/>
 </way>
 <way id="97855605" visible="true" version="14" changeset="150701096" timestamp="2024-04-30T10:49:02Z" user="harahu" uid="10233897">
  <nd ref="558984505"/>
  <nd ref="2108570978"/>
  <nd ref="2108570977"/>
  <nd ref="10945686602"/>
  <nd ref="1288310962"/>
  <nd ref="10945686601"/>
  <nd ref="1288310983"/>
  <nd ref="1281757898"/>
  <nd ref="10945686600"/>
  <nd ref="11868682649"/>
  <nd ref="1528889420"/>
  <nd ref="11868682650"/>
  <nd ref="10945686599"/>
  <nd ref="1281757904"/>
  <nd ref="10945686598"/>
  <nd ref="1281757903"/>
  <nd ref="10945686597"/>
  <nd ref="1281757906"/>
  <nd ref="1528889408"/>
  <nd ref="1288310994"/>
  <nd ref="9041260478"/>
  <nd ref="1288310968"/>
  <nd ref="2514182597"/>
  <nd ref="9041260477"/>
  <nd ref="9041260474"/>
  <nd ref="1288310986"/>
  <nd ref="1288310999"/>
  <nd ref="9041260473"/>
  <nd ref="9041260472"/>
  <nd ref="9041260471"/>
  <nd ref="1288310973"/>
  <nd ref="897765833"/>
  <tag k="attribution" v="runermm"/>
  <tag k="class:bicycle:mtb" v="1"/>
  <tag k="highway" v="path"/>
  <tag k="mtb:name" v="Lutvann enduro"/>
  <tag k="mtb:scale" v="1"/>
  <tag k="mtb:scale:uphill" v="3"/>
  <tag k="source" v="survey"/>
  <tag k="surface" v="ground"/>
 </way>
 <way id="98094238" visible="true" version="3" changeset="32652591" timestamp="2015-07-15T14:07:04Z" user="Tractor" uid="395141">
  <nd ref="558984505"/>
  <nd ref="1013587119"/>
  <nd ref="1013587307"/>
  <nd ref="1013587136"/>
  <nd ref="1013587328"/>
  <nd ref="1013587308"/>
  <nd ref="1013587232"/>
  <nd ref="792543661"/>
  <tag k="highway" v="path"/>
  <tag k="source" v="survey"/>
  <tag k="trailblazed" v="yes"/>
 </way>
 <way id="105080492" visible="true" version="8" changeset="153422008" timestamp="2024-07-01T17:27:59Z" user="xyrandus" uid="19947388">
  <nd ref="897759909"/>
  <nd ref="1211302646"/>
  <nd ref="1211302631"/>
  <nd ref="1288646636"/>
  <nd ref="1288310974"/>
  <nd ref="1288310989"/>
  <nd ref="1288311003"/>
  <nd ref="3164035744"/>
  <nd ref="1288646647"/>
  <nd ref="1288310987"/>
  <nd ref="1288310977"/>
  <nd ref="1288310969"/>
  <nd ref="1288310965"/>
  <nd ref="2948313784"/>
  <nd ref="2948313783"/>
  <nd ref="2948313780"/>
  <nd ref="2948313777"/>
  <nd ref="2948313779"/>
  <nd ref="2948313782"/>
  <nd ref="2948313781"/>
  <nd ref="2948313778"/>
  <nd ref="11868682655"/>
  <nd ref="558984507"/>
  <tag k="attribution" v="runermm"/>
  <tag k="class:bicycle:mtb" v="2"/>
  <tag k="highway" v="path"/>
  <tag k="mtb:name" v="Måsaplassen"/>
  <tag k="mtb:scale" v="2"/>
  <tag k="source" v="survey"/>
  <tag k="surface" v="wood"/>
  <tag k="trail_visibility" v="good"/>
 </way>
 <way id="113033754" visible="true" version="6" changeset="153422008" timestamp="2024-07-01T17:27:59Z" user="xyrandus" uid="19947388">
  <nd ref="932489980"/>
  <nd ref="1283128173"/>
  <nd ref="1283128142"/>
  <nd ref="1283128199"/>
  <nd ref="1283128177"/>
  <nd ref="1283128077"/>
  <nd ref="1283128085"/>
  <nd ref="5405046350"/>
  <nd ref="5405046351"/>
  <nd ref="1283128146"/>
  <nd ref="5405046352"/>
  <nd ref="1283128123"/>
  <nd ref="1283128183"/>
  <nd ref="1283128162"/>
  <nd ref="996326564"/>
  <tag k="class:bicycle:mtb" v="-1"/>
  <tag k="highway" v="path"/>
  <tag k="mtb:scale" v="1"/>
  <tag k="surface" v="ground"/>
  <tag k="trail_visibility" v="excellent"/>
 </way>
 <way id="148232051" visible="true" version="5" changeset="122966050" timestamp="2022-06-28T16:55:33Z" user="gloptimist" uid="14535964">
  <nd ref="996325739"/>
  <nd ref="5405246278"/>
  <nd ref="5405246277"/>
  <nd ref="558987127"/>
  <tag k="highway" v="path"/>
  <tag k="surface" v="compacted"/>
 </way>
 <way id="179058423" visible="true" version="4" changeset="110349654" timestamp="2021-08-27T16:06:13Z" user="harahu" uid="10233897">
  <nd ref="1893946290"/>
  <nd ref="1893946285"/>
  <nd ref="1893946283"/>
  <nd ref="1893946282"/>
  <nd ref="1893946281"/>
  <nd ref="1893946280"/>
  <nd ref="1893946279"/>
  <nd ref="1893946278"/>
  <nd ref="1893946277"/>
  <nd ref="1893946276"/>
  <nd ref="1893946275"/>
  <nd ref="1893946273"/>
  <nd ref="9041298178"/>
  <nd ref="1893946270"/>
  <nd ref="1893946269"/>
  <nd ref="1893946267"/>
  <nd ref="1893946264"/>
  <nd ref="1893946261"/>
  <nd ref="1893946265"/>
  <tag k="highway" v="path"/>
  <tag k="source" v="survey"/>
  <tag k="surface" v="ground"/>
  <tag k="trail_visibility" v="good"/>
 </way>
 <way id="179058428" visible="true" version="5" changeset="110375149" timestamp="2021-08-28T10:43:34Z" user="harahu" uid="10233897">
  <nd ref="1008267658"/>
  <nd ref="1893946184"/>
  <nd ref="1893946183"/>
  <nd ref="1893946180"/>
  <nd ref="1893946182"/>
  <nd ref="1893946187"/>
  <nd ref="1893946188"/>
  <nd ref="1893946189"/>
  <nd ref="9042667161"/>
  <nd ref="1893946192"/>
  <nd ref="1893946193"/>
  <nd ref="1893946194"/>
  <nd ref="1893946195"/>
  <nd ref="3201823550"/>
  <nd ref="1893946197"/>
  <nd ref="1893946198"/>
  <nd ref="1893946200"/>
  <nd ref="1893946201"/>
  <nd ref="1893946202"/>
  <nd ref="1893946203"/>
  <nd ref="1893946205"/>
  <tag k="highway" v="path"/>
  <tag k="source" v="survey"/>
  <tag k="surface" v="ground"/>
  <tag k="trail_visibility" v="intermediate"/>
 </way>
 <way id="179058432" visible="true" version="4" changeset="110349654" timestamp="2021-08-27T16:06:13Z" user="harahu" uid="10233897">
  <nd ref="1893946265"/>
  <nd ref="9041298177"/>
  <nd ref="1893946259"/>
  <nd ref="9041298176"/>
  <nd ref="1893946258"/>
  <nd ref="1893946257"/>
  <nd ref="944697006"/>
  <tag k="highway" v="path"/>
  <tag k="source" v="survey"/>
  <tag k="surface" v="ground"/>
  <tag k="trail_visibility" v="intermediate"/>
 </way>
 <way id="179058437" visible="true" version="6" changeset="105268191" timestamp="2021-05-25T06:57:13Z" user="harahu" uid="10233897">
  <nd ref="558984598"/>
  <nd ref="1893946212"/>
  <nd ref="1893946214"/>
  <nd ref="2479650016"/>
  <nd ref="2479650018"/>
  <nd ref="1893946218"/>
  <nd ref="2292935979"/>
  <nd ref="2292935981"/>
  <nd ref="1893946251"/>
  <nd ref="2292935989"/>
  <nd ref="2292681671"/>
  <nd ref="2292681673"/>
  <nd ref="944697050"/>
  <tag k="highway" v="path"/>
  <tag k="source" v="survey"/>
  <tag k="surface" v="ground"/>
 </way>
 <way id="179634722" visible="true" version="6" changeset="136845779" timestamp="2023-06-01T20:23:32Z" user="harahu" uid="10233897">
  <nd ref="558984598"/>
  <nd ref="1900466306"/>
  <nd ref="1900466302"/>
  <nd ref="2479650014"/>
  <nd ref="1900466311"/>
  <nd ref="1900466308"/>
  <nd ref="1900466304"/>
  <nd ref="1900466300"/>
  <nd ref="10944844247"/>
  <nd ref="1900466298"/>
  <nd ref="1900466289"/>
  <nd ref="939668335"/>
  <tag k="highway" v="path"/>
  <tag k="source" v="survey"/>
  <tag k="surface" v="ground"/>
  <tag k="trail_visibility" v="intermediate"/>
 </way>
 <way id="213191912" visible="true" version="51" changeset="167921844" timestamp="2025-06-21T16:44:24Z" user="LandskapsLars" uid="22387387">
  <nd ref="7427765468"/>
  <nd ref="269875404"/>
  <nd ref="269875403"/>
  <nd ref="7427765467"/>
  <nd ref="7427765466"/>
  <nd ref="269875402"/>
  <nd ref="7427765465"/>
  <nd ref="7427765464"/>
  <nd ref="7427765463"/>
  <nd ref="7427765462"/>
  <nd ref="2320123188"/>
  <nd ref="7427765461"/>
  <nd ref="7427765460"/>
  <nd ref="269875401"/>
  <nd ref="7427765459"/>
  <nd ref="7427765458"/>
  <nd ref="7427765457"/>
  <nd ref="7427765456"/>
  <nd ref="7427765455"/>
  <nd ref="7427765454"/>
  <nd ref="269875400"/>
  <nd ref="7427765453"/>
  <nd ref="2320123195"/>
  <nd ref="269875399"/>
  <nd ref="269875398"/>
  <nd ref="269875397"/>
  <nd ref="269875396"/>
  <nd ref="269875395"/>
  <nd ref="269875394"/>
  <nd ref="269875393"/>
  <nd ref="269875392"/>
  <nd ref="269875391"/>
  <nd ref="1717988037"/>
  <nd ref="269875390"/>
  <nd ref="1138013333"/>
  <nd ref="1639640440"/>
  <nd ref="1639640428"/>
  <nd ref="1639640455"/>
  <nd ref="1639640466"/>
  <nd ref="1138013310"/>
  <nd ref="1639640457"/>
  <nd ref="1639640425"/>
  <nd ref="1639640434"/>
  <nd ref="1138013370"/>
  <nd ref="1138013348"/>
  <nd ref="269875389"/>
  <nd ref="3418462277"/>
  <nd ref="3418462274"/>
  <nd ref="3418462270"/>
  <nd ref="269875388"/>
  <nd ref="3418462258"/>
  <nd ref="3418462257"/>
  <nd ref="269875387"/>
  <nd ref="269875386"/>
  <nd ref="3418462276"/>
  <nd ref="3418462283"/>
  <nd ref="11635094764"/>
  <nd ref="11635094763"/>
  <nd ref="11635094761"/>
  <nd ref="11635094759"/>
  <nd ref="11635094758"/>
  <nd ref="11635094760"/>
  <nd ref="11635094762"/>
  <nd ref="3418464297"/>
  <nd ref="3418464306"/>
  <nd ref="3418464308"/>
  <nd ref="3418464310"/>
  <nd ref="11635205318"/>
  <nd ref="3418464312"/>
  <nd ref="3418464315"/>
  <nd ref="3418464316"/>
  <nd ref="3418464317"/>
  <nd ref="3418464321"/>
  <nd ref="3418464324"/>
  <nd ref="269875385"/>
  <nd ref="3418464330"/>
  <nd ref="269875384"/>
  <nd ref="3418464329"/>
  <nd ref="3418464332"/>
  <nd ref="3418464334"/>
  <nd ref="3418464335"/>
  <nd ref="3418464328"/>
  <nd ref="3418464327"/>
  <nd ref="3418464325"/>
  <nd ref="3418464322"/>
  <nd ref="3418464318"/>
  <nd ref="3418464314"/>
  <nd ref="3418464313"/>
  <nd ref="3418464311"/>
  <nd ref="3418464307"/>
  <nd ref="3418464302"/>
  <nd ref="3418464301"/>
  <nd ref="3418464304"/>
  <nd ref="3418464305"/>
  <nd ref="3418464300"/>
  <nd ref="3418462292"/>
  <nd ref="3418462288"/>
  <nd ref="3418464295"/>
  <nd ref="3418464303"/>
  <nd ref="9910400111"/>
  <nd ref="9910400110"/>
  <nd ref="3418464309"/>
  <nd ref="3418464331"/>
  <nd ref="3418464333"/>
  <nd ref="3418464336"/>
  <nd ref="269875383"/>
  <nd ref="3418464337"/>
  <nd ref="3418464338"/>
  <nd ref="3418464340"/>
  <nd ref="3418464339"/>
  <nd ref="3418464341"/>
  <nd ref="269875382"/>
  <nd ref="269875381"/>
  <nd ref="269875380"/>
  <nd ref="269875379"/>
  <nd ref="269875378"/>
  <nd ref="269875377"/>
  <nd ref="269875376"/>
  <nd ref="269875375"/>
  <nd ref="244039489"/>
  <nd ref="3827594092"/>
  <nd ref="244039490"/>
  <nd ref="244039491"/>
  <nd ref="244039492"/>
  <nd ref="244039493"/>
  <nd ref="244039494"/>
  <nd ref="244039495"/>
  <nd ref="8618549337"/>
  <nd ref="244039496"/>
  <nd ref="6379290491"/>
  <nd ref="244039497"/>
  <nd ref="8618549319"/>
  <nd ref="8618549336"/>
  <nd ref="244039498"/>
  <nd ref="244039499"/>
  <nd ref="8618549335"/>
  <nd ref="8618549334"/>
  <nd ref="8618244010"/>
  <nd ref="8618244009"/>
  <nd ref="244039501"/>
  <nd ref="8618244008"/>
  <nd ref="8618244007"/>
  <nd ref="8618244006"/>
  <nd ref="8618549320"/>
  <nd ref="8618549321"/>
  <nd ref="8618549322"/>
  <nd ref="8618244011"/>
  <nd ref="8618244012"/>
  <nd ref="8618244013"/>
  <nd ref="8618244016"/>
  <nd ref="8618244014"/>
  <nd ref="8618549366"/>
  <nd ref="8618549365"/>
  <nd ref="8618549317"/>
  <nd ref="8618244015"/>
  <nd ref="244039505"/>
  <nd ref="8618549318"/>
  <nd ref="244039506"/>
  <nd ref="244039511"/>
  <nd ref="244039512"/>
  <nd ref="998315120"/>
  <nd ref="5627675312"/>
  <nd ref="244039513"/>
  <nd ref="998315201"/>
  <nd ref="244039514"/>
  <nd ref="999586118"/>
  <nd ref="6283483931"/>
  <nd ref="1737831656"/>
  <nd ref="244039515"/>
  <nd ref="244039516"/>
  <nd ref="244039517"/>
  <nd ref="244039518"/>
  <nd ref="244039519"/>
  <nd ref="244039520"/>
  <nd ref="244039521"/>
  <nd ref="244039522"/>
  <nd ref="244039523"/>
  <nd ref="244039524"/>
  <nd ref="244039525"/>
  <nd ref="244039526"/>
  <nd ref="244039527"/>
  <nd ref="244039528"/>
  <nd ref="244039529"/>
  <nd ref="244039530"/>
  <nd ref="244039531"/>
  <nd ref="244039532"/>
  <nd ref="244039533"/>
  <nd ref="6394657907"/>
  <nd ref="6394657906"/>
  <nd ref="6394657905"/>
  <nd ref="244039534"/>
  <nd ref="244039535"/>
  <nd ref="244039536"/>
  <nd ref="244039537"/>
  <nd ref="244039538"/>
  <nd ref="6281939386"/>
  <nd ref="244039539"/>
  <nd ref="244039541"/>
  <nd ref="244039542"/>
  <nd ref="244039543"/>
  <nd ref="244039544"/>
  <nd ref="244039545"/>
  <nd ref="244039546"/>
  <nd ref="244039547"/>
  <nd ref="244039548"/>
  <nd ref="1126330073"/>
  <nd ref="244039549"/>
  <nd ref="244039550"/>
  <nd ref="1126329989"/>
  <nd ref="12597939560"/>
  <nd ref="1126330165"/>
  <nd ref="1126330068"/>
  <nd ref="244039551"/>
  <nd ref="244039552"/>
  <nd ref="244039553"/>
  <nd ref="244039554"/>
  <nd ref="244039555"/>
  <nd ref="244039556"/>
  <nd ref="244039557"/>
  <nd ref="244039558"/>
  <nd ref="244039559"/>
  <nd ref="244039560"/>
  <nd ref="244039562"/>
  <nd ref="244039563"/>
  <nd ref="244039564"/>
  <nd ref="244039573"/>
  <nd ref="244039574"/>
  <nd ref="244039575"/>
  <nd ref="244039576"/>
  <nd ref="244039577"/>
  <nd ref="244039578"/>
  <nd ref="244039579"/>
  <nd ref="244039580"/>
  <nd ref="244039581"/>
  <nd ref="12603770741"/>
  <nd ref="244039582"/>
  <nd ref="244039583"/>
  <nd ref="244039584"/>
  <nd ref="244039585"/>
  <nd ref="244039586"/>
  <nd ref="244039587"/>
  <nd ref="244039588"/>
  <nd ref="244039589"/>
  <nd ref="244039590"/>
  <nd ref="244039591"/>
  <nd ref="244039593"/>
  <nd ref="244039594"/>
  <nd ref="244039595"/>
  <nd ref="244039596"/>
  <nd ref="244039597"/>
  <nd ref="244039598"/>
  <nd ref="244039599"/>
  <nd ref="244039600"/>
  <nd ref="244039601"/>
  <nd ref="244039602"/>
  <nd ref="244039603"/>
  <nd ref="244039604"/>
  <nd ref="7174590149"/>
  <nd ref="244039605"/>
  <nd ref="244039606"/>
  <nd ref="244039607"/>
  <nd ref="244039608"/>
  <nd ref="244039609"/>
  <nd ref="244039610"/>
  <nd ref="244039611"/>
  <nd ref="244039612"/>
  <nd ref="244039613"/>
  <nd ref="244039614"/>
  <nd ref="244039615"/>
  <nd ref="244039616"/>
  <nd ref="244039617"/>
  <nd ref="244039618"/>
  <nd ref="1132100740"/>
  <nd ref="244039619"/>
  <nd ref="244039620"/>
  <nd ref="244039621"/>
  <nd ref="244039624"/>
  <nd ref="244039625"/>
  <nd ref="244039626"/>
  <nd ref="244039627"/>
  <nd ref="244039628"/>
  <nd ref="244039629"/>
  <nd ref="244039630"/>
  <nd ref="244039631"/>
  <nd ref="244039632"/>
  <nd ref="244039633"/>
  <nd ref="244039634"/>
  <nd ref="244039635"/>
  <nd ref="244039636"/>
  <nd ref="244039637"/>
  <nd ref="8269646436"/>
  <nd ref="8269646437"/>
  <nd ref="244039638"/>
  <nd ref="8269646439"/>
  <nd ref="8269646441"/>
  <nd ref="8269646443"/>
  <nd ref="8269646445"/>
  <nd ref="8269646446"/>
  <nd ref="8269646448"/>
  <nd ref="8269646450"/>
  <nd ref="8269646451"/>
  <nd ref="12603484271"/>
  <nd ref="8269646454"/>
  <nd ref="8269646456"/>
  <nd ref="8269646458"/>
  <nd ref="8269646461"/>
  <nd ref="8269646463"/>
  <nd ref="8269646464"/>
  <nd ref="8269646466"/>
  <nd ref="8269646468"/>
  <nd ref="8269646469"/>
  <nd ref="8269646467"/>
  <nd ref="8269646465"/>
  <nd ref="8269646470"/>
  <nd ref="8269646462"/>
  <nd ref="8269646460"/>
  <nd ref="8269646459"/>
  <nd ref="8269646457"/>
  <nd ref="8269646455"/>
  <nd ref="8269646453"/>
  <nd ref="8269646452"/>
  <nd ref="8269646449"/>
  <nd ref="8269646447"/>
  <nd ref="8269646444"/>
  <nd ref="8269646442"/>
  <nd ref="8269646440"/>
  <nd ref="8269646438"/>
  <nd ref="244039639"/>
  <nd ref="244039640"/>
  <nd ref="8269646435"/>
  <nd ref="244039641"/>
  <nd ref="244039642"/>
  <nd ref="1132112486"/>
  <nd ref="1132112293"/>
  <nd ref="1132112368"/>
  <nd ref="12603553047"/>
  <nd ref="244039643"/>
  <nd ref="244039644"/>
  <nd ref="244039645"/>
  <nd ref="2308394832"/>
  <nd ref="2308394844"/>
  <nd ref="2308394868"/>
  <nd ref="244039646"/>
  <nd ref="869862698"/>
  <nd ref="869863044"/>
  <nd ref="869862974"/>
  <nd ref="244039647"/>
  <nd ref="869862693"/>
  <nd ref="244039648"/>
  <nd ref="244039649"/>
  <nd ref="1132116353"/>
  <nd ref="1132116307"/>
  <nd ref="1132116334"/>
  <nd ref="1132116323"/>
  <nd ref="1132116348"/>
  <nd ref="1132116300"/>
  <nd ref="1132116358"/>
  <nd ref="2292681675"/>
  <nd ref="2292681688"/>
  <nd ref="1132116343"/>
  <nd ref="1132116295"/>
  <nd ref="2299241540"/>
  <nd ref="2299241539"/>
  <nd ref="1132116317"/>
  <nd ref="1132116337"/>
  <nd ref="1132116296"/>
  <nd ref="1132116318"/>
  <nd ref="1132112379"/>
  <nd ref="1132112461"/>
  <nd ref="244039650"/>
  <nd ref="244039651"/>
  <nd ref="9192536891"/>
  <nd ref="9192536890"/>
  <nd ref="244039653"/>
  <nd ref="244039654"/>
  <nd ref="244039656"/>
  <nd ref="244039657"/>
  <nd ref="244039658"/>
  <nd ref="244039659"/>
  <nd ref="1639668640"/>
  <nd ref="1639668650"/>
  <nd ref="244039660"/>
  <nd ref="244039661"/>
  <nd ref="244039662"/>
  <nd ref="244039663"/>
  <nd ref="244039664"/>
  <nd ref="244039665"/>
  <nd ref="244039666"/>
  <nd ref="1132116354"/>
  <nd ref="244039667"/>
  <nd ref="1132116308"/>
  <nd ref="244039668"/>
  <nd ref="244039669"/>
  <nd ref="244039670"/>
  <nd ref="244039671"/>
  <nd ref="244039672"/>
  <nd ref="244039673"/>
  <nd ref="244039674"/>
  <nd ref="244039675"/>
  <nd ref="244039676"/>
  <nd ref="244039677"/>
  <nd ref="244039678"/>
  <nd ref="244039679"/>
  <nd ref="244039680"/>
  <nd ref="244039681"/>
  <nd ref="244039682"/>
  <nd ref="244039683"/>
  <nd ref="244039684"/>
  <nd ref="244039685"/>
  <nd ref="244039686"/>
  <nd ref="244039687"/>
  <nd ref="244039688"/>
  <nd ref="10116620312"/>
  <nd ref="10116620313"/>
  <nd ref="10116638422"/>
  <nd ref="10116638421"/>
  <nd ref="10116620314"/>
  <nd ref="10116638419"/>
  <nd ref="10116638420"/>
  <nd ref="10116638418"/>
  <nd ref="10116638417"/>
  <nd ref="10116620316"/>
  <nd ref="10116620315"/>
  <nd ref="244039689"/>
  <nd ref="244039690"/>
  <nd ref="244039691"/>
  <nd ref="1283128055"/>
  <nd ref="244039692"/>
  <nd ref="32694431"/>
  <nd ref="10186820416"/>
  <nd ref="10186820415"/>
  <nd ref="10186828617"/>
  <nd ref="10186828618"/>
  <nd ref="10186828619"/>
  <nd ref="10186828620"/>
  <nd ref="10186828621"/>
  <nd ref="10186828622"/>
  <nd ref="1283128062"/>
  <nd ref="10186828623"/>
  <nd ref="32694432"/>
  <nd ref="10186828624"/>
  <nd ref="10186828625"/>
  <nd ref="10186828626"/>
  <nd ref="10186828627"/>
  <nd ref="10186828630"/>
  <nd ref="10186828628"/>
  <nd ref="10186828629"/>
  <nd ref="12943310774"/>
  <nd ref="32694433"/>
  <nd ref="10186828711"/>
  <nd ref="10186828712"/>
  <nd ref="10186828714"/>
  <nd ref="10186828713"/>
  <nd ref="10186828715"/>
  <nd ref="10186828716"/>
  <nd ref="10186828718"/>
  <nd ref="10186828719"/>
  <nd ref="10186828720"/>
  <nd ref="1283128156"/>
  <nd ref="10186828721"/>
  <nd ref="10186828717"/>
  <nd ref="10186828722"/>
  <nd ref="10186828724"/>
  <nd ref="10186828723"/>
  <nd ref="10186828725"/>
  <nd ref="10186828727"/>
  <nd ref="10186828726"/>
  <nd ref="10186828728"/>
  <nd ref="32694434"/>
  <nd ref="32694435"/>
  <nd ref="11094496767"/>
  <nd ref="32694436"/>
  <nd ref="11094496765"/>
  <nd ref="11094496766"/>
  <nd ref="11094496764"/>
  <nd ref="32694437"/>
  <nd ref="11094496763"/>
  <nd ref="32694438"/>
  <nd ref="11094496762"/>
  <nd ref="11094496761"/>
  <nd ref="32694439"/>
  <nd ref="11094496760"/>
  <nd ref="11094496758"/>
  <nd ref="11094496759"/>
  <nd ref="11094496757"/>
  <nd ref="32694440"/>
  <nd ref="11094496755"/>
  <nd ref="11094496756"/>
  <nd ref="11094496752"/>
  <nd ref="11094496754"/>
  <nd ref="11094496753"/>
  <nd ref="11094496750"/>
  <nd ref="11094496751"/>
  <nd ref="32694468"/>
  <nd ref="11094496749"/>
  <nd ref="32694469"/>
  <nd ref="11094496747"/>
  <nd ref="11094496748"/>
  <nd ref="11094496746"/>
  <nd ref="11094496741"/>
  <nd ref="32694470"/>
  <nd ref="11094496742"/>
  <nd ref="11094496743"/>
  <nd ref="11094496744"/>
  <nd ref="11094496745"/>
  <nd ref="11094496739"/>
  <nd ref="11094496738"/>
  <nd ref="11094496740"/>
  <nd ref="11094496736"/>
  <nd ref="11094496737"/>
  <nd ref="11094496734"/>
  <nd ref="11094496735"/>
  <nd ref="32694471"/>
  <nd ref="11094496732"/>
  <nd ref="11094496733"/>
  <nd ref="11094496731"/>
  <nd ref="32694472"/>
  <nd ref="11094496729"/>
  <nd ref="11094496727"/>
  <nd ref="11094496728"/>
  <nd ref="11094496730"/>
  <nd ref="11094496725"/>
  <nd ref="11094496724"/>
  <nd ref="11094496726"/>
  <nd ref="11094496722"/>
  <nd ref="11094496723"/>
  <nd ref="32694473"/>
  <nd ref="11094496721"/>
  <nd ref="11094496719"/>
  <nd ref="11094496720"/>
  <nd ref="11094496718"/>
  <nd ref="11094496716"/>
  <nd ref="11094496717"/>
  <nd ref="32694474"/>
  <nd ref="11094496714"/>
  <nd ref="11094496715"/>
  <nd ref="11094496713"/>
  <nd ref="11094496711"/>
  <nd ref="11094496712"/>
  <nd ref="11094496710"/>
  <nd ref="11094496709"/>
  <nd ref="32694475"/>
  <nd ref="11094496706"/>
  <nd ref="11094496707"/>
  <nd ref="11094496705"/>
  <nd ref="11094496708"/>
  <nd ref="11094496704"/>
  <nd ref="11094496703"/>
  <nd ref="32694476"/>
  <nd ref="11094496701"/>
  <nd ref="11094496699"/>
  <nd ref="11094496700"/>
  <nd ref="11094496697"/>
  <nd ref="11094496698"/>
  <nd ref="11094496696"/>
  <nd ref="11094496695"/>
  <nd ref="11094496702"/>
  <nd ref="11094496694"/>
  <nd ref="32694477"/>
  <nd ref="11094496692"/>
  <nd ref="11094496691"/>
  <nd ref="11094496693"/>
  <nd ref="32694478"/>
  <nd ref="11094496689"/>
  <nd ref="11094496690"/>
  <nd ref="11094496687"/>
  <nd ref="11094496688"/>
  <nd ref="11094496686"/>
  <nd ref="2278513207"/>
  <nd ref="11094496685"/>
  <nd ref="11094496684"/>
  <nd ref="11094496683"/>
  <nd ref="11094496682"/>
  <nd ref="32694480"/>
  <nd ref="11094496678"/>
  <nd ref="11094496677"/>
  <nd ref="11094496681"/>
  <nd ref="11094496676"/>
  <nd ref="11094496680"/>
  <nd ref="11094496679"/>
  <nd ref="11094496674"/>
  <nd ref="11094496675"/>
  <nd ref="32694481"/>
  <nd ref="11094496673"/>
  <nd ref="32694482"/>
  <nd ref="11094496670"/>
  <nd ref="11094496671"/>
  <nd ref="11094496666"/>
  <nd ref="11094496665"/>
  <nd ref="11094496672"/>
  <nd ref="11094496667"/>
  <nd ref="11094496663"/>
  <nd ref="11094496664"/>
  <nd ref="11094496668"/>
  <nd ref="11094496662"/>
  <nd ref="11094496669"/>
  <nd ref="11094496661"/>
  <nd ref="11094496660"/>
  <nd ref="32694483"/>
  <nd ref="11094496657"/>
  <nd ref="11094496656"/>
  <nd ref="11094496655"/>
  <nd ref="11094496658"/>
  <nd ref="11094496654"/>
  <nd ref="11094496653"/>
  <nd ref="11094496659"/>
  <nd ref="11094496650"/>
  <nd ref="11094496651"/>
  <nd ref="11094496649"/>
  <nd ref="11094496652"/>
  <nd ref="11094496646"/>
  <nd ref="32694484"/>
  <nd ref="11094496645"/>
  <nd ref="11094496644"/>
  <nd ref="11094496648"/>
  <nd ref="11094496642"/>
  <nd ref="11094496641"/>
  <nd ref="11094496640"/>
  <nd ref="11094496639"/>
  <nd ref="11094496643"/>
  <nd ref="11094496638"/>
  <nd ref="11094496647"/>
  <nd ref="11094496637"/>
  <nd ref="32694485"/>
  <nd ref="11094496634"/>
  <nd ref="11094496635"/>
  <nd ref="11094496636"/>
  <nd ref="32694486"/>
  <nd ref="11094496632"/>
  <nd ref="11094496633"/>
  <nd ref="11094496631"/>
  <nd ref="11094496629"/>
  <nd ref="11094496630"/>
  <nd ref="32694487"/>
  <nd ref="11094496627"/>
  <nd ref="11094496626"/>
  <nd ref="11094496625"/>
  <nd ref="11094496628"/>
  <nd ref="11094496624"/>
  <nd ref="11094496623"/>
  <nd ref="11094496622"/>
  <nd ref="11094496621"/>
  <nd ref="11094496620"/>
  <nd ref="32694488"/>
  <nd ref="11094496619"/>
  <nd ref="11094496618"/>
  <nd ref="932489978"/>
  <nd ref="11094496616"/>
  <nd ref="11094496617"/>
  <nd ref="11094496615"/>
  <nd ref="11094496612"/>
  <nd ref="1077844060"/>
  <nd ref="11094496613"/>
  <nd ref="11094496614"/>
  <nd ref="11094496611"/>
  <nd ref="32694489"/>
  <nd ref="932489979"/>
  <nd ref="11094496609"/>
  <nd ref="11094496608"/>
  <nd ref="11094496610"/>
  <nd ref="11094496607"/>
  <nd ref="11094496606"/>
  <nd ref="11094496605"/>
  <nd ref="32694490"/>
  <nd ref="11094496603"/>
  <nd ref="11094496602"/>
  <nd ref="11094496601"/>
  <nd ref="11094496604"/>
  <nd ref="32694491"/>
  <nd ref="11094496599"/>
  <nd ref="11094496600"/>
  <nd ref="11094496597"/>
  <nd ref="11094496598"/>
  <nd ref="32694492"/>
  <nd ref="11094496595"/>
  <nd ref="11094496593"/>
  <nd ref="11094496592"/>
  <nd ref="11094496594"/>
  <nd ref="11094496596"/>
  <nd ref="11094496591"/>
  <nd ref="11094496589"/>
  <nd ref="11094496588"/>
  <nd ref="11094496590"/>
  <nd ref="32694493"/>
  <nd ref="11094496586"/>
  <nd ref="11094496585"/>
  <nd ref="11094496584"/>
  <nd ref="11094496587"/>
  <nd ref="32694494"/>
  <nd ref="11094496583"/>
  <nd ref="11094496582"/>
  <nd ref="32694495"/>
  <nd ref="11094496579"/>
  <nd ref="11094496578"/>
  <nd ref="11094496581"/>
  <nd ref="11094496580"/>
  <nd ref="32694496"/>
  <nd ref="11094496575"/>
  <nd ref="11094496574"/>
  <nd ref="11094496577"/>
  <nd ref="11094496576"/>
  <nd ref="32694497"/>
  <nd ref="11094496571"/>
  <nd ref="11094496570"/>
  <nd ref="11094496572"/>
  <nd ref="11094496568"/>
  <nd ref="11094496569"/>
  <nd ref="11094496573"/>
  <nd ref="11094496565"/>
  <nd ref="11094496566"/>
  <nd ref="11094496564"/>
  <nd ref="32694498"/>
  <nd ref="11094496567"/>
  <nd ref="11094496562"/>
  <nd ref="11094496563"/>
  <nd ref="11094496561"/>
  <nd ref="32694499"/>
  <nd ref="11094496559"/>
  <nd ref="11094496558"/>
  <nd ref="11094496560"/>
  <nd ref="11094496557"/>
  <nd ref="32694500"/>
  <nd ref="11094496551"/>
  <nd ref="11094496550"/>
  <nd ref="11094496552"/>
  <nd ref="11094496554"/>
  <nd ref="11094496553"/>
  <nd ref="11094496556"/>
  <nd ref="11094496555"/>
  <nd ref="32694502"/>
  <nd ref="11094496547"/>
  <nd ref="11094496548"/>
  <nd ref="11094496546"/>
  <nd ref="11094496549"/>
  <nd ref="11094496543"/>
  <nd ref="11094496545"/>
  <nd ref="11094496544"/>
  <nd ref="32694503"/>
  <nd ref="11094496542"/>
  <nd ref="11094496540"/>
  <nd ref="11094496541"/>
  <nd ref="11094496539"/>
  <nd ref="32694504"/>
  <nd ref="11094496535"/>
  <nd ref="11094496536"/>
  <nd ref="11094496534"/>
  <nd ref="11094496537"/>
  <nd ref="11094496538"/>
  <nd ref="11094496531"/>
  <nd ref="11094496532"/>
  <nd ref="11094496530"/>
  <nd ref="11094496533"/>
  <nd ref="32694505"/>
  <nd ref="11094496529"/>
  <nd ref="11094496528"/>
  <nd ref="11094496527"/>
  <nd ref="32694506"/>
  <nd ref="11094496524"/>
  <nd ref="11094496525"/>
  <nd ref="11094496526"/>
  <nd ref="11094496522"/>
  <nd ref="11094496523"/>
  <nd ref="32694407"/>
  <nd ref="11094496519"/>
  <nd ref="11094496520"/>
  <nd ref="11094496518"/>
  <nd ref="11094496521"/>
  <nd ref="11094496517"/>
  <nd ref="11094496516"/>
  <nd ref="11094496515"/>
  <nd ref="11094496514"/>
  <nd ref="11094496512"/>
  <nd ref="11094496513"/>
  <nd ref="32694408"/>
  <nd ref="11094496511"/>
  <nd ref="11094496509"/>
  <nd ref="11094496510"/>
  <nd ref="32694409"/>
  <nd ref="11094496507"/>
  <nd ref="11094496508"/>
  <nd ref="32694410"/>
  <nd ref="11094496506"/>
  <nd ref="11094390603"/>
  <nd ref="11094390604"/>
  <nd ref="11094496505"/>
  <nd ref="32694411"/>
  <nd ref="11094390602"/>
  <nd ref="11094390601"/>
  <nd ref="32694412"/>
  <nd ref="11094390600"/>
  <nd ref="32694413"/>
  <nd ref="11094390598"/>
  <nd ref="11094390599"/>
  <nd ref="11094390597"/>
  <nd ref="32694414"/>
  <nd ref="11094390596"/>
  <nd ref="11094390595"/>
  <nd ref="32694415"/>
  <nd ref="11094390593"/>
  <nd ref="11094390594"/>
  <nd ref="11094390591"/>
  <nd ref="11094390592"/>
  <nd ref="11094390590"/>
  <nd ref="11094390589"/>
  <nd ref="11094390587"/>
  <nd ref="11094390588"/>
  <nd ref="32694416"/>
  <nd ref="11094390586"/>
  <nd ref="32694417"/>
  <nd ref="11094390585"/>
  <nd ref="32694418"/>
  <nd ref="996327127"/>
  <nd ref="996326131"/>
  <nd ref="996326823"/>
  <nd ref="32694423"/>
  <nd ref="10186820365"/>
  <nd ref="10186820366"/>
  <nd ref="10186820367"/>
  <nd ref="10186820368"/>
  <nd ref="10186820369"/>
  <nd ref="32694424"/>
  <nd ref="10186820371"/>
  <nd ref="10186820370"/>
  <nd ref="10186820372"/>
  <nd ref="10186820373"/>
  <nd ref="10186820375"/>
  <nd ref="10186820374"/>
  <nd ref="10186820377"/>
  <nd ref="10186820376"/>
  <nd ref="10186820378"/>
  <nd ref="32694425"/>
  <nd ref="10186820379"/>
  <nd ref="10186820380"/>
  <nd ref="10186820381"/>
  <nd ref="32694426"/>
  <nd ref="10186820384"/>
  <nd ref="10186820385"/>
  <nd ref="10186820383"/>
  <nd ref="10186820386"/>
  <nd ref="10186820382"/>
  <nd ref="10186820387"/>
  <nd ref="10186820388"/>
  <nd ref="10186820389"/>
  <nd ref="32694427"/>
  <nd ref="10186820390"/>
  <nd ref="10186820391"/>
  <nd ref="10186820392"/>
  <nd ref="10186820393"/>
  <nd ref="10186820394"/>
  <nd ref="10186820395"/>
  <nd ref="32694428"/>
  <nd ref="10186820397"/>
  <nd ref="10186820398"/>
  <nd ref="10186820396"/>
  <nd ref="10186820401"/>
  <nd ref="10186820400"/>
  <nd ref="32694429"/>
  <nd ref="10186820402"/>
  <nd ref="10186820403"/>
  <nd ref="10186820404"/>
  <nd ref="10186820399"/>
  <nd ref="10186820405"/>
  <nd ref="10186820406"/>
  <nd ref="10186820407"/>
  <nd ref="10186820408"/>
  <nd ref="10186820409"/>
  <nd ref="10186820410"/>
  <nd ref="32694430"/>
  <nd ref="244047623"/>
  <nd ref="244047624"/>
  <nd ref="244003636"/>
  <nd ref="244003637"/>
  <nd ref="244003638"/>
  <nd ref="244003639"/>
  <nd ref="244003640"/>
  <nd ref="869863080"/>
  <nd ref="244003641"/>
  <nd ref="869862925"/>
  <nd ref="244003642"/>
  <nd ref="869862848"/>
  <nd ref="869862941"/>
  <nd ref="244003643"/>
  <nd ref="5171860169"/>
  <nd ref="244003644"/>
  <nd ref="244003701"/>
  <nd ref="244003702"/>
  <nd ref="244003677"/>
  <nd ref="1131163972"/>
  <nd ref="244003678"/>
  <nd ref="244003679"/>
  <nd ref="244003703"/>
  <nd ref="869862647"/>
  <nd ref="244003645"/>
  <nd ref="869862768"/>
  <nd ref="869862725"/>
  <nd ref="869863003"/>
  <nd ref="869862813"/>
  <nd ref="869863066"/>
  <nd ref="869862733"/>
  <nd ref="244003680"/>
  <nd ref="3902139991"/>
  <nd ref="3902139990"/>
  <nd ref="7777615151"/>
  <nd ref="7777615112"/>
  <nd ref="7777615122"/>
  <nd ref="7777615123"/>
  <nd ref="7777615124"/>
  <nd ref="7777615125"/>
  <nd ref="7777562617"/>
  <nd ref="7777562648"/>
  <nd ref="7777562647"/>
  <nd ref="7777562646"/>
  <nd ref="7777562645"/>
  <nd ref="7777562644"/>
  <nd ref="7777562643"/>
  <nd ref="7777562642"/>
  <nd ref="7777562641"/>
  <nd ref="7777562616"/>
  <nd ref="3902139993"/>
  <nd ref="3902139995"/>
  <nd ref="3902139996"/>
  <nd ref="3902139994"/>
  <nd ref="244003587"/>
  <nd ref="244003588"/>
 </way>
 <way id="218621645" visible="true" version="3" changeset="105268191" timestamp="2021-05-25T06:57:13Z" user="harahu" uid="10233897">
  <nd ref="558984546"/>
  <nd ref="2278513249"/>
  <nd ref="2278513246"/>
  <nd ref="2278513238"/>
  <nd ref="2278513230"/>
  <nd ref="2278513227"/>
  <nd ref="2278513223"/>
  <nd ref="2278513219"/>
  <nd ref="2278513217"/>
  <nd ref="2278513215"/>
  <nd ref="2278513213"/>
  <nd ref="2278513211"/>
  <nd ref="2278513209"/>
  <tag k="highway" v="path"/>
  <tag k="source" v="survey"/>
  <tag k="surface" v="ground"/>
  <tag k="trail_visibility" v="intermediate"/>
 </way>
 <way id="220144794" visible="true" version="2" changeset="26977300" timestamp="2014-11-23T16:48:08Z" user="vibrog" uid="11992">
  <nd ref="1893946251"/>
  <nd ref="1893946254"/>
  <nd ref="1893946255"/>
  <nd ref="1893946256"/>
  <tag k="highway" v="path"/>
  <tag k="source" v="survey"/>
  <tag k="trail_visibility" v="intermediate"/>
 </way>
 <way id="220144795" visible="true" version="3" changeset="105268191" timestamp="2021-05-25T06:57:13Z" user="harahu" uid="10233897">
  <nd ref="1893946203"/>
  <nd ref="2292681639"/>
  <nd ref="2292681640"/>
  <nd ref="2292681642"/>
  <nd ref="2292681643"/>
  <nd ref="2292681649"/>
  <nd ref="1900466311"/>
  <tag k="highway" v="path"/>
  <tag k="source" v="survey"/>
  <tag k="surface" v="ground"/>
  <tag k="trail_visibility" v="intermediate"/>
 </way>
 <way id="240047909" visible="true" version="4" changeset="105268191" timestamp="2021-05-25T06:57:13Z" user="harahu" uid="10233897">
  <nd ref="558984505"/>
  <nd ref="558984507"/>
  <nd ref="558984509"/>
  <nd ref="929557935"/>
  <nd ref="929557694"/>
  <nd ref="929557880"/>
  <nd ref="558984511"/>
  <tag k="highway" v="path"/>
  <tag k="mtb:scale" v="1"/>
  <tag k="surface" v="ground"/>
  <tag k="trailblazed" v="yes"/>
 </way>
 <way id="240047915" visible="true" version="10" changeset="136872497" timestamp="2023-06-02T15:08:51Z" user="harahu" uid="10233897">
  <nd ref="929557850"/>
  <nd ref="558984560"/>
  <nd ref="939668471"/>
  <nd ref="939668382"/>
  <nd ref="558984562"/>
  <nd ref="558984564"/>
  <nd ref="10946349655"/>
  <nd ref="558984566"/>
  <nd ref="3201823537"/>
  <nd ref="558984568"/>
  <nd ref="2292935974"/>
  <nd ref="558984570"/>
  <nd ref="3201823538"/>
  <nd ref="558984572"/>
  <nd ref="558984574"/>
  <nd ref="558984575"/>
  <nd ref="944869507"/>
  <nd ref="944869552"/>
  <nd ref="2479649999"/>
  <nd ref="944869470"/>
  <nd ref="9041289784"/>
  <nd ref="944869520"/>
  <nd ref="558984580"/>
  <nd ref="9041289785"/>
  <nd ref="944869559"/>
  <nd ref="558984582"/>
  <nd ref="558984584"/>
  <nd ref="9041289786"/>
  <nd ref="558984586"/>
  <nd ref="9041289787"/>
  <nd ref="558984588"/>
  <nd ref="558984590"/>
  <nd ref="944869522"/>
  <nd ref="558984591"/>
  <nd ref="944869561"/>
  <nd ref="944869488"/>
  <nd ref="558984593"/>
  <nd ref="558984595"/>
  <nd ref="944869529"/>
  <nd ref="9041289788"/>
  <nd ref="558984596"/>
  <nd ref="1893946205"/>
  <nd ref="9041289789"/>
  <nd ref="558984597"/>
  <nd ref="9041289790"/>
  <nd ref="558984598"/>
  <nd ref="944697022"/>
  <nd ref="558984599"/>
  <nd ref="558984602"/>
  <nd ref="558984604"/>
  <nd ref="9041298169"/>
  <nd ref="944697002"/>
  <nd ref="944697024"/>
  <nd ref="558984607"/>
  <nd ref="558984609"/>
  <nd ref="9041298170"/>
  <nd ref="9041298172"/>
  <nd ref="558984611"/>
  <nd ref="9041298171"/>
  <nd ref="558984615"/>
  <nd ref="1283128136"/>
  <nd ref="558984617"/>
  <nd ref="558984619"/>
  <nd ref="558984621"/>
  <tag k="attribution" v="runermm;anders_ar;vibrog;Tractor"/>
  <tag k="highway" v="path"/>
  <tag k="mtb:scale" v="2"/>
  <tag k="surface" v="ground"/>
  <tag k="trailblazed" v="yes"/>
 </way>
 <way id="240215137" visible="true" version="2" changeset="105268191" timestamp="2021-05-25T06:57:13Z" user="harahu" uid="10233897">
  <nd ref="2479650016"/>
  <nd ref="2479650014"/>
  <tag k="fixme" v="resurvey"/>
  <tag k="highway" v="path"/>
  <tag k="source" v="survey"/>
  <tag k="surface" v="ground"/>
  <tag k="trail_visibility" v="intermediate"/>
 </way>
 <way id="240215143" visible="true" version="2" changeset="105268191" timestamp="2021-05-25T06:57:13Z" user="harahu" uid="10233897">
  <nd ref="2479649999"/>
  <nd ref="2479649993"/>
  <nd ref="2479649989"/>
  <nd ref="2479649985"/>
  <nd ref="2479649983"/>
  <nd ref="2479649976"/>
  <nd ref="2479649967"/>
  <nd ref="2479649965"/>
  <nd ref="2479649961"/>
  <tag k="fixme" v="incomplete"/>
  <tag k="highway" v="path"/>
  <tag k="source" v="survey"/>
  <tag k="surface" v="ground"/>
  <tag k="trail_visibility" v="bad"/>
 </way>
 <way id="240215146" visible="true" version="1" changeset="18136305" timestamp="2013-10-02T02:13:27Z" user="haakonst" uid="118690">
  <nd ref="2479650000"/>
  <nd ref="2479650005"/>
  <tag k="natural" v="cliff"/>
  <tag k="source" v="survey"/>
 </way>
 <way id="244063684" visible="true" version="3" changeset="136854703" timestamp="2023-06-02T06:47:04Z" user="harahu" uid="10233897">
  <nd ref="929557722"/>
  <nd ref="10945686603"/>
  <nd ref="2108570978"/>
  <tag k="highway" v="path"/>
  <tag k="surface" v="ground"/>
 </way>
 <way id="262608583" visible="true" version="2" changeset="37679732" timestamp="2016-03-08T06:19:32Z" user="Tractor" uid="395141">
  <nd ref="2682639663"/>
  <nd ref="2682639660"/>
  <nd ref="2682639658"/>
  <nd ref="2682639655"/>
  <tag k="name" v="Lutdalen"/>
  <tag k="natural" v="valley"/>
 </way>
 <way id="289970777" visible="true" version="9" changeset="110350219" timestamp="2021-08-27T16:19:26Z" user="harahu" uid="10233897">
  <nd ref="2935038787"/>
  <nd ref="2955496506"/>
  <nd ref="2935038788"/>
  <nd ref="2935038789"/>
  <nd ref="2935038790"/>
  <nd ref="9039558061"/>
  <nd ref="2935038791"/>
  <nd ref="2935038792"/>
  <nd ref="6423216363"/>
  <nd ref="2935038793"/>
  <nd ref="6423216364"/>
  <nd ref="2935038794"/>
  <nd ref="2935038795"/>
  <nd ref="2935038796"/>
  <nd ref="2935038797"/>
  <nd ref="4704471180"/>
  <nd ref="2935038798"/>
  <nd ref="2935038799"/>
  <nd ref="2935038800"/>
  <nd ref="2935039601"/>
  <nd ref="2935039602"/>
  <nd ref="2935039603"/>
  <nd ref="2935039604"/>
  <nd ref="2935039605"/>
  <nd ref="2935039606"/>
  <nd ref="2935039607"/>
  <nd ref="2935039608"/>
  <nd ref="2935039609"/>
  <nd ref="9039558074"/>
  <nd ref="2935039610"/>
  <nd ref="2935039611"/>
  <nd ref="2935039612"/>
  <nd ref="9041309785"/>
  <nd ref="2935039613"/>
  <nd ref="2935039614"/>
  <nd ref="9041309790"/>
  <nd ref="2935039615"/>
  <nd ref="2935039616"/>
  <nd ref="2935039617"/>
  <nd ref="2935039618"/>
  <nd ref="9039558075"/>
  <nd ref="2935039619"/>
  <nd ref="2935039620"/>
  <nd ref="2935039621"/>
  <nd ref="2935039622"/>
  <nd ref="2935039623"/>
  <nd ref="2935039624"/>
  <nd ref="9039558076"/>
  <nd ref="2935039625"/>
  <nd ref="2935039626"/>
  <nd ref="2935039627"/>
  <nd ref="2935039628"/>
  <nd ref="2935039629"/>
  <tag k="highway" v="path"/>
  <tag k="trail_visibility" v="intermediate"/>
 </way>
 <way id="292037480" visible="true" version="2" changeset="24059250" timestamp="2014-07-10T08:36:15Z" user="krosenvold" uid="2130745">
  <nd ref="2955496506"/>
  <nd ref="2955496507"/>
  <nd ref="2955496508"/>
  <nd ref="2955496509"/>
  <nd ref="2955496510"/>
  <tag k="highway" v="path"/>
 </way>
 <way id="292153115" visible="true" version="3" changeset="110307654" timestamp="2021-08-26T20:57:00Z" user="harahu" uid="10233897">
  <nd ref="2935038792"/>
  <nd ref="2956934617"/>
  <nd ref="6423216352"/>
  <nd ref="2956934618"/>
  <nd ref="6423216353"/>
  <nd ref="2956934619"/>
  <nd ref="2956934620"/>
  <nd ref="6423216356"/>
  <nd ref="6423216355"/>
  <nd ref="2956934621"/>
  <nd ref="6423216354"/>
  <nd ref="2956934622"/>
  <nd ref="2956934623"/>
  <nd ref="2956934624"/>
  <nd ref="9038967720"/>
  <nd ref="454625594"/>
  <tag k="highway" v="path"/>
  <tag k="source" v="strava"/>
 </way>
 <way id="292153473" visible="true" version="3" changeset="110318089" timestamp="2021-08-27T05:44:31Z" user="harahu" uid="10233897">
  <nd ref="558987239"/>
  <nd ref="2956934092"/>
  <nd ref="2956934093"/>
  <nd ref="2956934094"/>
  <nd ref="2956934095"/>
  <nd ref="2956934096"/>
  <nd ref="2956934097"/>
  <nd ref="2956934098"/>
  <nd ref="9039508312"/>
  <nd ref="558987225"/>
  <tag k="highway" v="path"/>
 </way>
 <way id="311322610" visible="true" version="2" changeset="44052853" timestamp="2016-11-30T07:17:34Z" user="vibrog" uid="11992">
  <nd ref="3169341120"/>
  <nd ref="3169341123"/>
  <nd ref="3169341129"/>
  <nd ref="3169341130"/>
  <nd ref="3169341131"/>
  <nd ref="3169341128"/>
  <nd ref="3169341127"/>
  <nd ref="3169341122"/>
  <nd ref="3169341121"/>
  <nd ref="3169341120"/>
  <tag k="name" v="Rundmyr"/>
  <tag k="natural" v="wetland"/>
 </way>
 <way id="314136370" visible="true" version="2" changeset="105268191" timestamp="2021-05-25T06:57:13Z" user="harahu" uid="10233897">
  <nd ref="2292681642"/>
  <nd ref="3201823553"/>
  <nd ref="3201823552"/>
  <nd ref="3201823551"/>
  <nd ref="3201823550"/>
  <tag k="highway" v="path"/>
  <tag k="source" v="survey"/>
  <tag k="surface" v="ground"/>
  <tag k="trail_visibility" v="intermediate"/>
 </way>
 <way id="401691880" visible="true" version="2" changeset="88770153" timestamp="2020-07-31T08:19:55Z" user="Tractor" uid="395141">
  <nd ref="3310586953"/>
  <nd ref="4041034562"/>
  <nd ref="7772283783"/>
  <nd ref="7772283784"/>
  <tag k="piste:grooming" v="scooter"/>
  <tag k="piste:type" v="nordic"/>
 </way>
 <way id="415135839" visible="true" version="2" changeset="105268191" timestamp="2021-05-25T06:57:13Z" user="harahu" uid="10233897">
  <nd ref="558984511"/>
  <nd ref="558984514"/>
  <nd ref="1132617602"/>
  <nd ref="1132617455"/>
  <nd ref="558984516"/>
  <nd ref="558984522"/>
  <nd ref="929557943"/>
  <nd ref="929557749"/>
  <nd ref="929557777"/>
  <nd ref="558984523"/>
  <nd ref="558984525"/>
  <nd ref="929557844"/>
  <nd ref="929557725"/>
  <nd ref="558984527"/>
  <nd ref="2278513186"/>
  <nd ref="929557769"/>
  <nd ref="558984529"/>
  <nd ref="558984531"/>
  <nd ref="929557868"/>
  <nd ref="558984533"/>
  <nd ref="929557706"/>
  <nd ref="929557940"/>
  <nd ref="929557667"/>
  <nd ref="2278513203"/>
  <nd ref="558984535"/>
  <nd ref="929557910"/>
  <nd ref="558984538"/>
  <nd ref="558984541"/>
  <nd ref="558984543"/>
  <nd ref="929557799"/>
  <nd ref="1132100524"/>
  <nd ref="558984545"/>
  <nd ref="2278513233"/>
  <nd ref="929557679"/>
  <nd ref="1132100649"/>
  <nd ref="2278513244"/>
  <nd ref="929557877"/>
  <nd ref="558984546"/>
  <nd ref="558984552"/>
  <nd ref="929557748"/>
  <nd ref="558984554"/>
  <nd ref="558984556"/>
  <nd ref="929557701"/>
  <nd ref="929557885"/>
  <nd ref="1893946162"/>
  <nd ref="558984558"/>
  <nd ref="929557850"/>
  <tag k="attribution" v="runermm;anders_ar;vibrog;Tractor"/>
  <tag k="highway" v="path"/>
  <tag k="mtb:scale" v="2"/>
  <tag k="surface" v="ground"/>
  <tag k="trailblazed" v="yes"/>
 </way>
 <way id="477037411" visible="true" version="4" changeset="110318089" timestamp="2021-08-27T05:44:31Z" user="harahu" uid="10233897">
  <nd ref="4704471180"/>
  <nd ref="4704471179"/>
  <nd ref="4704471177"/>
  <nd ref="4704471170"/>
  <nd ref="4704471176"/>
  <nd ref="4704471175"/>
  <nd ref="9039541342"/>
  <nd ref="4704471174"/>
  <nd ref="4704471173"/>
  <nd ref="4704471172"/>
  <nd ref="4704471171"/>
  <nd ref="558987204"/>
  <tag k="highway" v="path"/>
  <tag k="trail_visibility" v="bad"/>
 </way>
 <way id="560490719" visible="true" version="5" changeset="169813638" timestamp="2025-08-01T11:44:10Z" user="as_donkeykong" uid="23143320">
  <nd ref="996326564"/>
  <nd ref="6042361246"/>
  <nd ref="6042361245"/>
  <nd ref="6042361244"/>
  <nd ref="6042361247"/>
  <nd ref="6042361249"/>
  <nd ref="6042361248"/>
  <nd ref="996325739"/>
  <tag k="highway" v="path"/>
  <tag k="piste:grooming" v="scooter"/>
  <tag k="piste:type" v="nordic"/>
  <tag k="surface" v="fine_gravel"/>
 </way>
 <way id="560490720" visible="true" version="3" changeset="105267451" timestamp="2021-05-25T06:47:05Z" user="harahu" uid="10233897">
  <nd ref="996326564"/>
  <nd ref="996325933"/>
  <nd ref="996327034"/>
  <nd ref="6042361236"/>
  <nd ref="996326425"/>
  <tag k="highway" v="path"/>
  <tag k="surface" v="ground"/>
 </way>
 <way id="832486743" visible="true" version="2" changeset="112336827" timestamp="2021-10-10T14:44:30Z" user="NKA" uid="3497659">
  <nd ref="9162645925"/>
  <nd ref="9162645924"/>
  <nd ref="9162645923"/>
  <nd ref="9162645922"/>
  <nd ref="9162645925"/>
  <tag k="building" v="toilets"/>
  <tag k="ref:bygningsnr" v="81615764"/>
 </way>
 <way id="832486744" visible="true" version="1" changeset="88770153" timestamp="2020-07-31T08:19:55Z" user="Tractor" uid="395141">
  <nd ref="7772284119"/>
  <nd ref="7772284118"/>
  <nd ref="7772284117"/>
  <nd ref="7772284116"/>
  <nd ref="7772284115"/>
  <tag k="waterway" v="stream"/>
 </way>
 <way id="832486745" visible="true" version="1" changeset="88770153" timestamp="2020-07-31T08:19:55Z" user="Tractor" uid="395141">
  <nd ref="7772284120"/>
  <nd ref="7772284119"/>
  <tag k="layer" v="-1"/>
  <tag k="waterway" v="stream"/>
 </way>
 <way id="832486746" visible="true" version="1" changeset="88770153" timestamp="2020-07-31T08:19:55Z" user="Tractor" uid="395141">
  <nd ref="7772284110"/>
  <nd ref="7772284111"/>
  <tag k="layer" v="-1"/>
  <tag k="tunnel" v="culvert"/>
  <tag k="waterway" v="stream"/>
 </way>
 <way id="832486747" visible="true" version="1" changeset="88770153" timestamp="2020-07-31T08:19:55Z" user="Tractor" uid="395141">
  <nd ref="7772284103"/>
  <nd ref="7772284104"/>
  <nd ref="7772284105"/>
  <nd ref="7772284106"/>
  <nd ref="7772284107"/>
  <nd ref="7772284108"/>
  <nd ref="7772284109"/>
  <nd ref="7772284110"/>
  <tag k="waterway" v="stream"/>
 </way>
 <way id="832486748" visible="true" version="1" changeset="88770153" timestamp="2020-07-31T08:19:55Z" user="Tractor" uid="395141">
  <nd ref="7772284111"/>
  <nd ref="7772284112"/>
  <nd ref="7772284113"/>
  <nd ref="7772284114"/>
  <nd ref="7772284121"/>
  <nd ref="7772284120"/>
  <tag k="waterway" v="stream"/>
 </way>
 <way id="946725639" visible="true" version="2" changeset="150707356" timestamp="2024-04-30T13:06:26Z" user="harahu" uid="10233897">
  <nd ref="5405246272"/>
  <nd ref="8763604690"/>
  <nd ref="8763604691"/>
  <nd ref="11869036524"/>
  <nd ref="11869036525"/>
  <nd ref="11869036526"/>
  <nd ref="11869036527"/>
  <nd ref="8763604692"/>
  <nd ref="11869036528"/>
  <nd ref="11869036529"/>
  <nd ref="8763604693"/>
  <nd ref="11869036530"/>
  <nd ref="8763604694"/>
  <nd ref="11869036531"/>
  <nd ref="11869036532"/>
  <nd ref="8763604695"/>
  <nd ref="11869036533"/>
  <nd ref="11869036534"/>
  <nd ref="11869036535"/>
  <nd ref="11869036536"/>
  <nd ref="11869036537"/>
  <nd ref="8763604696"/>
  <nd ref="11869036538"/>
  <nd ref="8763604697"/>
  <nd ref="11869036539"/>
  <nd ref="8763604698"/>
  <nd ref="11869036540"/>
  <nd ref="11869036542"/>
  <nd ref="11869036541"/>
  <nd ref="8763604699"/>
  <nd ref="11869036546"/>
  <nd ref="11869036545"/>
  <nd ref="8763604700"/>
  <nd ref="8763604701"/>
  <nd ref="11869036544"/>
  <nd ref="11869036543"/>
  <nd ref="8763604702"/>
  <nd ref="11869036557"/>
  <nd ref="11869036556"/>
  <nd ref="8763604703"/>
  <nd ref="11869036559"/>
  <nd ref="11869036558"/>
  <nd ref="8763604704"/>
  <nd ref="11869036562"/>
  <nd ref="11869036561"/>
  <nd ref="8763604705"/>
  <nd ref="11869036560"/>
  <nd ref="11869036972"/>
  <nd ref="8763604706"/>
  <nd ref="8763604707"/>
  <nd ref="8763604708"/>
  <nd ref="11869036973"/>
  <nd ref="8763604709"/>
  <nd ref="11869036974"/>
  <nd ref="8763604710"/>
  <nd ref="5405246287"/>
  <tag k="highway" v="path"/>
  <tag k="surface" v="ground"/>
 </way>
 <way id="966116912" visible="true" version="1" changeset="108353141" timestamp="2021-07-21T08:11:07Z" user="MaxMad" uid="706634">
  <nd ref="8937959704"/>
  <nd ref="8937959705"/>
  <nd ref="8937959706"/>
  <nd ref="8937959707"/>
  <nd ref="8937959708"/>
  <nd ref="8937959709"/>
  <nd ref="8937959710"/>
  <nd ref="8937959711"/>
  <nd ref="8937959712"/>
  <nd ref="8937959713"/>
  <nd ref="8937959714"/>
  <nd ref="8937959715"/>
  <nd ref="8937959716"/>
  <nd ref="8938022317"/>
  <nd ref="8938022318"/>
  <tag k="natural" v="cliff"/>
 </way>
 <way id="976849712" visible="true" version="1" changeset="110318089" timestamp="2021-08-27T05:44:31Z" user="harahu" uid="10233897">
  <nd ref="9039508314"/>
  <nd ref="9039508315"/>
  <nd ref="9039508316"/>
  <nd ref="9039541317"/>
  <nd ref="9039541335"/>
  <nd ref="9039541318"/>
  <nd ref="9039541319"/>
  <nd ref="9039541320"/>
  <nd ref="9039541321"/>
  <nd ref="9039541322"/>
  <tag k="highway" v="path"/>
  <tag k="surface" v="ground"/>
 </way>
 <way id="976849713" visible="true" version="1" changeset="110318089" timestamp="2021-08-27T05:44:31Z" user="harahu" uid="10233897">
  <nd ref="9039541318"/>
  <nd ref="9039541323"/>
  <nd ref="9039541324"/>
  <nd ref="9039541325"/>
  <nd ref="9039541326"/>
  <tag k="highway" v="path"/>
  <tag k="surface" v="ground"/>
 </way>
 <way id="976849714" visible="true" version="1" changeset="110318089" timestamp="2021-08-27T05:44:31Z" user="harahu" uid="10233897">
  <nd ref="558987193"/>
  <nd ref="9039541329"/>
  <nd ref="9039541330"/>
  <nd ref="9039541331"/>
  <nd ref="9039541323"/>
  <tag k="highway" v="path"/>
  <tag k="surface" v="ground"/>
 </way>
 <way id="976849715" visible="true" version="1" changeset="110318089" timestamp="2021-08-27T05:44:31Z" user="harahu" uid="10233897">
  <nd ref="9039541332"/>
  <nd ref="9039541333"/>
  <nd ref="9039541334"/>
  <nd ref="9039541335"/>
  <tag k="highway" v="path"/>
  <tag k="surface" v="ground"/>
 </way>
 <way id="976849716" visible="true" version="1" changeset="110318089" timestamp="2021-08-27T05:44:31Z" user="harahu" uid="10233897">
  <nd ref="9039541334"/>
  <nd ref="9039541336"/>
  <nd ref="9039541337"/>
  <nd ref="9039541322"/>
  <tag k="highway" v="path"/>
  <tag k="surface" v="ground"/>
 </way>
 <way id="976852488" visible="true" version="1" changeset="110318584" timestamp="2021-08-27T05:55:09Z" user="harahu" uid="10233897">
  <nd ref="9039541340"/>
  <nd ref="9039558060"/>
  <nd ref="9039558061"/>
  <tag k="highway" v="path"/>
  <tag k="surface" v="ground"/>
 </way>
 <way id="977003128" visible="true" version="2" changeset="172826624" timestamp="2025-10-04T11:29:24Z" user="Marius Løkken" uid="20041403">
  <nd ref="9041099585"/>
  <nd ref="9041099586"/>
  <nd ref="9041134126"/>
  <nd ref="9041099587"/>
  <nd ref="9041099588"/>
  <nd ref="9041099589"/>
  <nd ref="9041099590"/>
  <nd ref="9041099591"/>
  <nd ref="9041099592"/>
  <nd ref="9041099593"/>
  <nd ref="9041099594"/>
  <nd ref="9041099595"/>
  <nd ref="9041099596"/>
  <nd ref="9041099597"/>
  <nd ref="9041099598"/>
  <nd ref="9041099599"/>
  <nd ref="9041099600"/>
  <nd ref="9041099601"/>
  <nd ref="9041099602"/>
  <nd ref="9041099606"/>
  <nd ref="9041099603"/>
  <nd ref="9041099604"/>
  <nd ref="13192306759"/>
  <nd ref="9041099605"/>
  <tag k="highway" v="path"/>
  <tag k="surface" v="ground"/>
 </way>
 <way id="977003129" visible="true" version="1" changeset="110346461" timestamp="2021-08-27T14:48:53Z" user="harahu" uid="10233897">
  <nd ref="9041099606"/>
  <nd ref="9041099607"/>
  <nd ref="9041099608"/>
  <tag k="highway" v="path"/>
  <tag k="surface" v="ground"/>
 </way>
 <way id="977003130" visible="true" version="1" changeset="110346461" timestamp="2021-08-27T14:48:53Z" user="harahu" uid="10233897">
  <nd ref="9041099597"/>
  <nd ref="9041099611"/>
  <nd ref="9041099612"/>
  <nd ref="9041099613"/>
  <nd ref="9041099614"/>
  <nd ref="9041099615"/>
  <nd ref="9041099616"/>
  <nd ref="1895323475"/>
  <tag k="highway" v="path"/>
  <tag k="surface" v="ground"/>
 </way>
 <way id="977003132" visible="true" version="1" changeset="110346461" timestamp="2021-08-27T14:48:53Z" user="harahu" uid="10233897">
  <nd ref="9041134126"/>
  <nd ref="9041134127"/>
  <nd ref="9041134128"/>
  <nd ref="9041134129"/>
  <nd ref="9041134130"/>
  <nd ref="9041134131"/>
  <nd ref="9041134132"/>
  <nd ref="9041134133"/>
  <nd ref="9041134134"/>
  <nd ref="9041134135"/>
  <tag k="highway" v="path"/>
  <tag k="surface" v="ground"/>
 </way>
 <way id="977019983" visible="true" version="1" changeset="110349654" timestamp="2021-08-27T16:06:13Z" user="harahu" uid="10233897">
  <nd ref="944697044"/>
  <nd ref="9041298168"/>
  <nd ref="9041298169"/>
  <tag k="highway" v="path"/>
  <tag k="surface" v="ground"/>
 </way>
 <way id="977019984" visible="true" version="1" changeset="110349654" timestamp="2021-08-27T16:06:13Z" user="harahu" uid="10233897">
  <nd ref="9041298172"/>
  <nd ref="9041298173"/>
  <nd ref="9041298174"/>
  <nd ref="9041298175"/>
  <nd ref="558985720"/>
  <tag k="highway" v="path"/>
  <tag k="surface" v="ground"/>
 </way>
 <way id="977019987" visible="true" version="1" changeset="110349654" timestamp="2021-08-27T16:06:13Z" user="harahu" uid="10233897">
  <nd ref="1893946259"/>
  <nd ref="9041298187"/>
  <nd ref="9041298188"/>
  <nd ref="9041298189"/>
  <nd ref="9041298190"/>
  <nd ref="9041298191"/>
  <nd ref="9041298192"/>
  <nd ref="9041298193"/>
  <nd ref="9041298194"/>
  <nd ref="558985714"/>
  <tag k="highway" v="path"/>
  <tag k="surface" v="ground"/>
 </way>
 <way id="977170539" visible="true" version="2" changeset="150701096" timestamp="2024-04-30T10:49:02Z" user="harahu" uid="10233897">
  <nd ref="3201823550"/>
  <nd ref="9042667162"/>
  <nd ref="9042667163"/>
  <nd ref="9042667164"/>
  <nd ref="9042667165"/>
  <nd ref="9042667166"/>
  <nd ref="9042667167"/>
  <nd ref="9042667168"/>
  <nd ref="9042667169"/>
  <nd ref="11868717671"/>
  <nd ref="11868717672"/>
  <nd ref="2292681612"/>
  <tag k="highway" v="path"/>
  <tag k="surface" v="ground"/>
 </way>
 <way id="1089021283" visible="true" version="1" changeset="125349567" timestamp="2022-08-25T09:07:51Z" user="Bjune" uid="16922132">
  <nd ref="9976634086"/>
  <nd ref="9976634087"/>
  <nd ref="9976634088"/>
  <nd ref="9976634089"/>
  <nd ref="9976634090"/>
  <nd ref="9976634091"/>
  <nd ref="9976634092"/>
  <nd ref="9976634093"/>
  <nd ref="9976634094"/>
  <nd ref="9976634095"/>
  <nd ref="9976634096"/>
  <nd ref="9976634097"/>
  <nd ref="5405246274"/>
  <nd ref="9976634086"/>
  <tag k="name" v="Lutvann badeplass"/>
  <tag k="natural" v="beach"/>
 </way>
 <way id="1178329034" visible="true" version="1" changeset="136872497" timestamp="2023-06-02T15:08:51Z" user="harahu" uid="10233897">
  <nd ref="10946349649"/>
  <nd ref="10946349650"/>
  <nd ref="10946349651"/>
  <nd ref="10946349652"/>
  <nd ref="10946349653"/>
  <nd ref="10946349654"/>
  <nd ref="10946349655"/>
  <tag k="highway" v="path"/>
 </way>
 <way id="1231176272" visible="true" version="1" changeset="145124445" timestamp="2023-12-14T19:15:23Z" user="NKA" uid="3497659">
  <nd ref="11418067768"/>
  <nd ref="11418067767"/>
  <nd ref="11418067766"/>
  <nd ref="11418067765"/>
  <nd ref="11418067764"/>
  <nd ref="11418067763"/>
  <nd ref="11418067762"/>
  <nd ref="11418067761"/>
  <nd ref="11418067760"/>
  <nd ref="11418067759"/>
  <nd ref="11418067758"/>
  <nd ref="11418067757"/>
  <nd ref="11418067756"/>
  <nd ref="11418067755"/>
  <nd ref="11418067754"/>
  <nd ref="11418067753"/>
  <nd ref="11418067752"/>
  <nd ref="11418067751"/>
  <nd ref="11418067750"/>
  <nd ref="11418067749"/>
  <nd ref="11418067748"/>
  <nd ref="11418067747"/>
  <nd ref="11418067746"/>
  <nd ref="11418067745"/>
  <nd ref="11418067744"/>
  <nd ref="11418067743"/>
  <nd ref="11418067742"/>
  <nd ref="11418067741"/>
  <nd ref="11418067740"/>
  <nd ref="11418067739"/>
  <nd ref="11418067738"/>
  <nd ref="11418067737"/>
  <nd ref="11418067736"/>
  <nd ref="11418067735"/>
  <nd ref="11418067734"/>
  <nd ref="11418067733"/>
  <nd ref="11418067732"/>
  <nd ref="11418067731"/>
  <nd ref="11418067730"/>
  <nd ref="11418067729"/>
  <nd ref="11418067728"/>
  <nd ref="11418067727"/>
  <nd ref="11418067726"/>
  <nd ref="11418067725"/>
  <nd ref="11418067724"/>
  <nd ref="11418067723"/>
  <nd ref="11418067722"/>
  <nd ref="11418067721"/>
  <nd ref="11418067720"/>
  <nd ref="11418067719"/>
  <nd ref="11418067718"/>
  <nd ref="11418067717"/>
  <nd ref="11418067716"/>
  <nd ref="11418067715"/>
  <nd ref="11418067714"/>
  <nd ref="11418067713"/>
  <nd ref="11418067712"/>
  <nd ref="11418067711"/>
  <nd ref="11418067710"/>
  <nd ref="11418067709"/>
  <nd ref="11418067708"/>
  <nd ref="11418067707"/>
  <nd ref="11418067706"/>
  <nd ref="11418067705"/>
  <nd ref="11418067704"/>
  <nd ref="11418067703"/>
  <nd ref="11418067702"/>
  <nd ref="11418067701"/>
  <nd ref="11418067700"/>
  <nd ref="11418067699"/>
  <nd ref="11418067698"/>
  <nd ref="11418067697"/>
  <nd ref="11418067696"/>
  <nd ref="11418067695"/>
  <nd ref="11418067694"/>
  <nd ref="11418067693"/>
  <nd ref="11418067692"/>
  <nd ref="11418067691"/>
  <nd ref="11418067690"/>
  <nd ref="11418067689"/>
  <nd ref="11418067688"/>
  <nd ref="11418067687"/>
  <nd ref="11418067686"/>
  <nd ref="11418067685"/>
  <nd ref="11418067684"/>
  <nd ref="11418067683"/>
  <nd ref="11418067682"/>
  <nd ref="11418067681"/>
  <nd ref="11418067680"/>
  <nd ref="11418067679"/>
  <nd ref="11418067678"/>
  <nd ref="11418067677"/>
  <nd ref="11418067676"/>
  <nd ref="11418067675"/>
  <nd ref="11418067674"/>
  <nd ref="11418067673"/>
  <nd ref="11418067672"/>
  <nd ref="11418067671"/>
  <nd ref="11418067670"/>
  <nd ref="11418067669"/>
  <nd ref="11418067668"/>
  <nd ref="11418067667"/>
  <nd ref="11418067666"/>
  <nd ref="11418067665"/>
  <nd ref="11418067664"/>
  <nd ref="11418067663"/>
  <nd ref="11418067662"/>
  <nd ref="11418067661"/>
  <nd ref="11418067660"/>
  <nd ref="11418067659"/>
  <nd ref="11418067658"/>
  <nd ref="11418067657"/>
  <nd ref="11418067656"/>
  <nd ref="11418067655"/>
  <nd ref="11418067654"/>
  <nd ref="11418067653"/>
  <nd ref="11418067652"/>
  <nd ref="11418067651"/>
  <nd ref="11418067650"/>
  <nd ref="11418067649"/>
  <nd ref="11418067648"/>
  <nd ref="11418067647"/>
  <nd ref="11418067646"/>
  <nd ref="11418067645"/>
  <nd ref="11418067644"/>
  <nd ref="11418067643"/>
  <nd ref="11418067642"/>
  <nd ref="11418067641"/>
  <nd ref="11418067640"/>
  <nd ref="11418067639"/>
  <nd ref="11418067638"/>
  <nd ref="11418067637"/>
  <nd ref="11418067636"/>
  <nd ref="11418067635"/>
  <nd ref="11418067634"/>
  <nd ref="11418067633"/>
  <nd ref="11418067632"/>
  <nd ref="11418067631"/>
  <nd ref="11418067630"/>
  <nd ref="11418067629"/>
  <nd ref="11418067628"/>
  <nd ref="11418067627"/>
  <nd ref="11418067626"/>
  <nd ref="11418067625"/>
  <nd ref="11418067624"/>
  <nd ref="11418067623"/>
  <nd ref="11418067622"/>
  <nd ref="11418067621"/>
  <nd ref="11418067620"/>
  <nd ref="11418067619"/>
  <nd ref="11418067618"/>
  <nd ref="11418067617"/>
  <nd ref="11418067616"/>
  <nd ref="11418067615"/>
  <nd ref="11418067614"/>
  <nd ref="11418067613"/>
  <nd ref="11418067612"/>
  <nd ref="11418067611"/>
  <nd ref="11418067610"/>
  <nd ref="11418067609"/>
  <nd ref="11418067608"/>
  <nd ref="11418067607"/>
  <nd ref="11418067606"/>
  <nd ref="11418067605"/>
  <nd ref="11418067604"/>
  <nd ref="11418067603"/>
  <nd ref="11418067602"/>
  <nd ref="11418067601"/>
  <nd ref="11418067600"/>
  <nd ref="11418067599"/>
  <nd ref="11418067598"/>
  <nd ref="11418067597"/>
  <nd ref="11418067596"/>
  <nd ref="11418067595"/>
  <nd ref="11418067594"/>
  <nd ref="11418067593"/>
  <nd ref="11418067592"/>
  <nd ref="11418067591"/>
  <nd ref="11418067590"/>
  <nd ref="11418067589"/>
  <nd ref="11418067588"/>
  <nd ref="11418067587"/>
  <nd ref="11418067586"/>
  <nd ref="11418067585"/>
  <nd ref="11418067584"/>
  <nd ref="11418067583"/>
  <nd ref="11418067582"/>
  <nd ref="11418067581"/>
  <nd ref="11418067580"/>
  <nd ref="11418067579"/>
  <nd ref="11418067578"/>
  <nd ref="11418067577"/>
  <nd ref="11418067576"/>
  <nd ref="11418067575"/>
  <nd ref="11418067574"/>
  <nd ref="11418067573"/>
  <nd ref="11418067572"/>
  <nd ref="11418067571"/>
  <nd ref="11418067570"/>
  <nd ref="11418067569"/>
  <nd ref="11418067568"/>
  <nd ref="11418067567"/>
  <nd ref="11418067566"/>
  <nd ref="11418067565"/>
  <nd ref="11418067564"/>
  <nd ref="11418067563"/>
  <nd ref="11418067562"/>
  <nd ref="11418067561"/>
  <nd ref="11418067560"/>
  <nd ref="11418067559"/>
  <nd ref="11418067558"/>
  <nd ref="11418067557"/>
  <nd ref="11418067556"/>
  <nd ref="11418067555"/>
  <nd ref="11418067554"/>
  <nd ref="11418067553"/>
  <nd ref="11418067552"/>
  <nd ref="11418067551"/>
  <nd ref="11418067550"/>
  <nd ref="11418067549"/>
  <nd ref="11418067548"/>
  <nd ref="11418067547"/>
  <nd ref="11418067546"/>
  <nd ref="11418067545"/>
  <nd ref="11418067544"/>
  <nd ref="11418067543"/>
  <nd ref="11418067542"/>
  <nd ref="11418067541"/>
  <nd ref="11418067540"/>
  <nd ref="11418067539"/>
  <nd ref="11418067538"/>
  <nd ref="11418067537"/>
  <nd ref="11418067536"/>
  <nd ref="11418067535"/>
  <nd ref="11418067534"/>
  <nd ref="11418067533"/>
  <nd ref="11418067532"/>
  <nd ref="11418067531"/>
  <nd ref="11418067530"/>
  <nd ref="11418067529"/>
  <nd ref="11418067528"/>
  <nd ref="11418067527"/>
  <nd ref="11418067526"/>
  <nd ref="11418067525"/>
  <nd ref="11418067524"/>
  <nd ref="11418067523"/>
  <nd ref="11418067522"/>
  <nd ref="11418067521"/>
  <nd ref="11418067520"/>
  <nd ref="11418067519"/>
  <nd ref="11418067518"/>
  <nd ref="11418067517"/>
  <nd ref="11418067516"/>
  <nd ref="11418067515"/>
  <nd ref="11418067514"/>
  <nd ref="11418067513"/>
  <nd ref="11418067512"/>
  <nd ref="11418067511"/>
  <nd ref="11418067510"/>
  <nd ref="11418067509"/>
  <nd ref="11418067508"/>
  <nd ref="11418067507"/>
  <nd ref="11418067506"/>
  <nd ref="11418067505"/>
  <nd ref="11418067504"/>
  <nd ref="11418067503"/>
  <nd ref="11418067502"/>
  <nd ref="11418067501"/>
  <nd ref="11418067500"/>
  <nd ref="11418067499"/>
  <nd ref="11418067498"/>
  <nd ref="11418067497"/>
  <nd ref="11418067496"/>
  <nd ref="11418067495"/>
  <nd ref="11418067494"/>
  <nd ref="11418067493"/>
  <nd ref="11418067492"/>
  <nd ref="11418067491"/>
  <nd ref="11418067490"/>
  <nd ref="11418067489"/>
  <nd ref="11418067488"/>
  <nd ref="11418067487"/>
  <nd ref="11418067486"/>
  <nd ref="11418067485"/>
  <nd ref="11418067484"/>
  <nd ref="11418067483"/>
  <nd ref="11418067482"/>
  <nd ref="11418067481"/>
  <nd ref="11418067480"/>
  <nd ref="11418067479"/>
  <nd ref="11418067478"/>
  <nd ref="11418067477"/>
  <nd ref="11418067476"/>
  <nd ref="11418067475"/>
  <nd ref="11418067474"/>
  <nd ref="11418067473"/>
  <nd ref="11418067472"/>
  <nd ref="11418067471"/>
  <nd ref="11418067470"/>
  <nd ref="11418067469"/>
  <nd ref="11418067468"/>
  <nd ref="11418067467"/>
  <nd ref="11418067466"/>
  <nd ref="11418067465"/>
  <nd ref="11418067464"/>
  <nd ref="11418067463"/>
  <nd ref="11418067462"/>
  <nd ref="11418067461"/>
  <nd ref="11418067460"/>
  <nd ref="11418067459"/>
  <nd ref="11418067458"/>
  <nd ref="11418067457"/>
  <nd ref="11418067456"/>
  <nd ref="11418067455"/>
  <nd ref="11418067454"/>
  <nd ref="11418067453"/>
  <nd ref="11418067452"/>
  <nd ref="11418067451"/>
  <nd ref="11418067450"/>
  <nd ref="11418067449"/>
  <nd ref="11418067448"/>
  <nd ref="11418067447"/>
  <nd ref="11418067446"/>
  <nd ref="11418067445"/>
  <nd ref="11418067444"/>
  <nd ref="11418067443"/>
  <nd ref="11418067442"/>
  <nd ref="11418067441"/>
  <nd ref="11418067440"/>
  <nd ref="11418067439"/>
  <nd ref="11418067438"/>
  <nd ref="11418067437"/>
  <nd ref="11418067436"/>
  <nd ref="11418067435"/>
  <nd ref="11418067434"/>
  <nd ref="11418067433"/>
  <nd ref="11418067432"/>
  <nd ref="11418067431"/>
  <nd ref="11418067430"/>
  <nd ref="11418067429"/>
  <nd ref="11418067428"/>
  <nd ref="11418067427"/>
  <nd ref="11418067426"/>
  <nd ref="11418067425"/>
  <nd ref="11418067424"/>
  <nd ref="11418067423"/>
  <nd ref="11418067422"/>
  <nd ref="11418067421"/>
  <nd ref="11418067420"/>
  <nd ref="11418067419"/>
  <nd ref="11418067418"/>
  <nd ref="11418067417"/>
  <nd ref="11418067416"/>
  <nd ref="11418067415"/>
  <nd ref="11418067414"/>
  <nd ref="11418067413"/>
  <nd ref="11418067412"/>
  <nd ref="11418067411"/>
  <nd ref="11418067410"/>
  <nd ref="11418067409"/>
  <nd ref="11418067408"/>
  <nd ref="11418067407"/>
  <nd ref="11418067406"/>
  <nd ref="11418067405"/>
  <nd ref="11418067404"/>
  <nd ref="11418067403"/>
  <nd ref="11418067402"/>
  <nd ref="11418067401"/>
  <nd ref="11418067400"/>
  <nd ref="11418067399"/>
  <nd ref="11418067398"/>
  <nd ref="11418067397"/>
  <nd ref="11418067396"/>
  <nd ref="11418067395"/>
  <nd ref="11418067394"/>
  <nd ref="11418067393"/>
  <nd ref="11418067392"/>
  <nd ref="11418067391"/>
  <nd ref="11418067390"/>
  <nd ref="11418067389"/>
  <nd ref="11418067388"/>
  <nd ref="11418067387"/>
  <nd ref="11418067386"/>
  <nd ref="11418067385"/>
  <nd ref="11418067384"/>
  <nd ref="11418067383"/>
  <nd ref="11418067382"/>
  <nd ref="11418067381"/>
  <nd ref="11418067380"/>
  <nd ref="11418067379"/>
  <nd ref="11418067378"/>
  <nd ref="11418067377"/>
  <nd ref="11418067376"/>
  <nd ref="11418067375"/>
  <nd ref="11418067374"/>
  <nd ref="11418067373"/>
  <nd ref="11418067372"/>
  <nd ref="11418067371"/>
  <nd ref="11418067370"/>
  <nd ref="11418067369"/>
  <nd ref="11418067368"/>
  <nd ref="11418067367"/>
  <nd ref="11418067366"/>
  <nd ref="11418067365"/>
  <nd ref="11418067364"/>
  <nd ref="11418067363"/>
  <nd ref="11418067362"/>
  <nd ref="11418067361"/>
  <nd ref="11418067360"/>
  <nd ref="11418067359"/>
  <nd ref="11418067358"/>
  <nd ref="11418067357"/>
  <nd ref="11418067356"/>
  <nd ref="11418067355"/>
  <nd ref="11418067354"/>
  <nd ref="11418067353"/>
  <nd ref="11418067352"/>
  <nd ref="11418067351"/>
  <nd ref="11418067350"/>
  <nd ref="11418067349"/>
  <nd ref="11418067348"/>
  <nd ref="11418067347"/>
  <nd ref="11418067346"/>
  <nd ref="11418067345"/>
  <nd ref="11418067344"/>
  <nd ref="11418067343"/>
  <nd ref="11418067342"/>
  <nd ref="11418067341"/>
  <nd ref="11418067340"/>
  <nd ref="11418067339"/>
  <nd ref="11418067338"/>
  <nd ref="11418067337"/>
  <nd ref="11418067336"/>
  <nd ref="11418067335"/>
  <nd ref="11418067334"/>
  <nd ref="11418067333"/>
  <nd ref="11418067332"/>
  <nd ref="11418067331"/>
  <nd ref="11418067330"/>
  <nd ref="11418067329"/>
  <nd ref="11418067328"/>
  <nd ref="11418067327"/>
  <nd ref="11418067326"/>
  <nd ref="11418067325"/>
  <nd ref="11418067324"/>
  <nd ref="11418067323"/>
  <nd ref="11418067322"/>
  <nd ref="11418067321"/>
  <nd ref="11418067320"/>
  <nd ref="11418067319"/>
  <nd ref="11418067318"/>
  <nd ref="11418067317"/>
  <nd ref="11418067316"/>
  <nd ref="11418067315"/>
  <nd ref="11418067314"/>
  <nd ref="11418067313"/>
  <nd ref="11418067312"/>
  <nd ref="11418067311"/>
  <nd ref="11418067310"/>
  <nd ref="11418067309"/>
  <nd ref="11418067308"/>
  <nd ref="11418067307"/>
  <nd ref="11418067306"/>
  <nd ref="11418067305"/>
  <nd ref="11418067304"/>
  <nd ref="11418067303"/>
  <nd ref="11418067302"/>
  <nd ref="11418067301"/>
  <nd ref="11418067300"/>
  <nd ref="11418067299"/>
  <nd ref="11418067298"/>
  <nd ref="11418067297"/>
  <nd ref="11418067296"/>
  <nd ref="11418067295"/>
  <nd ref="11418067294"/>
  <nd ref="11418067293"/>
  <nd ref="11418067292"/>
  <nd ref="11418067291"/>
  <nd ref="11418067290"/>
  <nd ref="11418067289"/>
  <nd ref="11418067288"/>
  <nd ref="11418067287"/>
  <nd ref="11418067286"/>
  <nd ref="11418067285"/>
  <nd ref="11418067284"/>
  <nd ref="11418067283"/>
  <nd ref="11418067282"/>
  <nd ref="11418067281"/>
  <nd ref="11418067280"/>
  <nd ref="11418067279"/>
  <nd ref="11418067278"/>
  <nd ref="11418067277"/>
  <nd ref="11418067276"/>
  <nd ref="11418067275"/>
  <nd ref="11418067274"/>
  <nd ref="11418067273"/>
  <nd ref="11418067272"/>
  <nd ref="11418067271"/>
  <nd ref="11418067270"/>
  <nd ref="11418067269"/>
  <nd ref="11418067268"/>
  <nd ref="11418067267"/>
  <nd ref="11418067266"/>
  <nd ref="11418067265"/>
  <nd ref="11418067264"/>
  <nd ref="11418067263"/>
  <nd ref="11418067262"/>
  <nd ref="11418067261"/>
  <nd ref="11418067260"/>
  <nd ref="11418067259"/>
  <nd ref="11418067258"/>
  <nd ref="11418067257"/>
  <nd ref="11418067256"/>
  <nd ref="11418067255"/>
  <nd ref="11418067254"/>
  <nd ref="11418067253"/>
  <nd ref="11418067252"/>
  <nd ref="11418067251"/>
  <nd ref="11418067250"/>
  <nd ref="11418067249"/>
  <nd ref="11418067248"/>
  <nd ref="11418067247"/>
  <nd ref="11418067246"/>
  <nd ref="11418067245"/>
  <nd ref="11418067244"/>
  <nd ref="11418067243"/>
  <nd ref="11418067242"/>
  <nd ref="11418067241"/>
  <nd ref="11418067240"/>
  <nd ref="11418067239"/>
  <nd ref="11418067238"/>
  <nd ref="11418067237"/>
  <nd ref="11418067236"/>
  <nd ref="11418067235"/>
  <nd ref="11418067234"/>
  <nd ref="11418067233"/>
  <nd ref="11418067232"/>
  <nd ref="11418067231"/>
  <nd ref="11418067230"/>
  <nd ref="11418067998"/>
  <nd ref="11418067997"/>
  <nd ref="11418067996"/>
  <nd ref="11418067995"/>
  <nd ref="11418067994"/>
  <nd ref="11418067993"/>
  <nd ref="11418067992"/>
  <nd ref="11418067991"/>
  <nd ref="11418067990"/>
  <nd ref="11418067989"/>
  <nd ref="11418067988"/>
  <nd ref="11418067987"/>
  <nd ref="11418067986"/>
  <nd ref="11418067985"/>
  <nd ref="11418067984"/>
  <nd ref="11418067983"/>
  <nd ref="11418067982"/>
  <nd ref="11418067981"/>
  <nd ref="11418067980"/>
  <nd ref="11418067979"/>
  <nd ref="11418067978"/>
  <nd ref="11418067977"/>
  <nd ref="11418067976"/>
  <nd ref="11418067975"/>
  <nd ref="11418067974"/>
  <nd ref="11418067973"/>
  <nd ref="11418067972"/>
  <nd ref="11418067971"/>
  <nd ref="11418067970"/>
  <nd ref="11418067969"/>
  <nd ref="11418067968"/>
  <nd ref="11418067967"/>
  <nd ref="11418067966"/>
  <nd ref="11418067965"/>
  <nd ref="11418067964"/>
  <nd ref="11418067963"/>
  <nd ref="11418067962"/>
  <nd ref="11418067961"/>
  <nd ref="11418067960"/>
  <nd ref="11418067959"/>
  <nd ref="11418067958"/>
  <nd ref="11418067957"/>
  <nd ref="11418067956"/>
  <nd ref="11418067955"/>
  <nd ref="11418067954"/>
  <nd ref="11418067953"/>
  <nd ref="11418067952"/>
  <nd ref="11418067951"/>
  <nd ref="11418067950"/>
  <nd ref="11418067949"/>
  <nd ref="11418067948"/>
  <nd ref="11418067947"/>
  <nd ref="11418067946"/>
  <nd ref="11418067945"/>
  <nd ref="11418067944"/>
  <nd ref="11418067943"/>
  <nd ref="11418067942"/>
  <nd ref="11418067941"/>
  <nd ref="11418067940"/>
  <nd ref="11418067939"/>
  <nd ref="11418067938"/>
  <nd ref="11418067937"/>
  <nd ref="11418067936"/>
  <nd ref="11418067935"/>
  <nd ref="11418067934"/>
  <nd ref="11418067933"/>
  <nd ref="11418067932"/>
  <nd ref="11418067931"/>
  <nd ref="11418067930"/>
  <nd ref="11418067929"/>
  <nd ref="11418067928"/>
  <nd ref="11418067927"/>
  <nd ref="11418067926"/>
  <nd ref="11418067925"/>
  <nd ref="11418067924"/>
  <nd ref="11418067923"/>
  <nd ref="11418067922"/>
  <nd ref="11418067921"/>
  <nd ref="11418067920"/>
  <nd ref="11418067919"/>
  <nd ref="11418067918"/>
  <nd ref="11418067917"/>
  <nd ref="11418067916"/>
  <nd ref="11418067915"/>
  <nd ref="11418067914"/>
  <nd ref="11418067913"/>
  <nd ref="11418067912"/>
  <nd ref="11418067911"/>
  <nd ref="11418067910"/>
  <nd ref="11418067909"/>
  <nd ref="11418067908"/>
  <nd ref="11418067907"/>
  <nd ref="11418067906"/>
  <nd ref="11418067905"/>
  <nd ref="11418067904"/>
  <nd ref="11418067903"/>
  <nd ref="11418067902"/>
  <nd ref="11418067901"/>
  <nd ref="11418067900"/>
  <nd ref="11418067899"/>
  <nd ref="11418067898"/>
  <nd ref="11418067897"/>
  <nd ref="11418067896"/>
  <nd ref="11418067895"/>
  <nd ref="11418067894"/>
  <nd ref="11418067893"/>
  <nd ref="11418067892"/>
  <nd ref="11418067891"/>
  <nd ref="11418067890"/>
  <nd ref="11418067889"/>
  <nd ref="11418067888"/>
  <nd ref="11418067887"/>
  <nd ref="11418067886"/>
  <nd ref="11418067885"/>
  <nd ref="11418067884"/>
  <nd ref="11418067883"/>
  <nd ref="11418067882"/>
  <nd ref="11418067881"/>
  <nd ref="11418067880"/>
  <nd ref="11418067879"/>
  <nd ref="11418067878"/>
  <nd ref="11418067877"/>
  <nd ref="11418067876"/>
  <nd ref="11418067875"/>
  <nd ref="11418067874"/>
  <nd ref="11418067873"/>
  <nd ref="11418067872"/>
  <nd ref="11418067871"/>
  <nd ref="11418067870"/>
  <nd ref="11418067869"/>
  <nd ref="11418067868"/>
  <nd ref="11418067867"/>
  <nd ref="11418067866"/>
  <nd ref="11418067865"/>
  <nd ref="11418067864"/>
  <nd ref="11418067863"/>
  <nd ref="11418067862"/>
  <nd ref="11418067861"/>
  <nd ref="11418067860"/>
  <nd ref="11418067859"/>
  <nd ref="11418067858"/>
  <nd ref="11418067857"/>
  <nd ref="11418067856"/>
  <nd ref="11418067855"/>
  <nd ref="11418067854"/>
  <nd ref="11418067853"/>
  <nd ref="11418067852"/>
  <nd ref="11418067851"/>
  <nd ref="11418067850"/>
  <nd ref="11418067849"/>
  <nd ref="11418067848"/>
  <nd ref="11418067847"/>
  <nd ref="11418067846"/>
  <nd ref="11418067845"/>
  <nd ref="11418067844"/>
  <nd ref="11418067843"/>
  <nd ref="11418067842"/>
  <nd ref="11418067841"/>
  <nd ref="11418067840"/>
  <nd ref="11418067839"/>
  <nd ref="11418067838"/>
  <nd ref="11418067837"/>
  <nd ref="11418067836"/>
  <nd ref="11418067835"/>
  <nd ref="11418067834"/>
  <nd ref="11418067833"/>
  <nd ref="11418067832"/>
  <nd ref="11418067831"/>
  <nd ref="11418067830"/>
  <nd ref="11418067829"/>
  <nd ref="11418067828"/>
  <nd ref="11418067827"/>
  <nd ref="11418067826"/>
  <nd ref="11418067825"/>
  <nd ref="11418067824"/>
  <nd ref="11418067823"/>
  <nd ref="11418067822"/>
  <nd ref="11418067821"/>
  <nd ref="11418067820"/>
  <nd ref="11418067819"/>
  <nd ref="11418067818"/>
  <nd ref="11418067817"/>
  <nd ref="11418067816"/>
  <nd ref="11418067815"/>
  <nd ref="11418067814"/>
  <nd ref="11418067813"/>
  <nd ref="11418067812"/>
  <nd ref="11418067811"/>
  <nd ref="11418067810"/>
  <nd ref="11418067809"/>
  <nd ref="11418067808"/>
  <nd ref="11418067807"/>
  <nd ref="11418067806"/>
  <nd ref="11418067805"/>
  <nd ref="11418067804"/>
  <nd ref="11418067803"/>
  <nd ref="11418067802"/>
  <nd ref="11418067801"/>
  <nd ref="11418067800"/>
  <nd ref="11418067799"/>
  <nd ref="11418067798"/>
  <nd ref="11418067797"/>
  <nd ref="11418067796"/>
  <nd ref="11418067795"/>
  <nd ref="11418067794"/>
  <nd ref="11418067793"/>
  <nd ref="11418067792"/>
  <nd ref="11418067791"/>
  <nd ref="11418067790"/>
  <nd ref="11418067789"/>
  <nd ref="11418067788"/>
  <nd ref="11418067787"/>
  <nd ref="11418067786"/>
  <nd ref="11418067785"/>
  <nd ref="11418067784"/>
  <nd ref="11418067783"/>
  <nd ref="11418067782"/>
  <nd ref="11418067781"/>
  <nd ref="11418067780"/>
  <nd ref="11418067779"/>
  <nd ref="11418067778"/>
  <nd ref="11418067777"/>
  <nd ref="11418067776"/>
  <nd ref="11418067775"/>
  <nd ref="11418067774"/>
  <nd ref="11418067773"/>
  <nd ref="11418067772"/>
  <nd ref="11418067771"/>
  <nd ref="11418067770"/>
  <nd ref="11418067769"/>
  <nd ref="11418068663"/>
  <tag k="boundary" v="protected_area"/>
 </way>
 <way id="1278500901" visible="true" version="1" changeset="150707356" timestamp="2024-04-30T13:06:26Z" user="harahu" uid="10233897">
  <nd ref="8763604699"/>
  <nd ref="11869036547"/>
  <nd ref="11869036548"/>
  <nd ref="11869036549"/>
  <nd ref="11869036550"/>
  <nd ref="11869036551"/>
  <nd ref="11869036552"/>
  <nd ref="11869036553"/>
  <nd ref="11869036554"/>
  <nd ref="11869036555"/>
  <nd ref="8763604702"/>
  <tag k="highway" v="path"/>
  <tag k="surface" v="ground"/>
 </way>
 <way id="1278500902" visible="true" version="1" changeset="150707356" timestamp="2024-04-30T13:06:26Z" user="harahu" uid="10233897">
  <nd ref="8763604704"/>
  <nd ref="11869036563"/>
  <nd ref="11869036564"/>
  <nd ref="11869036565"/>
  <nd ref="11869036566"/>
  <nd ref="11869036567"/>
  <nd ref="11869036568"/>
  <nd ref="11869036969"/>
  <nd ref="11869036970"/>
  <nd ref="11869036971"/>
  <nd ref="11869036972"/>
  <tag k="highway" v="path"/>
  <tag k="surface" v="ground"/>
 </way>
 <way id="1435282785" visible="true" version="1" changeset="172826624" timestamp="2025-10-04T11:29:24Z" user="Marius Løkken" uid="20041403">
  <nd ref="1895323475"/>
  <nd ref="13192306724"/>
  <nd ref="13192306725"/>
  <nd ref="13192306726"/>
  <nd ref="13192306727"/>
  <nd ref="9041134125"/>
  <nd ref="13192306728"/>
  <nd ref="13192306729"/>
  <nd ref="13192306730"/>
  <nd ref="13192306731"/>
  <nd ref="9041099608"/>
  <nd ref="13192306759"/>
  <nd ref="13192306732"/>
  <nd ref="558987187"/>
  <nd ref="13192306733"/>
  <nd ref="13192306734"/>
  <nd ref="13192306735"/>
  <nd ref="13192306736"/>
  <nd ref="13192306737"/>
  <nd ref="13192306738"/>
  <nd ref="13192306739"/>
  <nd ref="13192306740"/>
  <nd ref="558987204"/>
  <nd ref="2935038787"/>
  <nd ref="9039508314"/>
  <nd ref="13192306741"/>
  <nd ref="13192306742"/>
  <nd ref="13192306743"/>
  <nd ref="13192306744"/>
  <nd ref="13192306758"/>
  <nd ref="13192306745"/>
  <nd ref="13192306746"/>
  <nd ref="558987225"/>
  <nd ref="13192306747"/>
  <nd ref="13192306748"/>
  <nd ref="13192306749"/>
  <nd ref="13192306750"/>
  <nd ref="13192306751"/>
  <nd ref="13192306752"/>
  <nd ref="13192306753"/>
  <nd ref="558987239"/>
  <nd ref="13192306754"/>
  <nd ref="13192306755"/>
  <nd ref="13192306756"/>
  <nd ref="13192306757"/>
  <nd ref="558987250"/>
  <tag k="class:bicycle:mtb" v="1"/>
  <tag k="highway" v="path"/>
  <tag k="mtb:scale" v="3"/>
  <tag k="name" v="DH banen - Lutåsen til Lutvangen"/>
  <tag k="source" v="survey"/>
  <tag k="trailblazed" v="yes"/>
 </way>
 <way id="1457533610" visible="true" version="1" changeset="175765270" timestamp="2025-12-10T15:33:14Z" user="LandskapsLars" uid="22387387">
  <nd ref="7772284115"/>
  <nd ref="13367446146"/>
  <nd ref="13367446147"/>
  <nd ref="13367446148"/>
  <nd ref="13367446170"/>
  <nd ref="1077844060"/>
  <tag k="waterway" v="flowline"/>
 </way>
 <way id="1457533611" visible="true" version="1" changeset="175765270" timestamp="2025-12-10T15:33:14Z" user="LandskapsLars" uid="22387387">
  <nd ref="3169341126"/>
  <nd ref="13367446149"/>
  <nd ref="13367446150"/>
  <nd ref="13367446151"/>
  <nd ref="13367446152"/>
  <nd ref="13367446153"/>
  <nd ref="13367446154"/>
  <nd ref="13367446155"/>
  <nd ref="13367446156"/>
  <nd ref="13367446157"/>
  <nd ref="13367446158"/>
  <nd ref="13367446159"/>
  <nd ref="13367446160"/>
  <nd ref="13367446161"/>
  <nd ref="13367446162"/>
  <nd ref="13367446163"/>
  <nd ref="13367446164"/>
  <nd ref="13367446165"/>
  <tag k="waterway" v="stream"/>
 </way>
 <way id="1457533612" visible="true" version="1" changeset="175765270" timestamp="2025-12-10T15:33:14Z" user="LandskapsLars" uid="22387387">
  <nd ref="13367446163"/>
  <nd ref="13367446166"/>
  <nd ref="13367446167"/>
  <nd ref="13367446168"/>
  <nd ref="13367446169"/>
  <nd ref="13367446170"/>
  <tag k="waterway" v="stream"/>
 </way>
 <relation id="38280" visible="true" version="5" changeset="148565543" timestamp="2024-03-12T20:01:19Z" user="onion_87985576" uid="20094513">
  <member type="way" ref="4956514" role="outer"/>
  <member type="way" ref="4956732" role="inner"/>
  <member type="way" ref="4956735" role="inner"/>
  <member type="way" ref="4956876" role="inner"/>
  <tag k="alt_name" v="Lutvannet"/>
  <tag k="intermittent" v="no"/>
  <tag k="name" v="Lutvann"/>
  <tag k="natural" v="water"/>
  <tag k="type" v="multipolygon"/>
  <tag k="wikidata" v="Q4584729"/>
 </relation>
 <relation id="1411858" visible="true" version="145" changeset="184795331" timestamp="2026-06-29T13:16:01Z" user="Axel Pettersen" uid="23021859">
  <member type="node" ref="765311400" role=""/>
  <member type="node" ref="798882834" role=""/>
  <member type="node" ref="886707806" role=""/>
  <member type="node" ref="798882817" role=""/>
  <member type="node" ref="923578814" role=""/>
  <member type="node" ref="923578807" role=""/>
  <member type="node" ref="798882804" role=""/>
  <member type="node" ref="287961798" role=""/>
  <member type="node" ref="1356403779" role=""/>
  <member type="node" ref="655117913" role=""/>
  <member type="node" ref="965922723" role=""/>
  <member type="node" ref="292351473" role=""/>
  <member type="node" ref="530783833" role=""/>
  <member type="node" ref="331256834" role=""/>
  <member type="node" ref="343508885" role=""/>
  <member type="node" ref="540229469" role=""/>
  <member type="node" ref="655117911" role=""/>
  <member type="node" ref="656136702" role=""/>
  <member type="node" ref="746877791" role=""/>
  <member type="node" ref="564123127" role=""/>
  <member type="node" ref="9175855991" role=""/>
  <member type="way" ref="247539509" role=""/>
  <member type="way" ref="1533527857" role=""/>
  <member type="relation" ref="1586997" role=""/>
  <member type="relation" ref="1584787" role=""/>
  <member type="relation" ref="1586912" role=""/>
  <member type="relation" ref="1825519" role=""/>
  <member type="relation" ref="1580016" role=""/>
  <member type="relation" ref="1580015" role=""/>
  <member type="relation" ref="1580104" role=""/>
  <member type="relation" ref="1580103" role=""/>
  <member type="relation" ref="1580110" role=""/>
  <member type="relation" ref="1580102" role=""/>
  <member type="relation" ref="1580106" role=""/>
  <member type="relation" ref="1580105" role=""/>
  <member type="relation" ref="1580108" role=""/>
  <member type="relation" ref="1580120" role=""/>
  <member type="relation" ref="1580119" role=""/>
  <member type="relation" ref="1581101" role=""/>
  <member type="relation" ref="1581102" role=""/>
  <member type="relation" ref="1581103" role=""/>
  <member type="relation" ref="1581100" role=""/>
  <tag k="colour" v="#7FC3D8"/>
  <tag k="colour:paint" v="NCS S 1040-B"/>
  <tag k="name" v="Blåstier i Oslomarka"/>
  <tag k="network" v="lwn"/>
  <tag k="operator" v="DNT Oslo og Omegn"/>
  <tag k="symbol" v="Light blue 10x5 cm rectangles"/>
  <tag k="type" v="network"/>
  <tag k="website" v="https://www.dntoslo.no/"/>
 </relation>
 <relation id="1580015" visible="true" version="483" changeset="174081208" timestamp="2025-11-01T21:36:18Z" user="km2bp" uid="3610826">
  <member type="node" ref="477243296" role=""/>
  <member type="node" ref="309404489" role=""/>
  <member type="node" ref="1029933791" role=""/>
  <member type="node" ref="260045294" role=""/>
  <member type="node" ref="260045279" role=""/>
  <member type="node" ref="279373972" role=""/>
  <member type="node" ref="460967735" role=""/>
  <member type="node" ref="412849848" role=""/>
  <member type="node" ref="260045185" role=""/>
  <member type="node" ref="260045175" role=""/>
  <member type="node" ref="82669687" role=""/>
  <member type="node" ref="860413487" role=""/>
  <member type="node" ref="639159086" role=""/>
  <member type="node" ref="34058069" role=""/>
  <member type="node" ref="461089667" role=""/>
  <member type="node" ref="860413813" role=""/>
  <member type="node" ref="843190267" role=""/>
  <member type="node" ref="998423229" role=""/>
  <member type="node" ref="298781641" role=""/>
  <member type="node" ref="34058045" role=""/>
  <member type="node" ref="82669911" role=""/>
  <member type="node" ref="299158918" role=""/>
  <member type="node" ref="298781687" role=""/>
  <member type="node" ref="896773235" role=""/>
  <member type="node" ref="630510300" role=""/>
  <member type="node" ref="251971161" role=""/>
  <member type="node" ref="860413436" role=""/>
  <member type="node" ref="597319563" role=""/>
  <member type="node" ref="575237508" role=""/>
  <member type="node" ref="298782090" role=""/>
  <member type="node" ref="575237654" role=""/>
  <member type="node" ref="92959622" role=""/>
  <member type="node" ref="34058059" role=""/>
  <member type="node" ref="299330313" role=""/>
  <member type="node" ref="348456745" role=""/>
  <member type="node" ref="897708688" role=""/>
  <member type="node" ref="299342555" role=""/>
  <member type="node" ref="279373393" role=""/>
  <member type="node" ref="92959718" role=""/>
  <member type="node" ref="575237521" role=""/>
  <member type="node" ref="575237491" role=""/>
  <member type="node" ref="897708475" role=""/>
  <member type="node" ref="998423310" role=""/>
  <member type="node" ref="292614241" role=""/>
  <member type="node" ref="412847317" role=""/>
  <member type="node" ref="970802298" role=""/>
  <member type="node" ref="970802193" role=""/>
  <member type="node" ref="298959261" role=""/>
  <member type="node" ref="262364772" role=""/>
  <member type="node" ref="299330237" role=""/>
  <member type="node" ref="292618950" role=""/>
  <member type="node" ref="262156130" role=""/>
  <member type="node" ref="7657246213" role=""/>
  <member type="node" ref="869862824" role=""/>
  <member type="node" ref="558985654" role=""/>
  <member type="node" ref="309093865" role=""/>
  <member type="node" ref="309093878" role=""/>
  <member type="node" ref="260045238" role=""/>
  <member type="node" ref="262156118" role=""/>
  <member type="node" ref="793334794" role=""/>
  <member type="node" ref="970801888" role=""/>
  <member type="node" ref="262364816" role=""/>
  <member type="node" ref="737248890" role=""/>
  <member type="node" ref="412848026" role=""/>
  <member type="node" ref="298781828" role=""/>
  <member type="node" ref="568134943" role=""/>
  <member type="node" ref="996325745" role=""/>
  <member type="node" ref="260044507" role=""/>
  <member type="node" ref="260044534" role=""/>
  <member type="node" ref="868536505" role=""/>
  <member type="node" ref="82670075" role=""/>
  <member type="node" ref="840215093" role=""/>
  <member type="node" ref="7656748906" role=""/>
  <member type="node" ref="998315579" role=""/>
  <member type="node" ref="999586082" role=""/>
  <member type="node" ref="262316400" role=""/>
  <member type="node" ref="348456965" role=""/>
  <member type="node" ref="881638952" role=""/>
  <member type="node" ref="292288946" role=""/>
  <member type="node" ref="292288941" role=""/>
  <member type="node" ref="292288969" role=""/>
  <member type="node" ref="734767237" role=""/>
  <member type="node" ref="454625643" role=""/>
  <member type="node" ref="734767283" role=""/>
  <member type="node" ref="97101394" role=""/>
  <member type="node" ref="292289106" role=""/>
  <member type="node" ref="895808491" role=""/>
  <member type="node" ref="298781805" role=""/>
  <member type="node" ref="270363416" role=""/>
  <member type="node" ref="292618961" role=""/>
  <member type="node" ref="929557850" role=""/>
  <member type="node" ref="868536184" role=""/>
  <member type="node" ref="911641559" role=""/>
  <member type="node" ref="793335075" role=""/>
  <member type="node" ref="868536023" role=""/>
  <member type="node" ref="568134206" role=""/>
  <member type="node" ref="897707745" role=""/>
  <member type="node" ref="617283252" role=""/>
  <member type="node" ref="256102983" role=""/>
  <member type="node" ref="597319561" role=""/>
  <member type="node" ref="262366629" role=""/>
  <member type="node" ref="868536836" role=""/>
  <member type="node" ref="996326047" role=""/>
  <member type="node" ref="251976528" role=""/>
  <member type="node" ref="262366761" role=""/>
  <member type="node" ref="793334444" role=""/>
  <member type="node" ref="6052441980" role=""/>
  <member type="node" ref="568134922" role=""/>
  <member type="node" ref="103611" role=""/>
  <member type="node" ref="778471819" role=""/>
  <member type="node" ref="521728307" role=""/>
  <member type="node" ref="597426465" role=""/>
  <member type="node" ref="558982068" role=""/>
  <member type="node" ref="944697024" role=""/>
  <member type="node" ref="51359475" role=""/>
  <member type="node" ref="258358265" role=""/>
  <member type="node" ref="292287216" role=""/>
  <member type="node" ref="298966007" role=""/>
  <member type="node" ref="263016906" role=""/>
  <member type="node" ref="263016912" role=""/>
  <member type="node" ref="633212652" role=""/>
  <member type="node" ref="633212613" role=""/>
  <member type="node" ref="633212616" role=""/>
  <member type="node" ref="558984505" role=""/>
  <member type="node" ref="558984621" role=""/>
  <member type="node" ref="861144946" role=""/>
  <member type="node" ref="298781795" role=""/>
  <member type="node" ref="270364403" role=""/>
  <member type="node" ref="298782235" role=""/>
  <member type="node" ref="558983415" role=""/>
  <member type="node" ref="252036801" role=""/>
  <member type="node" ref="558987250" role=""/>
  <member type="node" ref="861122445" role=""/>
  <member type="node" ref="861121730" role=""/>
  <member type="node" ref="298961897" role=""/>
  <member type="node" ref="262364119" role=""/>
  <member type="node" ref="292618962" role=""/>
  <member type="node" ref="260045230" role=""/>
  <member type="node" ref="292613198" role=""/>
  <member type="node" ref="311811720" role=""/>
  <member type="node" ref="292618932" role=""/>
  <member type="node" ref="521726018" role=""/>
  <member type="node" ref="256100768" role=""/>
  <member type="node" ref="298965959" role=""/>
  <member type="node" ref="298965994" role=""/>
  <member type="node" ref="521726197" role=""/>
  <member type="node" ref="728908946" role=""/>
  <member type="node" ref="858886630" role=""/>
  <member type="node" ref="1115741474" role=""/>
  <member type="node" ref="598061692" role=""/>
  <member type="node" ref="994142062" role=""/>
  <member type="node" ref="252036718" role=""/>
  <member type="node" ref="270364449" role=""/>
  <member type="node" ref="270363222" role=""/>
  <member type="node" ref="597852230" role=""/>
  <member type="node" ref="8909941915" role=""/>
  <member type="node" ref="460967534" role=""/>
  <member type="node" ref="299158945" role=""/>
  <member type="node" ref="461027764" role=""/>
  <member type="node" ref="521727858" role=""/>
  <member type="node" ref="461089418" role=""/>
  <member type="node" ref="461089552" role=""/>
  <member type="node" ref="778471916" role=""/>
  <member type="node" ref="860413616" role=""/>
  <member type="node" ref="525905620" role=""/>
  <member type="node" ref="860413767" role=""/>
  <member type="node" ref="260040597" role=""/>
  <member type="node" ref="771826868" role=""/>
  <member type="node" ref="262317250" role=""/>
  <member type="node" ref="460967678" role=""/>
  <member type="node" ref="908945395" role=""/>
  <member type="node" ref="1014302413" role=""/>
  <member type="node" ref="270364466" role=""/>
  <member type="node" ref="270363138" role=""/>
  <member type="node" ref="92983808" role=""/>
  <member type="node" ref="568134193" role=""/>
  <member type="node" ref="568099722" role=""/>
  <member type="node" ref="46583463" role=""/>
  <member type="node" ref="838017676" role=""/>
  <member type="node" ref="838015987" role=""/>
  <member type="node" ref="897709118" role=""/>
  <member type="node" ref="292614296" role=""/>
  <member type="node" ref="303373355" role=""/>
  <member type="node" ref="881278649" role=""/>
  <member type="node" ref="747458509" role=""/>
  <member type="node" ref="747458563" role=""/>
  <member type="node" ref="598061656" role=""/>
  <member type="node" ref="598061642" role=""/>
  <member type="node" ref="728909012" role=""/>
  <member type="node" ref="728908975" role=""/>
  <member type="node" ref="575237450" role=""/>
  <member type="node" ref="881277484" role=""/>
  <member type="node" ref="3189125441" role=""/>
  <member type="node" ref="288786255" role=""/>
  <member type="node" ref="260040543" role=""/>
  <member type="node" ref="237109220" role=""/>
  <member type="node" ref="928525023" role=""/>
  <member type="node" ref="8871854626" role=""/>
  <member type="node" ref="426645043" role=""/>
  <member type="node" ref="477238850" role=""/>
  <member type="node" ref="8909941919" role=""/>
  <member type="node" ref="21745052" role=""/>
  <member type="node" ref="262364128" role=""/>
  <member type="node" ref="896802244" role=""/>
  <member type="node" ref="92983646" role=""/>
  <member type="node" ref="477243296" role=""/>
  <member type="node" ref="92983646" role=""/>
  <member type="node" ref="460967431" role=""/>
  <member type="node" ref="5612250626" role=""/>
  <member type="way" ref="209432059" role=""/>
  <member type="way" ref="163124207" role=""/>
  <member type="way" ref="113435336" role=""/>
  <member type="way" ref="162784614" role=""/>
  <member type="way" ref="162784604" role=""/>
  <member type="way" ref="210281307" role=""/>
  <member type="way" ref="207289394" role=""/>
  <member type="way" ref="210281321" role=""/>
  <member type="way" ref="207443094" role=""/>
  <member type="way" ref="211162431" role=""/>
  <member type="way" ref="211162435" role=""/>
  <member type="way" ref="211162434" role=""/>
  <member type="way" ref="215590672" role=""/>
  <member type="way" ref="211162430" role=""/>
  <member type="way" ref="215821217" role=""/>
  <member type="way" ref="211162429" role=""/>
  <member type="way" ref="211162427" role=""/>
  <member type="way" ref="162784613" role=""/>
  <member type="way" ref="162784606" role=""/>
  <member type="way" ref="162922464" role=""/>
  <member type="way" ref="274137242" role=""/>
  <member type="way" ref="274137253" role=""/>
  <member type="way" ref="162784615" role=""/>
  <member type="way" ref="1358284855" role=""/>
  <member type="way" ref="162922465" role=""/>
  <member type="way" ref="289811255" role=""/>
  <member type="way" ref="289811271" role=""/>
  <member type="way" ref="289811253" role=""/>
  <member type="way" ref="289811278" role=""/>
  <member type="way" ref="457044299" role=""/>
  <member type="way" ref="114512049" role=""/>
  <member type="way" ref="35963685" role=""/>
  <member type="way" ref="148099966" role=""/>
  <member type="way" ref="23991641" role=""/>
  <member type="way" ref="198687923" role=""/>
  <member type="way" ref="127573023" role=""/>
  <member type="way" ref="85865123" role=""/>
  <member type="way" ref="10126130" role=""/>
  <member type="way" ref="127573017" role=""/>
  <member type="way" ref="148099963" role=""/>
  <member type="way" ref="148099964" role=""/>
  <member type="way" ref="496870746" role=""/>
  <member type="way" ref="23991646" role=""/>
  <member type="way" ref="127573024" role=""/>
  <member type="way" ref="214445427" role=""/>
  <member type="way" ref="127573025" role=""/>
  <member type="way" ref="120647315" role=""/>
  <member type="way" ref="120585538" role=""/>
  <member type="way" ref="287018669" role=""/>
  <member type="way" ref="120585536" role=""/>
  <member type="way" ref="87178184" role=""/>
  <member type="way" ref="120585535" role=""/>
  <member type="way" ref="196764671" role=""/>
  <member type="way" ref="1285132900" role=""/>
  <member type="way" ref="1285132901" role=""/>
  <member type="way" ref="1285132902" role=""/>
  <member type="way" ref="212447918" role=""/>
  <member type="way" ref="120648492" role=""/>
  <member type="way" ref="287005497" role=""/>
  <member type="way" ref="287005496" role=""/>
  <member type="way" ref="286636411" role=""/>
  <member type="way" ref="212276368" role=""/>
  <member type="way" ref="210086051" role=""/>
  <member type="way" ref="287005500" role=""/>
  <member type="way" ref="120595440" role=""/>
  <member type="way" ref="120585522" role=""/>
  <member type="way" ref="800846782" role=""/>
  <member type="way" ref="800846780" role=""/>
  <member type="way" ref="800846779" role=""/>
  <member type="way" ref="800846781" role=""/>
  <member type="way" ref="800846778" role=""/>
  <member type="way" ref="819976526" role=""/>
  <member type="way" ref="120589219" role=""/>
  <member type="way" ref="800846770" role=""/>
  <member type="way" ref="800846769" role=""/>
  <member type="way" ref="819930013" role=""/>
  <member type="way" ref="120585527" role=""/>
  <member type="way" ref="37537298" role=""/>
  <member type="way" ref="24060275" role=""/>
  <member type="way" ref="9970082" role=""/>
  <member type="way" ref="412897302" role=""/>
  <member type="way" ref="9970079" role=""/>
  <member type="way" ref="114877564" role=""/>
  <member type="way" ref="114570124" role=""/>
  <member type="way" ref="114570119" role=""/>
  <member type="way" ref="114837666" role=""/>
  <member type="way" ref="819930005" role=""/>
  <member type="way" ref="819930006" role=""/>
  <member type="way" ref="819930004" role=""/>
  <member type="way" ref="1174725104" role=""/>
  <member type="way" ref="1174725103" role=""/>
  <member type="way" ref="114570115" role=""/>
  <member type="way" ref="165941629" role=""/>
  <member type="way" ref="114570114" role=""/>
  <member type="way" ref="819930012" role=""/>
  <member type="way" ref="114877561" role=""/>
  <member type="way" ref="204801896" role=""/>
  <member type="way" ref="204801891" role=""/>
  <member type="way" ref="334536901" role=""/>
  <member type="way" ref="113691527" role=""/>
  <member type="way" ref="1097738608" role=""/>
  <member type="way" ref="1097738607" role=""/>
  <member type="way" ref="1097738609" role=""/>
  <member type="way" ref="1097738610" role=""/>
  <member type="way" ref="114512043" role=""/>
  <member type="way" ref="85865131" role=""/>
  <member type="way" ref="70179030" role=""/>
  <member type="way" ref="70183849" role=""/>
  <member type="way" ref="49578898" role=""/>
  <member type="way" ref="50306540" role=""/>
  <member type="way" ref="109599096" role=""/>
  <member type="way" ref="204048114" role=""/>
  <member type="way" ref="204048112" role=""/>
  <member type="way" ref="204048113" role=""/>
  <member type="way" ref="204048110" role=""/>
  <member type="way" ref="204048107" role=""/>
  <member type="way" ref="85865138" role=""/>
  <member type="way" ref="144006218" role=""/>
  <member type="way" ref="37537296" role=""/>
  <member type="way" ref="85865120" role=""/>
  <member type="way" ref="114837639" role=""/>
  <member type="way" ref="204048108" role=""/>
  <member type="way" ref="204048111" role=""/>
  <member type="way" ref="85865124" role=""/>
  <member type="way" ref="412897299" role=""/>
  <member type="way" ref="120585537" role=""/>
  <member type="way" ref="289099876" role=""/>
  <member type="way" ref="289099882" role=""/>
  <member type="way" ref="289099884" role=""/>
  <member type="way" ref="212447899" role=""/>
  <member type="way" ref="212447908" role=""/>
  <member type="way" ref="50814972" role=""/>
  <member type="way" ref="415138234" role=""/>
  <member type="way" ref="287018668" role=""/>
  <member type="way" ref="50814973" role=""/>
  <member type="way" ref="279394825" role=""/>
  <member type="way" ref="37550032" role=""/>
  <member type="way" ref="96766442" role=""/>
  <member type="way" ref="96766433" role=""/>
  <member type="way" ref="213190672" role=""/>
  <member type="way" ref="96766432" role=""/>
  <member type="way" ref="213190668" role=""/>
  <member type="way" ref="39815048" role=""/>
  <member type="way" ref="991860027" role=""/>
  <member type="way" ref="213190665" role=""/>
  <member type="way" ref="213190669" role=""/>
  <member type="way" ref="286636408" role=""/>
  <member type="way" ref="50814969" role=""/>
  <member type="way" ref="86074536" role=""/>
  <member type="way" ref="364454102" role=""/>
  <member type="way" ref="107632354" role=""/>
  <member type="way" ref="117884660" role=""/>
  <member type="way" ref="37550034" role=""/>
  <member type="way" ref="77455287" role=""/>
  <member type="way" ref="37550033" role=""/>
  <member type="way" ref="59230949" role=""/>
  <member type="way" ref="808808654" role=""/>
  <member type="way" ref="808808653" role=""/>
  <member type="way" ref="117886176" role=""/>
  <member type="way" ref="75898189" role=""/>
  <member type="way" ref="59230948" role=""/>
  <member type="way" ref="1446790526" role=""/>
  <member type="way" ref="1446790525" role=""/>
  <member type="way" ref="85865135" role=""/>
  <member type="way" ref="114886720" role=""/>
  <member type="way" ref="214445423" role=""/>
  <member type="way" ref="1422136571" role=""/>
  <member type="way" ref="1422136572" role=""/>
  <member type="way" ref="114886714" role=""/>
  <member type="way" ref="219944050" role=""/>
  <member type="way" ref="1422136569" role=""/>
  <member type="way" ref="1422136570" role=""/>
  <member type="way" ref="64559864" role=""/>
  <member type="way" ref="39814597" role=""/>
  <member type="way" ref="286495546" role=""/>
  <member type="way" ref="168055636" role=""/>
  <member type="way" ref="85865119" role=""/>
  <member type="way" ref="219944049" role=""/>
  <member type="way" ref="963225384" role=""/>
  <member type="way" ref="875276629" role=""/>
  <member type="way" ref="963225385" role=""/>
  <member type="way" ref="875276628" role=""/>
  <member type="way" ref="875276619" role=""/>
  <member type="way" ref="168055635" role=""/>
  <member type="way" ref="85865143" role=""/>
  <member type="way" ref="85865142" role=""/>
  <member type="way" ref="114893298" role=""/>
  <member type="way" ref="114893300" role=""/>
  <member type="way" ref="39814599" role=""/>
  <member type="way" ref="615756689" role=""/>
  <member type="way" ref="25849230" role=""/>
  <member type="way" ref="36702685" role=""/>
  <member type="way" ref="875276623" role=""/>
  <member type="way" ref="114837656" role=""/>
  <member type="way" ref="114837621" role=""/>
  <member type="way" ref="114837609" role=""/>
  <member type="way" ref="114570122" role=""/>
  <member type="way" ref="85865132" role=""/>
  <member type="way" ref="216957789" role=""/>
  <member type="way" ref="96176988" role=""/>
  <member type="way" ref="96177012" role=""/>
  <member type="way" ref="10060098" role=""/>
  <member type="way" ref="75975209" role=""/>
  <member type="way" ref="75893292" role=""/>
  <member type="way" ref="217856198" role=""/>
  <member type="way" ref="292625587" role=""/>
  <member type="way" ref="234812416" role=""/>
  <member type="way" ref="217856195" role=""/>
  <member type="way" ref="218724538" role=""/>
  <member type="way" ref="75975207" role=""/>
  <member type="way" ref="48603559" role=""/>
  <member type="way" ref="46724598" role=""/>
  <member type="way" ref="45290475" role=""/>
  <member type="way" ref="75893336" role=""/>
  <member type="way" ref="114726911" role=""/>
  <member type="way" ref="114771707" role=""/>
  <member type="way" ref="114771713" role=""/>
  <member type="way" ref="426965161" role=""/>
  <member type="way" ref="291509304" role=""/>
  <member type="way" ref="93820377" role=""/>
  <member type="way" ref="627122217" role=""/>
  <member type="way" ref="627122218" role=""/>
  <member type="way" ref="291392739" role=""/>
  <member type="way" ref="243368833" role=""/>
  <member type="way" ref="627122220" role=""/>
  <member type="way" ref="60174124" role=""/>
  <member type="way" ref="197276928" role=""/>
  <member type="way" ref="210086040" role=""/>
  <member type="way" ref="60174122" role=""/>
  <member type="way" ref="116996677" role=""/>
  <member type="way" ref="60174129" role=""/>
  <member type="way" ref="60174130" role=""/>
  <member type="way" ref="60174126" role=""/>
  <member type="way" ref="72471211" role=""/>
  <member type="way" ref="72471214" role=""/>
  <member type="way" ref="1301688106" role=""/>
  <member type="way" ref="1301688107" role=""/>
  <member type="way" ref="61920018" role=""/>
  <member type="way" ref="61920019" role=""/>
  <member type="way" ref="114012754" role=""/>
  <member type="way" ref="415116386" role=""/>
  <member type="way" ref="61920021" role=""/>
  <member type="way" ref="627121912" role=""/>
  <member type="way" ref="61920020" role=""/>
  <member type="way" ref="844695926" role=""/>
  <member type="way" ref="50822726" role=""/>
  <member type="way" ref="415116390" role=""/>
  <member type="way" ref="296688199" role=""/>
  <member type="way" ref="469408005" role=""/>
  <member type="way" ref="296688196" role=""/>
  <member type="way" ref="38837924" role=""/>
  <member type="way" ref="61920030" role=""/>
  <member type="way" ref="61920022" role=""/>
  <member type="way" ref="146489473" role=""/>
  <member type="way" ref="166248080" role=""/>
  <member type="way" ref="166248079" role=""/>
  <member type="way" ref="77342528" role=""/>
  <member type="way" ref="795418991" role=""/>
  <member type="way" ref="795418990" role=""/>
  <member type="way" ref="51693878" role=""/>
  <member type="way" ref="418643976" role=""/>
  <member type="way" ref="216623916" role=""/>
  <member type="way" ref="878239127" role=""/>
  <member type="way" ref="163993204" role=""/>
  <member type="way" ref="1301688173" role=""/>
  <member type="way" ref="114012730" role=""/>
  <member type="way" ref="1301688172" role=""/>
  <member type="way" ref="114012725" role=""/>
  <member type="way" ref="114012747" role=""/>
  <member type="way" ref="77212733" role=""/>
  <member type="way" ref="77212798" role=""/>
  <member type="way" ref="72471209" role=""/>
  <member type="way" ref="76112737" role=""/>
  <member type="way" ref="691069106" role=""/>
  <member type="way" ref="483013985" role=""/>
  <member type="way" ref="483013986" role=""/>
  <member type="way" ref="691071214" role=""/>
  <member type="way" ref="691071213" role=""/>
  <member type="way" ref="691071212" role=""/>
  <member type="way" ref="691045027" role=""/>
  <member type="way" ref="483013983" role=""/>
  <member type="way" ref="691045026" role=""/>
  <member type="way" ref="483013984" role=""/>
  <member type="way" ref="79658427" role=""/>
  <member type="way" ref="79658423" role=""/>
  <member type="way" ref="27392597" role=""/>
  <member type="way" ref="34713802" role=""/>
  <member type="way" ref="75377593" role=""/>
  <member type="way" ref="75377591" role=""/>
  <member type="way" ref="27256792" role=""/>
  <member type="way" ref="27256793" role=""/>
  <member type="way" ref="287731814" role=""/>
  <member type="way" ref="223069635" role=""/>
  <member type="way" ref="312996818" role=""/>
  <member type="way" ref="312996852" role=""/>
  <member type="way" ref="312996863" role=""/>
  <member type="way" ref="312996815" role=""/>
  <member type="way" ref="586071273" role=""/>
  <member type="way" ref="312996847" role=""/>
  <member type="way" ref="312996814" role=""/>
  <member type="way" ref="141270134" role=""/>
  <member type="way" ref="120166527" role=""/>
  <member type="way" ref="313133628" role=""/>
  <member type="way" ref="312996853" role=""/>
  <member type="way" ref="313133631" role=""/>
  <member type="way" ref="313133649" role=""/>
  <member type="way" ref="86023584" role=""/>
  <member type="way" ref="590559173" role=""/>
  <member type="way" ref="589842946" role=""/>
  <member type="way" ref="1183462821" role=""/>
  <member type="way" ref="589842947" role=""/>
  <member type="way" ref="86126832" role=""/>
  <member type="way" ref="473656249" role=""/>
  <member type="way" ref="375122263" role=""/>
  <member type="way" ref="350280432" role=""/>
  <member type="way" ref="473656250" role=""/>
  <member type="way" ref="86126838" role=""/>
  <member type="way" ref="27290309" role=""/>
  <member type="way" ref="73218684" role=""/>
  <member type="way" ref="119370047" role=""/>
  <member type="way" ref="119370048" role=""/>
  <member type="way" ref="344344139" role=""/>
  <member type="way" ref="344344131" role=""/>
  <member type="way" ref="344344136" role=""/>
  <member type="way" ref="532834564" role=""/>
  <member type="way" ref="645896965" role=""/>
  <member type="way" ref="44809358" role=""/>
  <member type="way" ref="72281397" role=""/>
  <member type="way" ref="74585151" role=""/>
  <member type="way" ref="210281311" role=""/>
  <member type="way" ref="114731411" role=""/>
  <member type="way" ref="210281324" role=""/>
  <member type="way" ref="114731409" role=""/>
  <member type="way" ref="113415915" role=""/>
  <member type="way" ref="158010327" role=""/>
  <member type="way" ref="210281300" role=""/>
  <member type="way" ref="210281302" role=""/>
  <member type="way" ref="210281325" role=""/>
  <member type="way" ref="158010328" role=""/>
  <member type="way" ref="627121962" role=""/>
  <member type="way" ref="74585168" role=""/>
  <member type="way" ref="290301868" role=""/>
  <member type="way" ref="290301867" role=""/>
  <member type="way" ref="113415919" role=""/>
  <member type="way" ref="114506482" role=""/>
  <member type="way" ref="229758029" role=""/>
  <member type="way" ref="229758037" role=""/>
  <member type="way" ref="229758032" role=""/>
  <member type="way" ref="178284130" role=""/>
  <member type="way" ref="178284129" role=""/>
  <member type="way" ref="210086085" role=""/>
  <member type="way" ref="210086061" role=""/>
  <member type="way" ref="229758044" role=""/>
  <member type="way" ref="229758036" role=""/>
  <member type="way" ref="229758030" role=""/>
  <member type="way" ref="229758039" role=""/>
  <member type="way" ref="229758042" role=""/>
  <member type="way" ref="229758040" role=""/>
  <member type="way" ref="229758045" role=""/>
  <member type="way" ref="229758035" role=""/>
  <member type="way" ref="116996690" role=""/>
  <member type="way" ref="58828051" role=""/>
  <member type="way" ref="114512044" role=""/>
  <member type="way" ref="58828040" role=""/>
  <member type="way" ref="163274191" role=""/>
  <member type="way" ref="97804560" role=""/>
  <member type="way" ref="76114819" role=""/>
  <member type="way" ref="97234203" role=""/>
  <member type="way" ref="97234200" role=""/>
  <member type="way" ref="97234210" role=""/>
  <member type="way" ref="688498407" role=""/>
  <member type="way" ref="688498406" role=""/>
  <member type="way" ref="79658433" role=""/>
  <member type="way" ref="76114825" role=""/>
  <member type="way" ref="79658448" role=""/>
  <member type="way" ref="141857868" role=""/>
  <member type="way" ref="141857829" role=""/>
  <member type="way" ref="86056144" role=""/>
  <member type="way" ref="419107288" role=""/>
  <member type="way" ref="86056154" role=""/>
  <member type="way" ref="86056128" role=""/>
  <member type="way" ref="87088334" role=""/>
  <member type="way" ref="157438097" role=""/>
  <member type="way" ref="157438098" role=""/>
  <member type="way" ref="461008715" role=""/>
  <member type="way" ref="77455290" role=""/>
  <member type="way" ref="1227032274" role=""/>
  <member type="way" ref="157742334" role=""/>
  <member type="way" ref="364407446" role=""/>
  <member type="way" ref="157742335" role=""/>
  <member type="way" ref="344136451" role=""/>
  <member type="way" ref="77455285" role=""/>
  <member type="way" ref="118107755" role=""/>
  <member type="way" ref="85788461" role=""/>
  <member type="way" ref="77455301" role=""/>
  <member type="way" ref="589389010" role=""/>
  <member type="way" ref="1182072667" role=""/>
  <member type="way" ref="77455275" role=""/>
  <member type="way" ref="85684904" role=""/>
  <member type="way" ref="567010533" role=""/>
  <member type="way" ref="62310957" role=""/>
  <member type="way" ref="72471193" role=""/>
  <member type="way" ref="627121924" role=""/>
  <member type="way" ref="163125313" role=""/>
  <member type="way" ref="87221949" role=""/>
  <member type="way" ref="820513417" role=""/>
  <member type="way" ref="820513418" role=""/>
  <member type="way" ref="74585153" role=""/>
  <member type="way" ref="72493597" role=""/>
  <member type="way" ref="84378056" role=""/>
  <member type="way" ref="75898193" role=""/>
  <member type="way" ref="220167049" role=""/>
  <member type="way" ref="220167043" role=""/>
  <member type="way" ref="220167038" role=""/>
  <member type="way" ref="1256885459" role=""/>
  <member type="way" ref="833000797" role=""/>
  <member type="way" ref="112850630" role=""/>
  <member type="way" ref="833000791" role=""/>
  <member type="way" ref="833000790" role=""/>
  <member type="way" ref="833000789" role=""/>
  <member type="way" ref="833000788" role=""/>
  <member type="way" ref="215108526" role=""/>
  <member type="way" ref="215108533" role=""/>
  <member type="way" ref="59458816" role=""/>
  <member type="way" ref="215108537" role=""/>
  <member type="way" ref="215108527" role=""/>
  <member type="way" ref="77455313" role=""/>
  <member type="way" ref="304373722" role=""/>
  <member type="way" ref="304373718" role=""/>
  <member type="way" ref="85839846" role=""/>
  <member type="way" ref="59232715" role=""/>
  <member type="way" ref="220167041" role=""/>
  <member type="way" ref="220167045" role=""/>
  <member type="way" ref="1256885461" role=""/>
  <member type="way" ref="215108536" role=""/>
  <member type="way" ref="833000793" role=""/>
  <member type="way" ref="833000792" role=""/>
  <member type="way" ref="215108532" role=""/>
  <member type="way" ref="215108535" role=""/>
  <member type="way" ref="215108528" role=""/>
  <member type="way" ref="215108534" role=""/>
  <member type="way" ref="146489469" role=""/>
  <member type="way" ref="212293992" role=""/>
  <member type="way" ref="295651092" role=""/>
  <member type="way" ref="24881074" role=""/>
  <member type="way" ref="515158323" role=""/>
  <member type="way" ref="88725219" role=""/>
  <member type="way" ref="112694927" role=""/>
  <member type="way" ref="832473903" role=""/>
  <member type="way" ref="118101636" role=""/>
  <member type="way" ref="34713787" role=""/>
  <member type="way" ref="164716573" role=""/>
  <member type="way" ref="164716583" role=""/>
  <member type="way" ref="899103398" role=""/>
  <member type="way" ref="899103399" role=""/>
  <member type="way" ref="86133613" role=""/>
  <member type="way" ref="439538627" role=""/>
  <member type="way" ref="34713791" role=""/>
  <member type="way" ref="694011140" role=""/>
  <member type="way" ref="439538630" role=""/>
  <member type="way" ref="100298631" role=""/>
  <member type="way" ref="86138970" role=""/>
  <member type="way" ref="691073599" role=""/>
  <member type="way" ref="437497463" role=""/>
  <member type="way" ref="437497471" role=""/>
  <member type="way" ref="86133628" role=""/>
  <member type="way" ref="283830462" role=""/>
  <member type="way" ref="207145266" role=""/>
  <member type="way" ref="23985045" role=""/>
  <member type="way" ref="691045008" role=""/>
  <member type="way" ref="552913095" role=""/>
  <member type="way" ref="118251887" role=""/>
  <member type="way" ref="160972595" role=""/>
  <member type="way" ref="160972586" role=""/>
  <member type="way" ref="23985135" role=""/>
  <member type="way" ref="27222771" role=""/>
  <member type="way" ref="161508952" role=""/>
  <member type="way" ref="691044999" role=""/>
  <member type="way" ref="834036076" role=""/>
  <member type="way" ref="87174603" role=""/>
  <member type="way" ref="834711968" role=""/>
  <member type="way" ref="111091951" role=""/>
  <member type="way" ref="691045009" role=""/>
  <member type="way" ref="354978272" role=""/>
  <member type="way" ref="354978287" role=""/>
  <member type="way" ref="97397403" role=""/>
  <member type="way" ref="891720853" role=""/>
  <member type="way" ref="354978262" role=""/>
  <member type="way" ref="354978277" role=""/>
  <member type="way" ref="354978267" role=""/>
  <member type="way" ref="934955494" role=""/>
  <member type="way" ref="23285537" role=""/>
  <member type="way" ref="161927283" role=""/>
  <member type="way" ref="287731812" role=""/>
  <member type="way" ref="75893286" role=""/>
  <member type="way" ref="43268073" role=""/>
  <member type="way" ref="160498732" role=""/>
  <member type="way" ref="833216521" role=""/>
  <member type="way" ref="833216520" role=""/>
  <member type="way" ref="402225868" role=""/>
  <member type="way" ref="402225870" role=""/>
  <member type="way" ref="160498700" role=""/>
  <member type="way" ref="402225871" role=""/>
  <member type="way" ref="402227066" role=""/>
  <member type="way" ref="62310941" role=""/>
  <member type="way" ref="27240804" role=""/>
  <member type="way" ref="27240961" role=""/>
  <member type="way" ref="62331239" role=""/>
  <member type="way" ref="62310944" role=""/>
  <member type="way" ref="62331236" role=""/>
  <member type="way" ref="62392622" role=""/>
  <member type="way" ref="62331238" role=""/>
  <member type="way" ref="93610939" role=""/>
  <member type="way" ref="217862329" role=""/>
  <member type="way" ref="93610940" role=""/>
  <member type="way" ref="72471202" role=""/>
  <member type="way" ref="27392586" role=""/>
  <member type="way" ref="112582201" role=""/>
  <member type="way" ref="112582202" role=""/>
  <member type="way" ref="62310942" role=""/>
  <member type="way" ref="62310970" role=""/>
  <member type="way" ref="62392620" role=""/>
  <member type="way" ref="87080857" role=""/>
  <member type="way" ref="87080851" role=""/>
  <member type="way" ref="793634028" role=""/>
  <member type="way" ref="793634029" role=""/>
  <member type="way" ref="372082654" role=""/>
  <member type="way" ref="62310939" role=""/>
  <member type="way" ref="793634021" role=""/>
  <member type="way" ref="793634027" role=""/>
  <member type="way" ref="793634026" role=""/>
  <member type="way" ref="1007124303" role=""/>
  <member type="way" ref="1007124304" role=""/>
  <member type="way" ref="83465351" role=""/>
  <member type="way" ref="376235395" role=""/>
  <member type="way" ref="376235394" role=""/>
  <member type="way" ref="239932426" role=""/>
  <member type="way" ref="24227102" role=""/>
  <member type="way" ref="105080502" role=""/>
  <member type="way" ref="97234212" role=""/>
  <member type="way" ref="76096861" role=""/>
  <member type="way" ref="287731827" role=""/>
  <member type="way" ref="209432927" role=""/>
  <member type="way" ref="27392588" role=""/>
  <member type="way" ref="223598640" role=""/>
  <member type="way" ref="223598639" role=""/>
  <member type="way" ref="189838460" role=""/>
  <member type="way" ref="34715775" role=""/>
  <member type="way" ref="323325933" role=""/>
  <member type="way" ref="160056470" role=""/>
  <member type="way" ref="179184519" role=""/>
  <member type="way" ref="179184521" role=""/>
  <member type="way" ref="34715774" role=""/>
  <member type="way" ref="73218679" role=""/>
  <member type="way" ref="645665744" role=""/>
  <member type="way" ref="209432045" role=""/>
  <member type="way" ref="189838458" role=""/>
  <member type="way" ref="26680585" role=""/>
  <member type="way" ref="415135834" role=""/>
  <member type="way" ref="7996056" role=""/>
  <member type="way" ref="218091519" role=""/>
  <member type="way" ref="35023342" role=""/>
  <member type="way" ref="35023341" role=""/>
  <member type="way" ref="27240516" role=""/>
  <member type="way" ref="217867859" role=""/>
  <member type="way" ref="48949776" role=""/>
  <member type="way" ref="217867858" role=""/>
  <member type="way" ref="10619765" role=""/>
  <member type="way" ref="75893330" role=""/>
  <member type="way" ref="75893305" role=""/>
  <member type="way" ref="564102905" role=""/>
  <member type="way" ref="564102103" role=""/>
  <member type="way" ref="75893322" role=""/>
  <member type="way" ref="75893313" role=""/>
  <member type="way" ref="48603587" role=""/>
  <member type="way" ref="76095935" role=""/>
  <member type="way" ref="415135827" role=""/>
  <member type="way" ref="254467764" role=""/>
  <member type="way" ref="27224908" role=""/>
  <member type="way" ref="217856197" role=""/>
  <member type="way" ref="409110816" role=""/>
  <member type="way" ref="836913257" role=""/>
  <member type="way" ref="35023636" role=""/>
  <member type="way" ref="75893326" role=""/>
  <member type="way" ref="836913256" role=""/>
  <member type="way" ref="35023635" role=""/>
  <member type="way" ref="1242491225" role=""/>
  <member type="way" ref="274655966" role=""/>
  <member type="way" ref="146276767" role=""/>
  <member type="way" ref="1242491226" role=""/>
  <member type="way" ref="42033721" role=""/>
  <member type="way" ref="415135819" role=""/>
  <member type="way" ref="146276770" role=""/>
  <member type="way" ref="215396569" role=""/>
  <member type="way" ref="160498725" role=""/>
  <member type="way" ref="160498735" role=""/>
  <member type="way" ref="48603636" role=""/>
  <member type="way" ref="62310952" role=""/>
  <member type="way" ref="419537073" role=""/>
  <member type="way" ref="62310968" role=""/>
  <member type="way" ref="62331240" role=""/>
  <member type="way" ref="97398602" role=""/>
  <member type="way" ref="97398601" role=""/>
  <member type="way" ref="75893317" role=""/>
  <member type="way" ref="75893333" role=""/>
  <member type="way" ref="46724594" role=""/>
  <member type="way" ref="73209995" role=""/>
  <member type="way" ref="73210000" role=""/>
  <member type="way" ref="72471208" role=""/>
  <member type="way" ref="61920031" role=""/>
  <member type="way" ref="422269419" role=""/>
  <member type="way" ref="422269201" role=""/>
  <member type="way" ref="61920026" role=""/>
  <member type="way" ref="34713782" role=""/>
  <member type="way" ref="1243404951" role=""/>
  <member type="way" ref="415128056" role=""/>
  <member type="way" ref="34713783" role=""/>
  <member type="way" ref="86058396" role=""/>
  <member type="way" ref="86058368" role=""/>
  <member type="way" ref="115514202" role=""/>
  <member type="way" ref="219125915" role=""/>
  <member type="way" ref="161926798" role=""/>
  <member type="way" ref="26647898" role=""/>
  <member type="way" ref="691045021" role=""/>
  <member type="way" ref="832324610" role=""/>
  <member type="way" ref="27240518" role=""/>
  <member type="way" ref="794582232" role=""/>
  <member type="way" ref="87088330" role=""/>
  <member type="way" ref="691045023" role=""/>
  <member type="way" ref="160281738" role=""/>
  <member type="way" ref="160281739" role=""/>
  <member type="way" ref="42033777" role=""/>
  <member type="way" ref="42033763" role=""/>
  <member type="way" ref="62310962" role=""/>
  <member type="way" ref="274655971" role=""/>
  <member type="way" ref="26647919" role=""/>
  <member type="way" ref="26680503" role=""/>
  <member type="way" ref="209432056" role=""/>
  <member type="way" ref="833646322" role=""/>
  <member type="way" ref="75896929" role=""/>
  <member type="way" ref="691045022" role=""/>
  <member type="way" ref="160172599" role=""/>
  <member type="way" ref="27224890" role=""/>
  <member type="way" ref="191114665" role=""/>
  <member type="way" ref="191114663" role=""/>
  <member type="way" ref="160172597" role=""/>
  <member type="way" ref="162916973" role=""/>
  <member type="way" ref="162916965" role=""/>
  <member type="way" ref="162916975" role=""/>
  <member type="way" ref="75896928" role=""/>
  <member type="way" ref="87435407" role=""/>
  <member type="way" ref="100297248" role=""/>
  <member type="way" ref="705728967" role=""/>
  <member type="way" ref="296688198" role=""/>
  <member type="way" ref="416704284" role=""/>
  <member type="way" ref="313212960" role=""/>
  <member type="way" ref="194347524" role=""/>
  <member type="way" ref="402240456" role=""/>
  <member type="way" ref="402240453" role=""/>
  <member type="way" ref="194347526" role=""/>
  <member type="way" ref="38834008" role=""/>
  <member type="way" ref="255240315" role=""/>
  <member type="way" ref="58828042" role=""/>
  <member type="way" ref="416704244" role=""/>
  <member type="way" ref="204980733" role=""/>
  <member type="way" ref="204980734" role=""/>
  <member type="way" ref="50306380" role=""/>
  <member type="way" ref="77212804" role=""/>
  <member type="way" ref="77212742" role=""/>
  <member type="way" ref="878661405" role=""/>
  <member type="way" ref="878661404" role=""/>
  <member type="way" ref="62310943" role=""/>
  <member type="way" ref="62310956" role=""/>
  <member type="way" ref="163126589" role=""/>
  <member type="way" ref="289978318" role=""/>
  <member type="way" ref="72471218" role=""/>
  <member type="way" ref="72492883" role=""/>
  <member type="way" ref="232424069" role=""/>
  <member type="way" ref="27270102" role=""/>
  <member type="way" ref="27270822" role=""/>
  <member type="way" ref="27270824" role=""/>
  <member type="way" ref="132658009" role=""/>
  <member type="way" ref="132658005" role=""/>
  <member type="way" ref="86133608" role=""/>
  <member type="way" ref="86133602" role=""/>
  <member type="way" ref="1273039386" role=""/>
  <member type="way" ref="1273039387" role=""/>
  <member type="way" ref="87074127" role=""/>
  <member type="way" ref="702381132" role=""/>
  <member type="way" ref="702381133" role=""/>
  <member type="way" ref="87074146" role=""/>
  <member type="way" ref="86133634" role=""/>
  <member type="way" ref="44809449" role=""/>
  <member type="way" ref="85830524" role=""/>
  <member type="way" ref="85830611" role=""/>
  <member type="way" ref="85830604" role=""/>
  <member type="way" ref="305855959" role=""/>
  <member type="way" ref="305855955" role=""/>
  <member type="way" ref="85830570" role=""/>
  <member type="way" ref="215295769" role=""/>
  <member type="way" ref="216583179" role=""/>
  <member type="way" ref="833116020" role=""/>
  <member type="way" ref="833116019" role=""/>
  <member type="way" ref="215295770" role=""/>
  <member type="way" ref="833116022" role=""/>
  <member type="way" ref="833116021" role=""/>
  <member type="way" ref="85830474" role=""/>
  <member type="way" ref="85830466" role=""/>
  <member type="way" ref="560467427" role=""/>
  <member type="way" ref="85830479" role=""/>
  <member type="way" ref="85830510" role=""/>
  <member type="way" ref="85694620" role=""/>
  <member type="way" ref="43954658" role=""/>
  <member type="way" ref="85694618" role=""/>
  <member type="way" ref="38454009" role=""/>
  <member type="way" ref="43954240" role=""/>
  <member type="way" ref="532834565" role=""/>
  <member type="way" ref="240047915" role=""/>
  <member type="way" ref="415135839" role=""/>
  <member type="way" ref="240047909" role=""/>
  <member type="way" ref="43953927" role=""/>
  <member type="way" ref="43954738" role=""/>
  <member type="way" ref="179184518" role=""/>
  <member type="way" ref="179184512" role=""/>
  <member type="way" ref="86023572" role=""/>
  <member type="way" ref="542884616" role=""/>
  <member type="way" ref="288985158" role=""/>
  <member type="way" ref="27392595" role=""/>
  <member type="way" ref="76114822" role=""/>
  <member type="way" ref="27256787" role=""/>
  <member type="way" ref="691071215" role=""/>
  <member type="way" ref="27392596" role=""/>
  <member type="way" ref="86023567" role=""/>
  <member type="way" ref="24227130" role=""/>
  <member type="way" ref="438241603" role=""/>
  <member type="way" ref="77212784" role=""/>
  <member type="way" ref="338163965" role=""/>
  <member type="way" ref="338163963" role=""/>
  <member type="way" ref="372594550" role=""/>
  <member type="way" ref="372594542" role=""/>
  <member type="way" ref="793634043" role=""/>
  <member type="way" ref="793634042" role=""/>
  <member type="way" ref="24231352" role=""/>
  <member type="way" ref="87803407" role=""/>
  <member type="way" ref="691045002" role=""/>
  <member type="way" ref="43268071" role=""/>
  <member type="way" ref="75893287" role=""/>
  <member type="way" ref="161031292" role=""/>
  <member type="way" ref="38837923" role=""/>
  <member type="way" ref="1242535595" role=""/>
  <member type="way" ref="171553196" role=""/>
  <member type="way" ref="58828046" role=""/>
  <member type="way" ref="149614241" role=""/>
  <member type="way" ref="168055637" role=""/>
  <member type="way" ref="114886723" role=""/>
  <member type="way" ref="39814598" role=""/>
  <member type="way" ref="64559853" role=""/>
  <member type="way" ref="37550031" role=""/>
  <member type="way" ref="366102584" role=""/>
  <member type="way" ref="23991642" role=""/>
  <member type="way" ref="288679476" role=""/>
  <member type="way" ref="214453930" role=""/>
  <member type="way" ref="925810918" role=""/>
  <member type="way" ref="96628568" role=""/>
  <member type="way" ref="127573020" role=""/>
  <member type="way" ref="215375470" role=""/>
  <member type="way" ref="958813463" role=""/>
  <member type="way" ref="286636403" role=""/>
  <member type="way" ref="496905829" role=""/>
  <member type="way" ref="496905828" role=""/>
  <member type="way" ref="35963684" role=""/>
  <member type="way" ref="523280889" role=""/>
  <member type="way" ref="523280888" role=""/>
  <member type="way" ref="127573018" role=""/>
  <member type="way" ref="1228608148" role=""/>
  <member type="way" ref="64559849" role=""/>
  <member type="way" ref="168055633" role=""/>
  <member type="way" ref="25838270" role=""/>
  <member type="way" ref="85865141" role=""/>
  <member type="way" ref="699065148" role=""/>
  <member type="way" ref="42215718" role=""/>
  <member type="way" ref="141857835" role=""/>
  <member type="way" ref="691069096" role=""/>
  <member type="way" ref="691071656" role=""/>
  <member type="way" ref="146281000" role=""/>
  <member type="way" ref="68111578" role=""/>
  <member type="way" ref="191226983" role=""/>
  <member type="way" ref="86133615" role=""/>
  <member type="way" ref="86133618" role=""/>
  <member type="way" ref="86037968" role=""/>
  <member type="way" ref="86037862" role=""/>
  <member type="way" ref="86037865" role=""/>
  <member type="way" ref="140564241" role=""/>
  <member type="way" ref="86037946" role=""/>
  <member type="way" ref="86037874" role=""/>
  <member type="way" ref="86133625" role=""/>
  <member type="way" ref="697496389" role=""/>
  <member type="way" ref="86037972" role=""/>
  <member type="way" ref="86250604" role=""/>
  <member type="way" ref="86133611" role=""/>
  <member type="way" ref="697874356" role=""/>
  <member type="way" ref="697874359" role=""/>
  <member type="way" ref="697874358" role=""/>
  <member type="way" ref="552913082" role=""/>
  <member type="way" ref="552914962" role=""/>
  <member type="way" ref="552913084" role=""/>
  <member type="way" ref="167631025" role=""/>
  <member type="way" ref="1210632471" role=""/>
  <member type="way" ref="699085702" role=""/>
  <member type="way" ref="700631949" role=""/>
  <member type="way" ref="295419445" role=""/>
  <member type="way" ref="552913114" role=""/>
  <member type="way" ref="118251892" role=""/>
  <member type="way" ref="86037920" role=""/>
  <member type="way" ref="86134755" role=""/>
  <member type="way" ref="86134757" role=""/>
  <member type="way" ref="114570118" role=""/>
  <member type="way" ref="129148400" role=""/>
  <member type="way" ref="129724952" role=""/>
  <member type="way" ref="129724955" role=""/>
  <member type="way" ref="129724942" role=""/>
  <member type="way" ref="129724950" role=""/>
  <member type="way" ref="129724940" role=""/>
  <member type="way" ref="96176984" role=""/>
  <member type="way" ref="76095918" role=""/>
  <member type="way" ref="292220796" role=""/>
  <member type="way" ref="292220798" role=""/>
  <member type="way" ref="292220793" role=""/>
  <member type="way" ref="292220794" role=""/>
  <member type="way" ref="10619766" role=""/>
  <member type="way" ref="46736809" role=""/>
  <member type="way" ref="46736808" role=""/>
  <member type="way" ref="76095900" role=""/>
  <member type="way" ref="76095929" role=""/>
  <member type="way" ref="76105229" role=""/>
  <member type="way" ref="1254166635" role=""/>
  <member type="way" ref="76105221" role=""/>
  <member type="way" ref="76105216" role=""/>
  <member type="way" ref="48949778" role=""/>
  <member type="way" ref="76095933" role=""/>
  <member type="way" ref="274655969" role=""/>
  <member type="way" ref="209432051" role=""/>
  <member type="way" ref="240835932" role=""/>
  <member type="way" ref="76105226" role=""/>
  <member type="way" ref="240835929" role=""/>
  <member type="way" ref="76105205" role=""/>
  <member type="way" ref="148226583" role=""/>
  <member type="way" ref="148226582" role=""/>
  <member type="way" ref="76095908" role=""/>
  <member type="way" ref="10620871" role=""/>
  <member type="way" ref="85839836" role=""/>
  <member type="way" ref="81045085" role=""/>
  <member type="way" ref="81045084" role=""/>
  <member type="way" ref="80541372" role=""/>
  <member type="way" ref="83410357" role=""/>
  <member type="way" ref="304729342" role=""/>
  <member type="way" ref="304729338" role=""/>
  <member type="way" ref="79815685" role=""/>
  <member type="way" ref="118224814" role=""/>
  <member type="way" ref="85830636" role=""/>
  <member type="way" ref="120589218" role=""/>
  <member type="way" ref="120589216" role=""/>
  <member type="way" ref="120589217" role=""/>
  <member type="way" ref="120589214" role=""/>
  <member type="way" ref="50308482" role=""/>
  <member type="way" ref="412897300" role=""/>
  <member type="way" ref="50308490" role=""/>
  <member type="way" ref="19805297" role=""/>
  <member type="way" ref="412897301" role=""/>
  <member type="way" ref="9970088" role=""/>
  <member type="way" ref="114877556" role=""/>
  <member type="way" ref="9970077" role=""/>
  <member type="way" ref="415138233" role=""/>
  <member type="way" ref="9970078" role=""/>
  <member type="way" ref="204045159" role=""/>
  <member type="way" ref="204045172" role=""/>
  <member type="way" ref="85865140" role=""/>
  <member type="way" ref="114570117" role=""/>
  <member type="way" ref="530970891" role=""/>
  <member type="way" ref="165941630" role=""/>
  <member type="way" ref="530970900" role=""/>
  <member type="way" ref="700980463" role=""/>
  <member type="way" ref="700980464" role=""/>
  <member type="way" ref="86133635" role=""/>
  <member type="way" ref="86133621" role=""/>
  <member type="way" ref="86133619" role=""/>
  <member type="way" ref="25631912" role=""/>
  <member type="way" ref="25631913" role=""/>
  <member type="way" ref="25631912" role=""/>
  <member type="way" ref="132661722" role=""/>
  <member type="way" ref="702507689" role=""/>
  <member type="way" ref="119305493" role=""/>
  <member type="way" ref="86133624" role=""/>
  <member type="way" ref="86133629" role=""/>
  <member type="way" ref="702507695" role=""/>
  <member type="way" ref="702507696" role=""/>
  <member type="way" ref="23757502" role=""/>
  <member type="way" ref="118339166" role=""/>
  <member type="way" ref="86037883" role=""/>
  <member type="way" ref="27549553" role=""/>
  <member type="way" ref="34713793" role=""/>
  <member type="way" ref="43954824" role=""/>
  <member type="way" ref="79658412" role=""/>
  <member type="way" ref="79815697" role=""/>
  <member type="way" ref="78470272" role=""/>
  <member type="way" ref="79870044" role=""/>
  <member type="way" ref="77455272" role=""/>
  <member type="way" ref="96766440" role=""/>
  <member type="way" ref="96766441" role=""/>
  <member type="way" ref="96766435" role=""/>
  <member type="way" ref="704705744" role=""/>
  <member type="way" ref="691069107" role=""/>
  <member type="way" ref="1253859458" role=""/>
  <member type="way" ref="97800906" role=""/>
  <member type="way" ref="73218688" role=""/>
  <member type="way" ref="161829131" role=""/>
  <member type="way" ref="161829128" role=""/>
  <member type="way" ref="97800914" role=""/>
  <member type="way" ref="76114831" role=""/>
  <member type="way" ref="415135850" role=""/>
  <member type="way" ref="26681091" role=""/>
  <member type="way" ref="27240731" role=""/>
  <member type="way" ref="833887606" role=""/>
  <member type="way" ref="833887602" role=""/>
  <member type="way" ref="833887601" role=""/>
  <member type="way" ref="833887603" role=""/>
  <member type="way" ref="833887605" role=""/>
  <member type="way" ref="34713785" role=""/>
  <member type="way" ref="833887607" role=""/>
  <member type="way" ref="160892833" role=""/>
  <member type="way" ref="27224888" role=""/>
  <member type="way" ref="374735223" role=""/>
  <member type="way" ref="161491092" role=""/>
  <member type="way" ref="161491114" role=""/>
  <member type="way" ref="34713801" role=""/>
  <member type="way" ref="691071216" role=""/>
  <member type="way" ref="161491118" role=""/>
  <member type="way" ref="34713799" role=""/>
  <member type="way" ref="691069075" role=""/>
  <member type="way" ref="27240520" role=""/>
  <member type="way" ref="562164822" role=""/>
  <member type="way" ref="62310959" role=""/>
  <member type="way" ref="691045012" role=""/>
  <member type="way" ref="161927282" role=""/>
  <member type="way" ref="24231133" role=""/>
  <member type="way" ref="374978216" role=""/>
  <member type="way" ref="209432048" role=""/>
  <member type="way" ref="24231118" role=""/>
  <member type="way" ref="415128057" role=""/>
  <member type="way" ref="161716987" role=""/>
  <member type="way" ref="295708201" role=""/>
  <member type="way" ref="295708206" role=""/>
  <member type="way" ref="1212084827" role=""/>
  <member type="way" ref="495407765" role=""/>
  <member type="way" ref="1273524980" role=""/>
  <member type="way" ref="495407760" role=""/>
  <member type="way" ref="1211367656" role=""/>
  <member type="way" ref="691069090" role=""/>
  <member type="way" ref="495407766" role=""/>
  <member type="way" ref="27241287" role=""/>
  <member type="way" ref="49839580" role=""/>
  <member type="way" ref="808151111" role=""/>
  <member type="way" ref="49839569" role=""/>
  <member type="way" ref="496676110" role=""/>
  <member type="way" ref="496676111" role=""/>
  <member type="way" ref="496676112" role=""/>
  <member type="way" ref="496676113" role=""/>
  <member type="way" ref="496676114" role=""/>
  <member type="way" ref="49839573" role=""/>
  <member type="way" ref="96256451" role=""/>
  <member type="way" ref="496676107" role=""/>
  <member type="way" ref="96456597" role=""/>
  <member type="way" ref="72542980" role=""/>
  <member type="way" ref="189437185" role=""/>
  <member type="way" ref="87335080" role=""/>
  <member type="way" ref="72542944" role=""/>
  <member type="way" ref="72542937" role=""/>
  <member type="way" ref="72542949" role=""/>
  <member type="way" ref="982794923" role=""/>
  <member type="way" ref="96256438" role=""/>
  <member type="way" ref="96256434" role=""/>
  <member type="way" ref="254037053" role=""/>
  <member type="way" ref="271864627" role=""/>
  <member type="way" ref="929365187" role=""/>
  <member type="way" ref="72493598" role=""/>
  <member type="way" ref="28141358" role=""/>
  <member type="way" ref="454365554" role=""/>
  <member type="way" ref="454365555" role=""/>
  <member type="way" ref="412816051" role=""/>
  <member type="way" ref="28141494" role=""/>
  <member type="way" ref="62093290" role=""/>
  <member type="way" ref="968081464" role=""/>
  <member type="way" ref="72493596" role=""/>
  <member type="way" ref="114512047" role=""/>
  <member type="way" ref="87075082" role=""/>
  <member type="way" ref="691045013" role=""/>
  <member type="way" ref="87335078" role=""/>
  <member type="way" ref="92977944" role=""/>
  <member type="way" ref="92977945" role=""/>
  <member type="way" ref="79658419" role=""/>
  <member type="way" ref="98094238" role=""/>
  <member type="way" ref="59458817" role=""/>
  <member type="way" ref="212293990" role=""/>
  <member type="way" ref="64527406" role=""/>
  <member type="way" ref="42033725" role=""/>
  <member type="way" ref="62310960" role=""/>
  <member type="way" ref="78470277" role=""/>
  <member type="way" ref="85830630" role=""/>
  <member type="way" ref="85830616" role=""/>
  <member type="way" ref="78470280" role=""/>
  <member type="way" ref="160056469" role=""/>
  <member type="way" ref="704705746" role=""/>
  <member type="way" ref="704705745" role=""/>
  <member type="way" ref="85830499" role=""/>
  <member type="way" ref="77455314" role=""/>
  <member type="way" ref="647530393" role=""/>
  <member type="way" ref="35209008" role=""/>
  <member type="way" ref="217864402" role=""/>
  <member type="way" ref="62093294" role=""/>
  <member type="way" ref="213445815" role=""/>
  <member type="way" ref="114771712" role=""/>
  <member type="way" ref="229758041" role=""/>
  <member type="way" ref="229758031" role=""/>
  <member type="way" ref="229758034" role=""/>
  <member type="way" ref="229758046" role=""/>
  <member type="way" ref="178284128" role=""/>
  <member type="way" ref="178284127" role=""/>
  <member type="way" ref="229758033" role=""/>
  <member type="way" ref="229758043" role=""/>
  <member type="way" ref="113415934" role=""/>
  <member type="way" ref="87173182" role=""/>
  <member type="way" ref="87173179" role=""/>
  <member type="way" ref="84378067" role=""/>
  <member type="way" ref="65046631" role=""/>
  <member type="way" ref="304373716" role=""/>
  <member type="way" ref="304373730" role=""/>
  <member type="way" ref="215396582" role=""/>
  <member type="way" ref="570592870" role=""/>
  <member type="way" ref="146489470" role=""/>
  <member type="way" ref="1252746617" role=""/>
  <member type="way" ref="704705747" role=""/>
  <member type="way" ref="704705748" role=""/>
  <member type="way" ref="704705749" role=""/>
  <member type="way" ref="339395849" role=""/>
  <member type="way" ref="339395846" role=""/>
  <member type="way" ref="65046621" role=""/>
  <member type="way" ref="10060096" role=""/>
  <member type="way" ref="76095923" role=""/>
  <member type="way" ref="76095906" role=""/>
  <member type="way" ref="34715771" role=""/>
  <member type="way" ref="161926800" role=""/>
  <member type="way" ref="27241292" role=""/>
  <member type="way" ref="1244845038" role=""/>
  <member type="way" ref="23984653" role=""/>
  <member type="way" ref="50822973" role=""/>
  <member type="way" ref="50822972" role=""/>
  <member type="way" ref="76132066" role=""/>
  <member type="way" ref="953721210" role=""/>
  <member type="way" ref="75975200" role=""/>
  <member type="way" ref="953721209" role=""/>
  <member type="way" ref="27241290" role=""/>
  <member type="way" ref="161491072" role=""/>
  <member type="way" ref="161491120" role=""/>
  <member type="way" ref="691069093" role=""/>
  <member type="way" ref="287731822" role=""/>
  <member type="way" ref="834779071" role=""/>
  <member type="way" ref="834779072" role=""/>
  <member type="way" ref="835081317" role=""/>
  <member type="way" ref="835081313" role=""/>
  <member type="way" ref="835081312" role=""/>
  <member type="way" ref="835081316" role=""/>
  <member type="way" ref="835081315" role=""/>
  <member type="way" ref="835081314" role=""/>
  <member type="way" ref="161491087" role=""/>
  <member type="way" ref="27241286" role=""/>
  <member type="way" ref="1273525664" role=""/>
  <member type="way" ref="161716989" role=""/>
  <member type="way" ref="27241285" role=""/>
  <member type="way" ref="691069071" role=""/>
  <member type="way" ref="27241284" role=""/>
  <member type="way" ref="27241291" role=""/>
  <member type="way" ref="691045020" role=""/>
  <member type="way" ref="43268069" role=""/>
  <member type="way" ref="240176590" role=""/>
  <member type="way" ref="160972592" role=""/>
  <member type="way" ref="160576220" role=""/>
  <member type="way" ref="374978213" role=""/>
  <member type="way" ref="691045011" role=""/>
  <member type="way" ref="49014131" role=""/>
  <member type="way" ref="76095896" role=""/>
  <member type="way" ref="191114664" role=""/>
  <member type="way" ref="72471190" role=""/>
  <member type="way" ref="100864533" role=""/>
  <member type="way" ref="1301688196" role=""/>
  <member type="way" ref="1301688195" role=""/>
  <member type="way" ref="49285962" role=""/>
  <member type="way" ref="254037054" role=""/>
  <member type="way" ref="222628789" role=""/>
  <member type="way" ref="222628790" role=""/>
  <member type="way" ref="627121939" role=""/>
  <member type="way" ref="415347928" role=""/>
  <member type="way" ref="114012738" role=""/>
  <member type="way" ref="114012733" role=""/>
  <member type="way" ref="114012761" role=""/>
  <member type="way" ref="114012749" role=""/>
  <member type="way" ref="443089269" role=""/>
  <member type="way" ref="114012708" role=""/>
  <member type="way" ref="87222013" role=""/>
  <member type="way" ref="254467763" role=""/>
  <member type="way" ref="87221946" role=""/>
  <member type="way" ref="292625586" role=""/>
  <member type="way" ref="292625584" role=""/>
  <member type="way" ref="10066106" role=""/>
  <member type="way" ref="985066831" role=""/>
  <member type="way" ref="1212084828" role=""/>
  <member type="way" ref="62310948" role=""/>
  <member type="way" ref="416470088" role=""/>
  <member type="way" ref="62310953" role=""/>
  <member type="way" ref="627121961" role=""/>
  <member type="way" ref="416470085" role=""/>
  <member type="way" ref="77212770" role=""/>
  <member type="way" ref="27290301" role=""/>
  <member type="way" ref="79658409" role=""/>
  <member type="way" ref="314136371" role=""/>
  <member type="way" ref="27224893" role=""/>
  <member type="way" ref="162916972" role=""/>
  <member type="way" ref="62331962" role=""/>
  <member type="way" ref="425386134" role=""/>
  <member type="way" ref="237098316" role=""/>
  <member type="way" ref="75898196" role=""/>
  <member type="way" ref="314136364" role=""/>
  <member type="way" ref="314136369" role=""/>
  <member type="way" ref="215396568" role=""/>
  <member type="way" ref="215396571" role=""/>
  <member type="way" ref="75898191" role=""/>
  <member type="way" ref="314138285" role=""/>
  <member type="way" ref="314136366" role=""/>
  <member type="way" ref="314136372" role=""/>
  <member type="way" ref="75898199" role=""/>
  <member type="way" ref="304373723" role=""/>
  <member type="way" ref="304373717" role=""/>
  <member type="way" ref="304373727" role=""/>
  <member type="way" ref="304373721" role=""/>
  <member type="way" ref="833000787" role=""/>
  <member type="way" ref="833000786" role=""/>
  <member type="way" ref="217864058" role=""/>
  <member type="way" ref="833000785" role=""/>
  <member type="way" ref="833000784" role=""/>
  <member type="way" ref="127567557" role=""/>
  <member type="way" ref="127567555" role=""/>
  <member type="way" ref="937804750" role=""/>
  <member type="way" ref="163274190" role=""/>
  <member type="way" ref="937804751" role=""/>
  <member type="way" ref="289978316" role=""/>
  <member type="way" ref="289978319" role=""/>
  <member type="way" ref="163274195" role=""/>
  <member type="way" ref="163274189" role=""/>
  <member type="way" ref="137730198" role=""/>
  <member type="way" ref="129148401" role=""/>
  <member type="way" ref="207943460" role=""/>
  <member type="way" ref="1256870001" role=""/>
  <member type="way" ref="204852170" role=""/>
  <member type="way" ref="210281306" role=""/>
  <member type="way" ref="210281304" role=""/>
  <member type="way" ref="215295772" role=""/>
  <member type="way" ref="215820989" role=""/>
  <member type="way" ref="215820988" role=""/>
  <member type="way" ref="118224817" role=""/>
  <member type="way" ref="1243782468" role=""/>
  <member type="way" ref="1243782467" role=""/>
  <member type="way" ref="215820985" role=""/>
  <member type="way" ref="73331585" role=""/>
  <member type="way" ref="1024376791" role=""/>
  <member type="way" ref="1181992886" role=""/>
  <member type="way" ref="114886697" role=""/>
  <member type="way" ref="1024376798" role=""/>
  <member type="way" ref="114941320" role=""/>
  <member type="way" ref="593914529" role=""/>
  <member type="way" ref="593914530" role=""/>
  <member type="way" ref="593914523" role=""/>
  <member type="way" ref="213190666" role=""/>
  <member type="way" ref="255240312" role=""/>
  <member type="way" ref="1174748086" role=""/>
  <member type="way" ref="1174748085" role=""/>
  <member type="way" ref="1174748087" role=""/>
  <member type="way" ref="119144784" role=""/>
  <member type="way" ref="1227032697" role=""/>
  <member type="way" ref="375206334" role=""/>
  <member type="way" ref="1227032696" role=""/>
  <member type="way" ref="119144787" role=""/>
  <member type="way" ref="375206339" role=""/>
  <member type="way" ref="375206335" role=""/>
  <member type="way" ref="217867862" role=""/>
  <member type="way" ref="1395581691" role=""/>
  <tag k="colour" v="#7FC3D8"/>
  <tag k="colour:paint" v="NCS S 1040-B"/>
  <tag k="name" v="Blåstier i Østmarka"/>
  <tag k="network" v="lwn"/>
  <tag k="operator" v="DNT Oslo og Omegn"/>
  <tag k="osmc:symbol" v="blue:blue"/>
  <tag k="route" v="hiking"/>
  <tag k="symbol" v="Light blue 10x5 cm rectangles"/>
  <tag k="type" v="route"/>
  <tag k="website" v="https://www.dntoslo.no/"/>
 </relation>
 <relation id="1729230" visible="true" version="19" changeset="175598385" timestamp="2025-12-06T19:21:05Z" user="LandskapsLars" uid="22387387">
  <member type="way" ref="23761672" role=""/>
  <member type="way" ref="89296578" role=""/>
  <member type="way" ref="4956514" role=""/>
  <member type="way" ref="92977950" role="main_stream"/>
  <member type="way" ref="92977947" role="main_stream"/>
  <member type="way" ref="118266412" role="main_stream"/>
  <member type="way" ref="515158328" role="main_stream"/>
  <member type="way" ref="769473892" role="main_stream"/>
  <member type="way" ref="769473893" role="main_stream"/>
  <member type="way" ref="515158327" role="main_stream"/>
  <member type="way" ref="210378458" role="main_stream"/>
  <member type="way" ref="795007597" role="main_stream"/>
  <member type="way" ref="795007596" role="main_stream"/>
  <member type="way" ref="27271638" role="main_stream"/>
  <member type="way" ref="1456543199" role="main_stream"/>
  <member type="way" ref="87803443" role=""/>
  <member type="way" ref="702490771" role="main_stream"/>
  <member type="way" ref="702490770" role="main_stream"/>
  <member type="way" ref="673036883" role="main_stream"/>
  <member type="way" ref="673036882" role="main_stream"/>
  <member type="way" ref="702507694" role="main_stream"/>
  <member type="way" ref="702507693" role="main_stream"/>
  <member type="way" ref="217899997" role="main_stream"/>
  <member type="way" ref="702424659" role="main_stream"/>
  <member type="way" ref="702424658" role="main_stream"/>
  <member type="way" ref="695993873" role="main_stream"/>
  <member type="way" ref="695993872" role="main_stream"/>
  <member type="way" ref="146420573" role="main_stream"/>
  <member type="way" ref="27271646" role="main_stream"/>
  <member type="way" ref="217900008" role="main_stream"/>
  <member type="way" ref="98539575" role="main_stream"/>
  <member type="way" ref="156700580" role="main_stream"/>
  <member type="way" ref="127882479" role="side_stream"/>
  <tag k="name" v="Ljanselva"/>
  <tag k="type" v="waterway"/>
  <tag k="wikidata" v="Q75468"/>
  <tag k="wikipedia" v="no:Ljanselva"/>
 </relation>
 <relation id="6161012" visible="true" version="73" changeset="184795331" timestamp="2026-06-29T13:16:01Z" user="Axel Pettersen" uid="23021859">
  <member type="way" ref="1533527857" role=""/>
  <member type="relation" ref="6161011" role=""/>
  <member type="relation" ref="6161089" role=""/>
  <member type="relation" ref="6161090" role=""/>
  <member type="relation" ref="6161091" role=""/>
  <member type="relation" ref="6161092" role=""/>
  <member type="relation" ref="6161323" role=""/>
  <member type="relation" ref="6161324" role=""/>
  <member type="relation" ref="6161334" role=""/>
  <member type="relation" ref="6161335" role=""/>
  <member type="relation" ref="6162547" role=""/>
  <member type="relation" ref="6162564" role=""/>
  <member type="relation" ref="6162626" role=""/>
  <member type="relation" ref="6162627" role=""/>
  <member type="relation" ref="6163397" role=""/>
  <member type="relation" ref="6163398" role=""/>
  <member type="relation" ref="6163399" role=""/>
  <member type="relation" ref="6163400" role=""/>
  <member type="relation" ref="6163433" role=""/>
  <member type="relation" ref="6163434" role=""/>
  <member type="relation" ref="6163435" role=""/>
  <member type="relation" ref="6163436" role=""/>
  <member type="relation" ref="6163659" role=""/>
  <member type="relation" ref="6163662" role=""/>
  <member type="relation" ref="6163878" role=""/>
  <member type="relation" ref="6164071" role=""/>
  <member type="relation" ref="6164072" role=""/>
  <member type="relation" ref="6164131" role=""/>
  <member type="relation" ref="6164132" role=""/>
  <member type="relation" ref="6165032" role=""/>
  <member type="relation" ref="6165033" role=""/>
  <member type="relation" ref="6163665" role=""/>
  <member type="relation" ref="6165236" role=""/>
  <member type="relation" ref="6165237" role=""/>
  <member type="relation" ref="6166629" role=""/>
  <member type="relation" ref="6166696" role=""/>
  <member type="relation" ref="6166697" role=""/>
  <member type="relation" ref="6166698" role=""/>
  <member type="relation" ref="6166750" role=""/>
  <member type="relation" ref="6166699" role=""/>
  <member type="relation" ref="6166751" role=""/>
  <member type="relation" ref="6166700" role=""/>
  <member type="relation" ref="6166752" role=""/>
  <member type="relation" ref="6166983" role=""/>
  <member type="relation" ref="6166984" role=""/>
  <member type="relation" ref="6167290" role=""/>
  <member type="relation" ref="6167291" role=""/>
  <member type="relation" ref="6167292" role=""/>
  <member type="relation" ref="6167339" role=""/>
  <member type="relation" ref="6167340" role=""/>
  <member type="relation" ref="6167341" role=""/>
  <member type="relation" ref="6167446" role=""/>
  <member type="relation" ref="6167447" role=""/>
  <member type="relation" ref="6167448" role=""/>
  <member type="relation" ref="6167472" role=""/>
  <member type="relation" ref="6167473" role=""/>
  <member type="relation" ref="6167575" role=""/>
  <member type="relation" ref="6167576" role=""/>
  <member type="relation" ref="6167577" role=""/>
  <member type="relation" ref="6167578" role=""/>
  <member type="relation" ref="6167783" role=""/>
  <member type="relation" ref="6167784" role=""/>
  <member type="relation" ref="6169581" role=""/>
  <member type="relation" ref="6169582" role=""/>
  <member type="relation" ref="6169583" role=""/>
  <member type="relation" ref="6169584" role=""/>
  <member type="relation" ref="6169585" role=""/>
  <member type="relation" ref="6169586" role=""/>
  <member type="relation" ref="6169603" role=""/>
  <member type="relation" ref="6169604" role=""/>
  <member type="relation" ref="6169611" role=""/>
  <member type="relation" ref="6169631" role=""/>
  <member type="relation" ref="6169632" role=""/>
  <member type="relation" ref="6169670" role=""/>
  <member type="relation" ref="6169671" role=""/>
  <member type="relation" ref="6169720" role=""/>
  <member type="relation" ref="6169850" role=""/>
  <member type="relation" ref="6169851" role=""/>
  <member type="relation" ref="6169852" role=""/>
  <member type="relation" ref="6169853" role=""/>
  <member type="relation" ref="6169854" role=""/>
  <member type="relation" ref="6169855" role=""/>
  <member type="relation" ref="6176111" role=""/>
  <member type="relation" ref="6176112" role=""/>
  <member type="relation" ref="6176113" role=""/>
  <member type="relation" ref="6179586" role=""/>
  <member type="relation" ref="6179587" role=""/>
  <member type="relation" ref="6179633" role=""/>
  <member type="relation" ref="6179738" role=""/>
  <member type="relation" ref="6179739" role=""/>
  <member type="relation" ref="6180692" role=""/>
  <member type="relation" ref="6179740" role=""/>
  <member type="relation" ref="6180804" role=""/>
  <member type="relation" ref="6181054" role=""/>
  <member type="relation" ref="6180805" role=""/>
  <member type="relation" ref="6181060" role=""/>
  <member type="relation" ref="6183937" role=""/>
  <member type="relation" ref="6183938" role=""/>
  <member type="relation" ref="6183939" role=""/>
  <member type="relation" ref="6188206" role=""/>
  <member type="relation" ref="6188249" role=""/>
  <member type="relation" ref="6186017" role=""/>
  <member type="relation" ref="6188315" role=""/>
  <member type="relation" ref="6186301" role=""/>
  <member type="relation" ref="6186018" role=""/>
  <member type="relation" ref="6188414" role=""/>
  <member type="relation" ref="6188250" role=""/>
  <member type="relation" ref="6188251" role=""/>
  <member type="relation" ref="6188680" role=""/>
  <member type="relation" ref="6188316" role=""/>
  <member type="relation" ref="6186133" role=""/>
  <member type="relation" ref="6186134" role=""/>
  <member type="relation" ref="6186302" role=""/>
  <member type="relation" ref="6188415" role=""/>
  <member type="relation" ref="6188416" role=""/>
  <member type="relation" ref="6186135" role=""/>
  <member type="relation" ref="6186202" role=""/>
  <member type="relation" ref="6186203" role=""/>
  <member type="relation" ref="6186205" role=""/>
  <member type="relation" ref="6186244" role=""/>
  <member type="relation" ref="6186245" role=""/>
  <member type="relation" ref="6186246" role=""/>
  <member type="relation" ref="6186267" role=""/>
  <member type="relation" ref="6186268" role=""/>
  <member type="relation" ref="6188708" role=""/>
  <member type="relation" ref="6188709" role=""/>
  <member type="relation" ref="6188710" role=""/>
  <member type="relation" ref="6188711" role=""/>
  <member type="relation" ref="6188712" role=""/>
  <member type="relation" ref="6190875" role=""/>
  <member type="relation" ref="6190876" role=""/>
  <member type="relation" ref="6190909" role=""/>
  <member type="relation" ref="6190910" role=""/>
  <member type="relation" ref="6191104" role=""/>
  <member type="relation" ref="6191105" role=""/>
  <member type="relation" ref="6191185" role=""/>
  <member type="relation" ref="6191186" role=""/>
  <member type="relation" ref="6191187" role=""/>
  <member type="relation" ref="6191188" role=""/>
  <member type="relation" ref="6193143" role=""/>
  <member type="relation" ref="6193144" role=""/>
  <member type="relation" ref="6193145" role=""/>
  <member type="relation" ref="6229592" role=""/>
  <member type="relation" ref="6229593" role=""/>
  <member type="relation" ref="6229594" role=""/>
  <member type="relation" ref="6229595" role=""/>
  <member type="relation" ref="6229596" role=""/>
  <member type="relation" ref="6191189" role=""/>
  <member type="relation" ref="6229947" role=""/>
  <member type="relation" ref="6229948" role=""/>
  <member type="relation" ref="6229949" role=""/>
  <member type="relation" ref="6229981" role=""/>
  <member type="relation" ref="6229982" role=""/>
  <member type="relation" ref="6229983" role=""/>
  <member type="relation" ref="6229984" role=""/>
  <member type="relation" ref="6188207" role=""/>
  <member type="relation" ref="6231571" role=""/>
  <member type="relation" ref="6231592" role=""/>
  <member type="relation" ref="6231593" role=""/>
  <member type="relation" ref="6234560" role=""/>
  <member type="relation" ref="6234561" role=""/>
  <member type="relation" ref="6234562" role=""/>
  <member type="relation" ref="6234591" role=""/>
  <member type="relation" ref="6234592" role=""/>
  <member type="relation" ref="6234701" role=""/>
  <member type="relation" ref="6234702" role=""/>
  <member type="relation" ref="6234703" role=""/>
  <member type="relation" ref="6234704" role=""/>
  <member type="relation" ref="6234739" role=""/>
  <member type="relation" ref="6234740" role=""/>
  <member type="relation" ref="6234741" role=""/>
  <member type="relation" ref="6248214" role=""/>
  <member type="relation" ref="6248215" role=""/>
  <member type="relation" ref="6248216" role=""/>
  <member type="relation" ref="6248217" role=""/>
  <member type="relation" ref="6248223" role=""/>
  <member type="relation" ref="6248224" role=""/>
  <member type="relation" ref="6248299" role=""/>
  <member type="relation" ref="6248300" role=""/>
  <member type="relation" ref="6248301" role=""/>
  <member type="relation" ref="6248302" role=""/>
  <member type="relation" ref="6248303" role=""/>
  <member type="relation" ref="6248304" role=""/>
  <member type="relation" ref="6248434" role=""/>
  <member type="relation" ref="6248435" role=""/>
  <member type="relation" ref="6248436" role=""/>
  <member type="relation" ref="6248437" role=""/>
  <member type="relation" ref="6248438" role=""/>
  <member type="relation" ref="6248439" role=""/>
  <member type="relation" ref="6248440" role=""/>
  <member type="relation" ref="6248441" role=""/>
  <member type="relation" ref="6248442" role=""/>
  <member type="relation" ref="6248443" role=""/>
  <member type="relation" ref="6248444" role=""/>
  <member type="relation" ref="6248515" role=""/>
  <member type="relation" ref="6248516" role=""/>
  <member type="relation" ref="6251193" role=""/>
  <tag k="name" v="Norway hiking network OSL series"/>
  <tag k="note" v="see http://www2.turistforeningen.no/trail.php?tr_code=osl* ; replace * by reference number"/>
  <tag k="note:no" v="samling av alle fotturer i OSL serien - OSLO area"/>
  <tag k="type" v="network"/>
 </relation>
 <relation id="6186202" visible="true" version="5" changeset="174107809" timestamp="2025-11-02T15:17:47Z" user="km2bp" uid="3610826">
  <member type="way" ref="7996056" role=""/>
  <member type="node" ref="34058045" role=""/>
  <member type="node" ref="877268661" role=""/>
  <member type="way" ref="143310221" role=""/>
  <member type="way" ref="26680585" role=""/>
  <member type="way" ref="215396571" role=""/>
  <member type="way" ref="215396568" role=""/>
  <member type="way" ref="314136369" role=""/>
  <member type="way" ref="75898196" role=""/>
  <member type="way" ref="314136372" role=""/>
  <member type="way" ref="314136366" role=""/>
  <member type="way" ref="75898191" role=""/>
  <member type="way" ref="314138285" role=""/>
  <member type="way" ref="645665744" role=""/>
  <member type="way" ref="73218679" role=""/>
  <member type="way" ref="34715774" role=""/>
  <member type="way" ref="179184521" role=""/>
  <member type="way" ref="179184519" role=""/>
  <member type="way" ref="160056470" role=""/>
  <member type="way" ref="415135850" role=""/>
  <member type="way" ref="179184512" role=""/>
  <member type="way" ref="179184518" role=""/>
  <member type="way" ref="43954738" role=""/>
  <member type="way" ref="85694618" role=""/>
  <member type="way" ref="92977944" role=""/>
  <member type="node" ref="1077844046" role=""/>
  <member type="way" ref="79658419" role=""/>
  <member type="way" ref="98094238" role=""/>
  <member type="way" ref="240047909" role=""/>
  <member type="way" ref="415135839" role=""/>
  <member type="way" ref="314136371" role=""/>
  <member type="way" ref="79658409" role=""/>
  <member type="way" ref="77455272" role=""/>
  <tag k="colour" v="#6cbff1"/>
  <tag k="foot" v="yes"/>
  <tag k="from" v="Haugerud"/>
  <tag k="network" v="rwn"/>
  <tag k="operator" v="Den Norske Turistforening"/>
  <tag k="ref" v="OSL121"/>
  <tag k="route" v="hiking"/>
  <tag k="to" v="Mariholtet"/>
  <tag k="type" v="route"/>
  <tag k="website" v="http://www2.turistforeningen.no/trail.php?tr_code=osl121"/>
 </relation>
 <relation id="6229981" visible="true" version="7" changeset="146738285" timestamp="2024-01-27T10:15:12Z" user="Tractor" uid="395141">
  <member type="way" ref="532834565" role=""/>
  <member type="way" ref="43954240" role=""/>
  <member type="way" ref="85694620" role=""/>
  <member type="way" ref="43954658" role=""/>
  <member type="way" ref="85694618" role=""/>
  <member type="way" ref="43954738" role=""/>
  <member type="way" ref="179184518" role=""/>
  <member type="way" ref="179184512" role=""/>
  <member type="way" ref="415135850" role=""/>
  <member type="way" ref="160056470" role=""/>
  <member type="way" ref="179184519" role=""/>
  <member type="way" ref="179184521" role=""/>
  <member type="way" ref="380245753" role=""/>
  <member type="way" ref="34715772" role=""/>
  <member type="way" ref="73218679" role=""/>
  <member type="way" ref="645665744" role=""/>
  <member type="way" ref="189838458" role=""/>
  <member type="way" ref="27241292" role=""/>
  <member type="way" ref="161926800" role=""/>
  <member type="way" ref="34715771" role=""/>
  <member type="way" ref="219125915" role=""/>
  <member type="way" ref="115514202" role=""/>
  <member type="way" ref="86058368" role=""/>
  <member type="way" ref="86058396" role=""/>
  <member type="way" ref="34713783" role=""/>
  <member type="way" ref="415128056" role=""/>
  <member type="way" ref="1243404951" role=""/>
  <member type="way" ref="34713782" role=""/>
  <member type="way" ref="34713781" role=""/>
  <member type="way" ref="86056126" role=""/>
  <member type="way" ref="497019177" role=""/>
  <member type="node" ref="1356174265" role=""/>
  <tag k="colour" v="#6cbff1"/>
  <tag k="foot" v="yes"/>
  <tag k="from" v="Lutvann"/>
  <tag k="network" v="rwn"/>
  <tag k="operator" v="Den Norske Turistforening"/>
  <tag k="ref" v="OSL155"/>
  <tag k="route" v="hiking"/>
  <tag k="to" v="Rustadsaga"/>
  <tag k="type" v="route"/>
  <tag k="website" v="http://www2.turistforeningen.no/trail.php?tr_code=osl155"/>
 </relation>
 <relation id="11017915" visible="true" version="11" changeset="136174055" timestamp="2023-05-16T15:12:32Z" user="harahu" uid="10233897">
  <member type="way" ref="918024500" role="inner"/>
  <member type="way" ref="213191912" role="outer"/>
  <member type="way" ref="794174526" role="outer"/>
  <member type="way" ref="794174521" role="outer"/>
  <member type="way" ref="93476250" role="inner"/>
  <member type="way" ref="93476254" role="inner"/>
  <member type="way" ref="93476253" role="inner"/>
  <member type="way" ref="215820994" role="inner"/>
  <member type="way" ref="217864401" role="inner"/>
  <member type="way" ref="161709453" role="inner"/>
  <member type="way" ref="240215145" role="inner"/>
  <member type="way" ref="360594752" role="inner"/>
  <member type="way" ref="4956700" role="inner"/>
  <member type="way" ref="4956695" role="inner"/>
  <member type="way" ref="4956694" role="inner"/>
  <member type="way" ref="242083844" role="inner"/>
  <member type="way" ref="304367709" role="inner"/>
  <member type="way" ref="221795773" role="inner"/>
  <member type="way" ref="161829155" role="inner"/>
  <member type="way" ref="220167056" role="inner"/>
  <member type="way" ref="220167053" role="inner"/>
  <member type="way" ref="289894276" role="inner"/>
  <member type="way" ref="33598674" role="inner"/>
  <member type="way" ref="207724729" role="inner"/>
  <member type="way" ref="697856376" role="inner"/>
  <member type="way" ref="113516095" role="inner"/>
  <member type="way" ref="159742596" role="inner"/>
  <member type="way" ref="33604869" role="inner"/>
  <member type="way" ref="118266409" role="inner"/>
  <member type="way" ref="118266411" role="inner"/>
  <member type="way" ref="97800933" role="inner"/>
  <member type="way" ref="4956536" role="inner"/>
  <member type="way" ref="227420857" role="inner"/>
  <member type="way" ref="227420854" role="inner"/>
  <member type="way" ref="33606458" role="inner"/>
  <member type="way" ref="4956528" role="inner"/>
  <member type="way" ref="714027968" role="inner"/>
  <member type="way" ref="311322610" role="inner"/>
  <member type="way" ref="217864061" role="inner"/>
  <member type="way" ref="302451588" role="inner"/>
  <member type="way" ref="302451586" role="inner"/>
  <member type="way" ref="314136374" role="inner"/>
  <member type="way" ref="221393056" role="inner"/>
  <member type="way" ref="201990034" role="inner"/>
  <member type="way" ref="195017256" role="inner"/>
  <member type="way" ref="75221952" role="inner"/>
  <member type="way" ref="305855987" role="inner"/>
  <member type="way" ref="212293996" role="inner"/>
  <member type="way" ref="207725462" role="inner"/>
  <member type="way" ref="449567279" role="inner"/>
  <member type="way" ref="449567277" role="inner"/>
  <member type="way" ref="697125194" role="inner"/>
  <member type="way" ref="693971688" role="inner"/>
  <member type="way" ref="494845976" role="inner"/>
  <member type="way" ref="833593616" role="inner"/>
  <member type="way" ref="650002903" role="inner"/>
  <member type="way" ref="73265553" role="inner"/>
  <member type="way" ref="927588483" role="inner"/>
  <member type="way" ref="996941505" role="inner"/>
  <member type="way" ref="1173390621" role="inner"/>
  <tag k="natural" v="wood"/>
  <tag k="type" v="multipolygon"/>
 </relation>
 <relation id="16822851" visible="true" version="3" changeset="150970416" timestamp="2024-05-06T15:15:12Z" user="hros" uid="7223593">
  <member type="way" ref="1231176272" role="outer"/>
  <member type="way" ref="1231176269" role="outer"/>
  <member type="way" ref="1231176271" role="outer"/>
  <member type="way" ref="1231176281" role="outer"/>
  <tag k="boundary" v="protected_area"/>
  <tag k="name" v="Østmarka friluftslivsområde"/>
  <tag k="naturbase:url" v="https://faktaark.naturbase.no/?id=FV00000006"/>
  <tag k="operator" v="Statsforvalteren i Oslo og Viken"/>
  <tag k="protect_class" v="6"/>
  <tag k="ref:friluftsvern" v="FV00000006"/>
  <tag k="related_law" v="https://lovdata.no/dokument/LF/forskrift/2023-11-10-1813"/>
  <tag k="short_name" v="Østmarka"/>
  <tag k="start_date" v="2023-11-10"/>
  <tag k="type" v="boundary"/>
  <tag k="wikidata" v="Q125783498"/>
 </relation>
</osm>
