<?xml version="1.0" encoding="UTF-8"?>
<osm version="0.6" generator="openstreetmap-cgimap 2.1.0 (83005 spike-06.openstreetmap.org)" copyright="OpenStreetMap and contributors" attribution="http://www.openstreetmap.org/copyright" license="http://opendatacommons.org/licenses/odbl/1-0/">
 <bounds minlat="59.9662000" minlon="10.5712000" maxlat="59.9711000" maxlon="10.5955000"/>
 <node id="302650537" visible="true" version="6" changeset="42503216" timestamp="2016-09-28T19:37:25Z" user="LarsMouland_import" uid="4537757" lat="59.9700098" lon="10.5946999"/>
 <node id="302650538" visible="true" version="5" changeset="42503216" timestamp="2016-09-28T19:37:25Z" user="LarsMouland_import" uid="4537757" lat="59.9696770" lon="10.5935679"/>
 <node id="302650539" visible="true" version="6" changeset="114098893" timestamp="2021-11-22T13:34:01Z" user="mappedby" uid="6607932" lat="59.9689795" lon="10.5935371"/>
 <node id="302650541" visible="true" version="6" changeset="114098893" timestamp="2021-11-22T13:34:01Z" user="mappedby" uid="6607932" lat="59.9682941" lon="10.5919354"/>
 <node id="302650543" visible="true" version="5" changeset="114098893" timestamp="2021-11-22T13:34:01Z" user="mappedby" uid="6607932" lat="59.9682860" lon="10.5915183"/>
 <node id="302650544" visible="true" version="11" changeset="114098893" timestamp="2021-11-22T13:34:01Z" user="mappedby" uid="6607932" lat="59.9677829" lon="10.5907561"/>
 <node id="302650546" visible="true" version="6" changeset="114098893" timestamp="2021-11-22T13:34:01Z" user="mappedby" uid="6607932" lat="59.9677642" lon="10.5888883"/>
 <node id="302650549" visible="true" version="6" changeset="42503216" timestamp="2016-09-28T19:37:25Z" user="LarsMouland_import" uid="4537757" lat="59.9681287" lon="10.5837273"/>
 <node id="302650550" visible="true" version="6" changeset="42503216" timestamp="2016-09-28T19:37:25Z" user="LarsMouland_import" uid="4537757" lat="59.9678218" lon="10.5814641"/>
 <node id="302650551" visible="true" version="5" changeset="42503216" timestamp="2016-09-28T19:37:25Z" user="LarsMouland_import" uid="4537757" lat="59.9675605" lon="10.5804050"/>
 <node id="302650553" visible="true" version="7" changeset="42503216" timestamp="2016-09-28T19:37:25Z" user="LarsMouland_import" uid="4537757" lat="59.9667466" lon="10.5788873"/>
 <node id="302650554" visible="true" version="6" changeset="16222052" timestamp="2013-05-21T10:23:42Z" user="vibrog" uid="11992" lat="59.9661680" lon="10.5781235"/>
 <node id="302650556" visible="true" version="5" changeset="42503216" timestamp="2016-09-28T19:37:25Z" user="LarsMouland_import" uid="4537757" lat="59.9663944" lon="10.5770353"/>
 <node id="302650559" visible="true" version="7" changeset="114098893" timestamp="2021-11-22T13:34:01Z" user="mappedby" uid="6607932" lat="59.9671369" lon="10.5722720"/>
 <node id="302650561" visible="true" version="6" changeset="42503216" timestamp="2016-09-28T19:37:25Z" user="LarsMouland_import" uid="4537757" lat="59.9674240" lon="10.5714767"/>
 <node id="302650563" visible="true" version="5" changeset="16222052" timestamp="2013-05-21T10:23:42Z" user="vibrog" uid="11992" lat="59.9680194" lon="10.5717800"/>
 <node id="302650565" visible="true" version="5" changeset="16222052" timestamp="2013-05-21T10:23:42Z" user="vibrog" uid="11992" lat="59.9682726" lon="10.5725303"/>
 <node id="302650567" visible="true" version="5" changeset="42503216" timestamp="2016-09-28T19:37:25Z" user="LarsMouland_import" uid="4537757" lat="59.9681236" lon="10.5762429"/>
 <node id="302650569" visible="true" version="5" changeset="42503216" timestamp="2016-09-28T19:37:25Z" user="LarsMouland_import" uid="4537757" lat="59.9680144" lon="10.5782007"/>
 <node id="302650571" visible="true" version="4" changeset="42503216" timestamp="2016-09-28T19:37:25Z" user="LarsMouland_import" uid="4537757" lat="59.9689738" lon="10.5813303"/>
 <node id="302650572" visible="true" version="4" changeset="42503216" timestamp="2016-09-28T19:37:25Z" user="LarsMouland_import" uid="4537757" lat="59.9697504" lon="10.5825294"/>
 <node id="302650574" visible="true" version="4" changeset="42503216" timestamp="2016-09-28T19:37:25Z" user="LarsMouland_import" uid="4537757" lat="59.9699434" lon="10.5829932"/>
 <node id="302650577" visible="true" version="4" changeset="42503216" timestamp="2016-09-28T19:37:25Z" user="LarsMouland_import" uid="4537757" lat="59.9701498" lon="10.5841810"/>
 <node id="302650578" visible="true" version="4" changeset="3519217" timestamp="2010-01-02T15:17:02Z" user="vibrog" uid="11992" lat="59.9709268" lon="10.5873472"/>
 <node id="302650579" visible="true" version="4" changeset="42503216" timestamp="2016-09-28T19:37:25Z" user="LarsMouland_import" uid="4537757" lat="59.9708013" lon="10.5886928"/>
 <node id="302650581" visible="true" version="4" changeset="42503216" timestamp="2016-09-28T19:37:25Z" user="LarsMouland_import" uid="4537757" lat="59.9708228" lon="10.5891418"/>
 <node id="302650585" visible="true" version="5" changeset="114098893" timestamp="2021-11-22T13:34:01Z" user="mappedby" uid="6607932" lat="59.9708540" lon="10.5940841"/>
 <node id="306815413" visible="true" version="7" changeset="108572658" timestamp="2021-07-25T16:46:10Z" user="NKA" uid="3497659" lat="59.9718655" lon="10.6007639">
  <tag k="hiking" v="yes"/>
  <tag k="information" v="guidepost"/>
  <tag k="name" v="Østernvann Ø (veidele)"/>
  <tag k="operator" v="DNT Oslo og Omegn"/>
  <tag k="ref" v="NM894494"/>
  <tag k="source" v="survey"/>
  <tag k="tourism" v="information"/>
 </node>
 <node id="306815414" visible="true" version="5" changeset="108572658" timestamp="2021-07-25T16:46:10Z" user="NKA" uid="3497659" lat="59.9717822" lon="10.6004515"/>
 <node id="306815415" visible="true" version="4" changeset="108572658" timestamp="2021-07-25T16:46:10Z" user="NKA" uid="3497659" lat="59.9713311" lon="10.5986886"/>
 <node id="306815416" visible="true" version="4" changeset="108572658" timestamp="2021-07-25T16:46:10Z" user="NKA" uid="3497659" lat="59.9712846" lon="10.5981396"/>
 <node id="306815417" visible="true" version="2" changeset="3402961" timestamp="2009-12-18T19:59:30Z" user="vibrog" uid="11992" lat="59.9710283" lon="10.5972658"/>
 <node id="306815418" visible="true" version="4" changeset="108572658" timestamp="2021-07-25T16:46:10Z" user="NKA" uid="3497659" lat="59.9709621" lon="10.5968018"/>
 <node id="306815419" visible="true" version="4" changeset="108572658" timestamp="2021-07-25T16:46:10Z" user="NKA" uid="3497659" lat="59.9710417" lon="10.5963113"/>
 <node id="306815420" visible="true" version="2" changeset="108572658" timestamp="2021-07-25T16:46:10Z" user="NKA" uid="3497659" lat="59.9712092" lon="10.5958168"/>
 <node id="306815421" visible="true" version="4" changeset="108572658" timestamp="2021-07-25T16:46:10Z" user="NKA" uid="3497659" lat="59.9712187" lon="10.5956133"/>
 <node id="306815422" visible="true" version="3" changeset="23192564" timestamp="2014-06-26T16:29:59Z" user="vibrog" uid="11992" lat="59.9711532" lon="10.5951825"/>
 <node id="306815423" visible="true" version="4" changeset="23192564" timestamp="2014-06-26T16:29:59Z" user="vibrog" uid="11992" lat="59.9710156" lon="10.5947680"/>
 <node id="306815424" visible="true" version="8" changeset="23192564" timestamp="2014-06-26T16:29:59Z" user="vibrog" uid="11992" lat="59.9709701" lon="10.5936256">
  <tag k="hiking" v="yes"/>
  <tag k="information" v="guidepost"/>
  <tag k="name" v="Østernvann NØ mot Triungsvann"/>
  <tag k="operator" v="DNT Oslo og Omegn;Skiforeningen"/>
  <tag k="ref" v="NM889493"/>
  <tag k="ski" v="yes"/>
  <tag k="source" v="survey"/>
  <tag k="start_date" v="2010"/>
  <tag k="tourism" v="information"/>
 </node>
 <node id="306815425" visible="true" version="6" changeset="108572658" timestamp="2021-07-25T16:46:10Z" user="NKA" uid="3497659" lat="59.9710937" lon="10.5924924"/>
 <node id="306815426" visible="true" version="3" changeset="108572658" timestamp="2021-07-25T16:46:10Z" user="NKA" uid="3497659" lat="59.9710911" lon="10.5916028"/>
 <node id="306815427" visible="true" version="3" changeset="108572658" timestamp="2021-07-25T16:46:10Z" user="NKA" uid="3497659" lat="59.9711428" lon="10.5911628"/>
 <node id="306815428" visible="true" version="3" changeset="108572658" timestamp="2021-07-25T16:46:10Z" user="NKA" uid="3497659" lat="59.9712301" lon="10.5909443"/>
 <node id="306815429" visible="true" version="3" changeset="108572658" timestamp="2021-07-25T16:46:10Z" user="NKA" uid="3497659" lat="59.9714389" lon="10.5906152"/>
 <node id="306815430" visible="true" version="2" changeset="108572658" timestamp="2021-07-25T16:46:10Z" user="NKA" uid="3497659" lat="59.9717578" lon="10.5897295"/>
 <node id="306815431" visible="true" version="4" changeset="108572658" timestamp="2021-07-25T16:46:10Z" user="NKA" uid="3497659" lat="59.9720493" lon="10.5894405"/>
 <node id="306815432" visible="true" version="6" changeset="108572658" timestamp="2021-07-25T16:46:10Z" user="NKA" uid="3497659" lat="59.9723498" lon="10.5892419"/>
 <node id="306815435" visible="true" version="8" changeset="108572658" timestamp="2021-07-25T16:46:10Z" user="NKA" uid="3497659" lat="59.9732493" lon="10.5887363">
  <tag k="bicycle" v="yes"/>
  <tag k="hiking" v="yes"/>
  <tag k="information" v="guidepost"/>
  <tag k="name" v="Østernvann N"/>
  <tag k="operator" v="DNT Oslo og Omegn;Skiforeningen"/>
  <tag k="source" v="survey"/>
  <tag k="tourism" v="information"/>
 </node>
 <node id="306815436" visible="true" version="4" changeset="108572658" timestamp="2021-07-25T16:46:10Z" user="NKA" uid="3497659" lat="59.9732902" lon="10.5882467"/>
 <node id="306815437" visible="true" version="3" changeset="16514981" timestamp="2013-06-11T19:30:50Z" user="vibrog" uid="11992" lat="59.9732401" lon="10.5878649"/>
 <node id="306815438" visible="true" version="5" changeset="5513597" timestamp="2010-08-16T22:31:26Z" user="vibrog" uid="11992" lat="59.9731670" lon="10.5876679"/>
 <node id="306815439" visible="true" version="3" changeset="108572658" timestamp="2021-07-25T16:46:10Z" user="NKA" uid="3497659" lat="59.9730945" lon="10.5871511"/>
 <node id="306815441" visible="true" version="4" changeset="108572658" timestamp="2021-07-25T16:46:10Z" user="NKA" uid="3497659" lat="59.9732751" lon="10.5863572"/>
 <node id="306815442" visible="true" version="7" changeset="108572658" timestamp="2021-07-25T16:46:10Z" user="NKA" uid="3497659" lat="59.9732977" lon="10.5861326">
  <tag k="hiking" v="yes"/>
  <tag k="information" v="guidepost"/>
  <tag k="name" v="Østernvann N"/>
  <tag k="operator" v="DNT Oslo og Omegn"/>
  <tag k="source" v="survey"/>
  <tag k="tourism" v="information"/>
 </node>
 <node id="306860384" visible="true" version="2" changeset="3519217" timestamp="2010-01-02T15:17:06Z" user="vibrog" uid="11992" lat="59.9626440" lon="10.5916643"/>
 <node id="306860386" visible="true" version="5" changeset="3519217" timestamp="2010-01-02T15:17:06Z" user="vibrog" uid="11992" lat="59.9643993" lon="10.5913144"/>
 <node id="306860389" visible="true" version="4" changeset="15968343" timestamp="2013-05-04T08:32:12Z" user="vibrog" uid="11992" lat="59.9653868" lon="10.5908027"/>
 <node id="306860391" visible="true" version="2" changeset="15968343" timestamp="2013-05-04T08:32:12Z" user="vibrog" uid="11992" lat="59.9655758" lon="10.5906217"/>
 <node id="306860393" visible="true" version="4" changeset="16750141" timestamp="2013-06-29T10:37:21Z" user="vibrog" uid="11992" lat="59.9659930" lon="10.5899877"/>
 <node id="306860396" visible="true" version="4" changeset="16750141" timestamp="2013-06-29T10:37:22Z" user="vibrog" uid="11992" lat="59.9663706" lon="10.5894158"/>
 <node id="306860398" visible="true" version="4" changeset="16750141" timestamp="2013-06-29T10:37:22Z" user="vibrog" uid="11992" lat="59.9666831" lon="10.5890820"/>
 <node id="306860400" visible="true" version="6" changeset="16750141" timestamp="2013-06-29T10:37:22Z" user="vibrog" uid="11992" lat="59.9668061" lon="10.5890251"/>
 <node id="306860405" visible="true" version="5" changeset="16750141" timestamp="2013-06-29T10:37:22Z" user="vibrog" uid="11992" lat="59.9673808" lon="10.5889662">
  <tag k="information" v="guidepost"/>
  <tag k="operator" v="Skiforeningen"/>
  <tag k="ski" v="yes"/>
  <tag k="tourism" v="information"/>
 </node>
 <node id="306860407" visible="true" version="6" changeset="16750141" timestamp="2013-06-29T10:37:22Z" user="vibrog" uid="11992" lat="59.9675343" lon="10.5889683"/>
 <node id="316832141" visible="true" version="4" changeset="134342025" timestamp="2023-03-31T11:55:55Z" user="PulisakZ" uid="9026132" lat="59.9677630" lon="10.5891816"/>
 <node id="316832143" visible="true" version="3" changeset="15968343" timestamp="2013-05-04T08:32:12Z" user="vibrog" uid="11992" lat="59.9677671" lon="10.5907613"/>
 <node id="316832144" visible="true" version="6" changeset="45011242" timestamp="2017-01-08T20:33:57Z" user="vibrog" uid="11992" lat="59.9677665" lon="10.5909913"/>
 <node id="316832146" visible="true" version="6" changeset="45011242" timestamp="2017-01-08T20:33:57Z" user="vibrog" uid="11992" lat="59.9677271" lon="10.5912536"/>
 <node id="316832151" visible="true" version="3" changeset="45011242" timestamp="2017-01-08T20:33:57Z" user="vibrog" uid="11992" lat="59.9679593" lon="10.5925460"/>
 <node id="316832153" visible="true" version="2" changeset="45011242" timestamp="2017-01-08T20:33:57Z" user="vibrog" uid="11992" lat="59.9680832" lon="10.5928762"/>
 <node id="316832154" visible="true" version="3" changeset="45011242" timestamp="2017-01-08T20:33:57Z" user="vibrog" uid="11992" lat="59.9682633" lon="10.5933378"/>
 <node id="316832161" visible="true" version="3" changeset="16349945" timestamp="2013-05-30T11:00:00Z" user="vibrog" uid="11992" lat="59.9685785" lon="10.5937138"/>
 <node id="316832163" visible="true" version="2" changeset="3402961" timestamp="2009-12-18T19:59:28Z" user="vibrog" uid="11992" lat="59.9687532" lon="10.5941360"/>
 <node id="316832164" visible="true" version="3" changeset="16349945" timestamp="2013-05-30T11:00:00Z" user="vibrog" uid="11992" lat="59.9690016" lon="10.5943890"/>
 <node id="316832166" visible="true" version="3" changeset="16342116" timestamp="2013-05-29T18:54:57Z" user="vibrog" uid="11992" lat="59.9691777" lon="10.5944420"/>
 <node id="316832168" visible="true" version="3" changeset="16342116" timestamp="2013-05-29T18:54:57Z" user="vibrog" uid="11992" lat="59.9695114" lon="10.5944127"/>
 <node id="316832169" visible="true" version="3" changeset="16342116" timestamp="2013-05-29T18:54:57Z" user="vibrog" uid="11992" lat="59.9696126" lon="10.5946598"/>
 <node id="316832171" visible="true" version="7" changeset="26480631" timestamp="2014-11-01T12:32:28Z" user="vibrog" uid="11992" lat="59.9697366" lon="10.5950196">
  <tag k="hiking" v="yes"/>
  <tag k="information" v="guidepost"/>
  <tag k="name" v="Svenskehølet V"/>
  <tag k="operator" v="DNT Oslo og Omegn"/>
  <tag k="tourism" v="information"/>
 </node>
 <node id="316832173" visible="true" version="4" changeset="17446654" timestamp="2013-08-21T20:37:15Z" user="vibrog" uid="11992" lat="59.9695494" lon="10.5950929"/>
 <node id="316832174" visible="true" version="4" changeset="17446654" timestamp="2013-08-21T20:37:15Z" user="vibrog" uid="11992" lat="59.9690885" lon="10.5955014"/>
 <node id="316832178" visible="true" version="4" changeset="17446654" timestamp="2013-08-21T20:37:15Z" user="vibrog" uid="11992" lat="59.9688831" lon="10.5956244"/>
 <node id="316832179" visible="true" version="1" changeset="128343" timestamp="2008-12-05T19:30:32Z" user="vibrog" uid="11992" lat="59.9685580" lon="10.5956460"/>
 <node id="316832186" visible="true" version="3" changeset="3402961" timestamp="2009-12-18T19:59:28Z" user="vibrog" uid="11992" lat="59.9684051" lon="10.5962027"/>
 <node id="316832188" visible="true" version="3" changeset="22941484" timestamp="2014-06-15T10:33:49Z" user="vibrog" uid="11992" lat="59.9683190" lon="10.5965950">
  <tag k="hiking" v="yes"/>
  <tag k="information" v="guidepost"/>
  <tag k="name" v="Lathusåsen"/>
  <tag k="operator" v="DNT Oslo og Omegn"/>
  <tag k="ref" v="NM893488"/>
  <tag k="source" v="survey"/>
  <tag k="start_date" v="2010"/>
  <tag k="tourism" v="information"/>
 </node>
 <node id="317259648" visible="true" version="3" changeset="16342116" timestamp="2013-05-29T18:54:57Z" user="vibrog" uid="11992" lat="59.9702130" lon="10.5955381"/>
 <node id="317259649" visible="true" version="2" changeset="3402961" timestamp="2009-12-18T19:59:29Z" user="vibrog" uid="11992" lat="59.9705657" lon="10.5954886"/>
 <node id="317259650" visible="true" version="3" changeset="23192564" timestamp="2014-06-26T16:29:59Z" user="vibrog" uid="11992" lat="59.9706217" lon="10.5953308"/>
 <node id="317259651" visible="true" version="4" changeset="23192564" timestamp="2014-06-26T16:29:59Z" user="vibrog" uid="11992" lat="59.9709463" lon="10.5942457"/>
 <node id="317259666" visible="true" version="7" changeset="44136886" timestamp="2016-12-03T13:28:24Z" user="vibrog" uid="11992" lat="59.9729245" lon="10.5875735">
  <tag k="information" v="guidepost"/>
  <tag k="operator" v="Skiforeningen"/>
  <tag k="ski" v="yes"/>
  <tag k="source" v="survey"/>
  <tag k="tourism" v="information"/>
 </node>
 <node id="317259667" visible="true" version="3" changeset="3428450" timestamp="2009-12-22T16:23:10Z" user="vibrog" uid="11992" lat="59.9717036" lon="10.5870711"/>
 <node id="317259668" visible="true" version="3" changeset="6668690" timestamp="2010-12-15T15:30:22Z" user="vibrog" uid="11992" lat="59.9710331" lon="10.5872892"/>
 <node id="317259669" visible="true" version="3" changeset="6668690" timestamp="2010-12-15T15:30:26Z" user="vibrog" uid="11992" lat="59.9710276" lon="10.5896065"/>
 <node id="317263240" visible="true" version="4" changeset="108572658" timestamp="2021-07-25T16:46:10Z" user="NKA" uid="3497659" lat="59.9727752" lon="10.5891251"/>
 <node id="356729742" visible="true" version="3" changeset="3428450" timestamp="2009-12-22T16:23:10Z" user="vibrog" uid="11992" lat="59.9722256" lon="10.5872838"/>
 <node id="356729745" visible="true" version="2" changeset="3428450" timestamp="2009-12-22T16:23:10Z" user="vibrog" uid="11992" lat="59.9724933" lon="10.5872867"/>
 <node id="552244324" visible="true" version="5" changeset="22941484" timestamp="2014-06-15T10:34:52Z" user="vibrog" uid="11992" lat="59.9771123" lon="10.5872656">
  <tag k="hiking" v="yes"/>
  <tag k="information" v="guidepost"/>
  <tag k="name" v="Tømmerås SØ"/>
  <tag k="operator" v="DNT Oslo og Omegn"/>
  <tag k="source" v="survey"/>
  <tag k="tourism" v="information"/>
 </node>
 <node id="552244330" visible="true" version="8" changeset="108572658" timestamp="2021-07-25T16:46:10Z" user="NKA" uid="3497659" lat="59.9785959" lon="10.5849892">
  <tag k="hiking" v="yes"/>
  <tag k="information" v="guidepost"/>
  <tag k="name" v="Tømmerås SØ"/>
  <tag k="operator" v="DNT Oslo og Omegn"/>
  <tag k="source" v="survey"/>
  <tag k="tourism" v="information"/>
 </node>
 <node id="555080944" visible="true" version="2" changeset="17461771" timestamp="2013-08-22T20:37:34Z" user="vibrog" uid="11992" lat="59.9741635" lon="10.5893130"/>
 <node id="555080959" visible="true" version="1" changeset="3036631" timestamp="2009-11-04T21:45:32Z" user="vibrog" uid="11992" lat="59.9738760" lon="10.5900305"/>
 <node id="555080971" visible="true" version="3" changeset="5513001" timestamp="2010-08-16T21:04:34Z" user="vibrog" uid="11992" lat="59.9763044" lon="10.5874248"/>
 <node id="555080985" visible="true" version="2" changeset="3408188" timestamp="2009-12-19T16:56:20Z" user="vibrog" uid="11992" lat="59.9757847" lon="10.5882603"/>
 <node id="555080996" visible="true" version="4" changeset="43968215" timestamp="2016-11-26T17:41:32Z" user="vibrog" uid="11992" lat="59.9750451" lon="10.5888625"/>
 <node id="555081005" visible="true" version="4" changeset="17461771" timestamp="2013-08-22T20:37:34Z" user="vibrog" uid="11992" lat="59.9737068" lon="10.5906038"/>
 <node id="555081016" visible="true" version="5" changeset="17461771" timestamp="2013-08-22T20:37:34Z" user="vibrog" uid="11992" lat="59.9727460" lon="10.5918429"/>
 <node id="555081027" visible="true" version="4" changeset="17461771" timestamp="2013-08-22T20:37:34Z" user="vibrog" uid="11992" lat="59.9722597" lon="10.5918803"/>
 <node id="556207538" visible="true" version="3" changeset="5513597" timestamp="2010-08-16T22:31:26Z" user="vibrog" uid="11992" lat="59.9730926" lon="10.5873204"/>
 <node id="556210400" visible="true" version="4" changeset="16342116" timestamp="2013-05-29T18:54:57Z" user="vibrog" uid="11992" lat="59.9679826" lon="10.5971893">
  <tag k="information" v="guidepost"/>
  <tag k="operator" v="Skiforeningen"/>
  <tag k="ski" v="yes"/>
  <tag k="tourism" v="information"/>
 </node>
 <node id="556210497" visible="true" version="5" changeset="3798895" timestamp="2010-02-05T16:30:42Z" user="vibrog" uid="11992" lat="59.9702003" lon="10.5959464"/>
 <node id="556210523" visible="true" version="4" changeset="3798895" timestamp="2010-02-05T16:30:42Z" user="vibrog" uid="11992" lat="59.9700485" lon="10.5961093"/>
 <node id="556210589" visible="true" version="1" changeset="3039637" timestamp="2009-11-05T11:21:05Z" user="vibrog" uid="11992" lat="59.9699602" lon="10.5951173"/>
 <node id="556210608" visible="true" version="1" changeset="3039637" timestamp="2009-11-05T11:21:06Z" user="vibrog" uid="11992" lat="59.9701388" lon="10.5953094"/>
 <node id="556210625" visible="true" version="3" changeset="23192564" timestamp="2014-06-26T16:29:59Z" user="vibrog" uid="11992" lat="59.9707610" lon="10.5945232"/>
 <node id="556210644" visible="true" version="3" changeset="23192564" timestamp="2014-06-26T16:29:59Z" user="vibrog" uid="11992" lat="59.9706318" lon="10.5948612"/>
 <node id="556210680" visible="true" version="3" changeset="3519217" timestamp="2010-01-02T15:17:08Z" user="vibrog" uid="11992" lat="59.9708368" lon="10.5953520"/>
 <node id="556210712" visible="true" version="4" changeset="16342116" timestamp="2013-05-29T18:54:57Z" user="vibrog" uid="11992" lat="59.9706984" lon="10.5956972"/>
 <node id="556210726" visible="true" version="4" changeset="16342116" timestamp="2013-05-29T18:54:57Z" user="vibrog" uid="11992" lat="59.9705991" lon="10.5957414"/>
 <node id="556210749" visible="true" version="4" changeset="16342116" timestamp="2013-05-29T18:54:57Z" user="vibrog" uid="11992" lat="59.9704961" lon="10.5957557"/>
 <node id="556210771" visible="true" version="4" changeset="16342116" timestamp="2013-05-29T18:54:57Z" user="vibrog" uid="11992" lat="59.9704404" lon="10.5955753"/>
 <node id="556210798" visible="true" version="4" changeset="16342116" timestamp="2013-05-29T18:54:57Z" user="vibrog" uid="11992" lat="59.9697758" lon="10.5969062"/>
 <node id="556210827" visible="true" version="4" changeset="16342116" timestamp="2013-05-29T18:54:58Z" user="vibrog" uid="11992" lat="59.9697061" lon="10.5970531"/>
 <node id="556210854" visible="true" version="4" changeset="16342116" timestamp="2013-05-29T18:54:58Z" user="vibrog" uid="11992" lat="59.9695890" lon="10.5971420"/>
 <node id="556210880" visible="true" version="4" changeset="3798895" timestamp="2010-02-05T16:30:42Z" user="vibrog" uid="11992" lat="59.9691589" lon="10.5973936"/>
 <node id="556798043" visible="true" version="3" changeset="3894923" timestamp="2010-02-16T18:54:03Z" user="vibrog" uid="11992" lat="59.9732066" lon="10.5672457"/>
 <node id="556798061" visible="true" version="4" changeset="20067962" timestamp="2014-01-18T15:36:19Z" user="vibrog" uid="11992" lat="59.9727927" lon="10.5678038"/>
 <node id="556798081" visible="true" version="4" changeset="20067962" timestamp="2014-01-18T15:36:19Z" user="vibrog" uid="11992" lat="59.9723515" lon="10.5683115"/>
 <node id="556798102" visible="true" version="4" changeset="20067962" timestamp="2014-01-18T15:36:19Z" user="vibrog" uid="11992" lat="59.9722666" lon="10.5684373"/>
 <node id="556798110" visible="true" version="4" changeset="20067962" timestamp="2014-01-18T15:36:19Z" user="vibrog" uid="11992" lat="59.9735435" lon="10.5664368"/>
 <node id="556798111" visible="true" version="3" changeset="3894923" timestamp="2010-02-16T18:54:03Z" user="vibrog" uid="11992" lat="59.9734372" lon="10.5667783"/>
 <node id="556798113" visible="true" version="4" changeset="20067962" timestamp="2014-01-18T15:36:20Z" user="vibrog" uid="11992" lat="59.9733188" lon="10.5670313"/>
 <node id="556798134" visible="true" version="2" changeset="3519217" timestamp="2010-01-02T15:16:59Z" user="vibrog" uid="11992" lat="59.9686731" lon="10.5763059"/>
 <node id="556798135" visible="true" version="4" changeset="44130300" timestamp="2016-12-03T06:22:36Z" user="vibrog" uid="11992" lat="59.9685763" lon="10.5764482"/>
 <node id="556798136" visible="true" version="5" changeset="44130300" timestamp="2016-12-03T06:22:36Z" user="vibrog" uid="11992" lat="59.9684186" lon="10.5768835"/>
 <node id="556798139" visible="true" version="4" changeset="45011149" timestamp="2017-01-08T20:29:15Z" user="vibrog" uid="11992" lat="59.9662153" lon="10.5796288"/>
 <node id="556798142" visible="true" version="6" changeset="44130300" timestamp="2016-12-03T06:22:36Z" user="vibrog" uid="11992" lat="59.9665654" lon="10.5786006"/>
 <node id="556798149" visible="true" version="7" changeset="44130300" timestamp="2016-12-03T06:22:36Z" user="vibrog" uid="11992" lat="59.9679563" lon="10.5776986"/>
 <node id="556798200" visible="true" version="3" changeset="3894923" timestamp="2010-02-16T18:54:04Z" user="vibrog" uid="11992" lat="59.9715866" lon="10.5732321"/>
 <node id="556798226" visible="true" version="4" changeset="20067962" timestamp="2014-01-18T15:36:20Z" user="vibrog" uid="11992" lat="59.9714975" lon="10.5734682"/>
 <node id="556798251" visible="true" version="2" changeset="20067962" timestamp="2014-01-18T15:36:20Z" user="vibrog" uid="11992" lat="59.9714239" lon="10.5735638"/>
 <node id="556798253" visible="true" version="3" changeset="20067962" timestamp="2014-01-18T15:36:20Z" user="vibrog" uid="11992" lat="59.9710426" lon="10.5739334"/>
 <node id="556798271" visible="true" version="4" changeset="44130300" timestamp="2016-12-03T06:22:36Z" user="vibrog" uid="11992" lat="59.9706555" lon="10.5741233"/>
 <node id="556798295" visible="true" version="6" changeset="116246835" timestamp="2022-01-17T10:17:28Z" user="larsalonian" uid="422573" lat="59.9703467" lon="10.5742216"/>
 <node id="556798303" visible="true" version="5" changeset="87914452" timestamp="2020-07-13T09:41:17Z" user="Thonarn" uid="252713" lat="59.9721830" lon="10.5687288"/>
 <node id="556798324" visible="true" version="3" changeset="3894923" timestamp="2010-02-16T18:54:04Z" user="vibrog" uid="11992" lat="59.9721682" lon="10.5691824"/>
 <node id="556798345" visible="true" version="2" changeset="3519217" timestamp="2010-01-02T15:17:00Z" user="vibrog" uid="11992" lat="59.9722254" lon="10.5700459"/>
 <node id="556798369" visible="true" version="3" changeset="3894923" timestamp="2010-02-16T18:54:04Z" user="vibrog" uid="11992" lat="59.9722837" lon="10.5704194"/>
 <node id="556798385" visible="true" version="2" changeset="3519217" timestamp="2010-01-02T15:17:00Z" user="vibrog" uid="11992" lat="59.9722836" lon="10.5706234"/>
 <node id="556798396" visible="true" version="3" changeset="3894923" timestamp="2010-02-16T18:54:04Z" user="vibrog" uid="11992" lat="59.9722399" lon="10.5707962"/>
 <node id="556798402" visible="true" version="3" changeset="3894923" timestamp="2010-02-16T18:54:04Z" user="vibrog" uid="11992" lat="59.9721444" lon="10.5711635"/>
 <node id="556798425" visible="true" version="3" changeset="3894923" timestamp="2010-02-16T18:54:04Z" user="vibrog" uid="11992" lat="59.9721016" lon="10.5716283"/>
 <node id="556798442" visible="true" version="3" changeset="20067962" timestamp="2014-01-18T15:36:20Z" user="vibrog" uid="11992" lat="59.9719049" lon="10.5723103"/>
 <node id="556798464" visible="true" version="3" changeset="3894923" timestamp="2010-02-16T18:54:04Z" user="vibrog" uid="11992" lat="59.9717620" lon="10.5726966"/>
 <node id="556798486" visible="true" version="6" changeset="44130300" timestamp="2016-12-03T06:22:36Z" user="vibrog" uid="11992" lat="59.9701694" lon="10.5744851"/>
 <node id="556798513" visible="true" version="4" changeset="44130300" timestamp="2016-12-03T06:22:36Z" user="vibrog" uid="11992" lat="59.9700117" lon="10.5751675"/>
 <node id="556798542" visible="true" version="5" changeset="44130300" timestamp="2016-12-03T06:22:36Z" user="vibrog" uid="11992" lat="59.9699000" lon="10.5756154"/>
 <node id="556798617" visible="true" version="4" changeset="44130300" timestamp="2016-12-03T06:22:36Z" user="vibrog" uid="11992" lat="59.9697472" lon="10.5759175"/>
 <node id="556798691" visible="true" version="2" changeset="3519217" timestamp="2010-01-02T15:17:01Z" user="vibrog" uid="11992" lat="59.9691737" lon="10.5762314"/>
 <node id="556798720" visible="true" version="2" changeset="3519217" timestamp="2010-01-02T15:16:59Z" user="vibrog" uid="11992" lat="59.9688042" lon="10.5762435"/>
 <node id="556798740" visible="true" version="3" changeset="3894923" timestamp="2010-02-16T18:54:05Z" user="vibrog" uid="11992" lat="59.9696064" lon="10.5760860"/>
 <node id="556798761" visible="true" version="3" changeset="3894923" timestamp="2010-02-16T18:54:05Z" user="vibrog" uid="11992" lat="59.9694634" lon="10.5761644"/>
 <node id="556799012" visible="true" version="5" changeset="16750141" timestamp="2013-06-29T10:37:22Z" user="vibrog" uid="11992" lat="59.9648191" lon="10.5843203">
  <tag k="information" v="guidepost"/>
  <tag k="operator" v="Skiforeningen"/>
  <tag k="ski" v="yes"/>
  <tag k="source" v="survey"/>
  <tag k="tourism" v="information"/>
 </node>
 <node id="556799034" visible="true" version="5" changeset="16750141" timestamp="2013-06-29T10:37:22Z" user="vibrog" uid="11992" lat="59.9651967" lon="10.5838454"/>
 <node id="556799059" visible="true" version="5" changeset="45011149" timestamp="2017-01-08T20:29:15Z" user="vibrog" uid="11992" lat="59.9653758" lon="10.5834806"/>
 <node id="556799135" visible="true" version="3" changeset="3519217" timestamp="2010-01-02T15:17:01Z" user="vibrog" uid="11992" lat="59.9656302" lon="10.5827043"/>
 <node id="556799142" visible="true" version="3" changeset="3519217" timestamp="2010-01-02T15:17:01Z" user="vibrog" uid="11992" lat="59.9657603" lon="10.5821040"/>
 <node id="556799199" visible="true" version="8" changeset="116246835" timestamp="2022-01-17T10:17:28Z" user="larsalonian" uid="422573" lat="59.9681128" lon="10.5809587"/>
 <node id="556802836" visible="true" version="7" changeset="116246835" timestamp="2022-01-17T10:17:28Z" user="larsalonian" uid="422573" lat="59.9682969" lon="10.5846169"/>
 <node id="556802908" visible="true" version="7" changeset="20067962" timestamp="2014-01-18T15:36:20Z" user="vibrog" uid="11992" lat="59.9678975" lon="10.5892041">
  <tag k="information" v="guidepost"/>
  <tag k="operator" v="Skiforeningen"/>
  <tag k="ski" v="yes"/>
  <tag k="tourism" v="information"/>
 </node>
 <node id="556802933" visible="true" version="2" changeset="3519217" timestamp="2010-01-02T15:17:02Z" user="vibrog" uid="11992" lat="59.9728329" lon="10.5902768"/>
 <node id="556802936" visible="true" version="4" changeset="3428450" timestamp="2009-12-22T16:23:10Z" user="vibrog" uid="11992" lat="59.9736197" lon="10.5888691"/>
 <node id="556802939" visible="true" version="4" changeset="3428450" timestamp="2009-12-22T16:23:10Z" user="vibrog" uid="11992" lat="59.9735911" lon="10.5890531"/>
 <node id="556802952" visible="true" version="2" changeset="3428450" timestamp="2009-12-22T16:23:10Z" user="vibrog" uid="11992" lat="59.9735344" lon="10.5892272"/>
 <node id="556803011" visible="true" version="4" changeset="50132690" timestamp="2017-07-08T14:34:24Z" user="vibrog" uid="11992" lat="59.9634808" lon="10.5980510"/>
 <node id="556803030" visible="true" version="7" changeset="50132690" timestamp="2017-07-08T14:34:24Z" user="vibrog" uid="11992" lat="59.9629663" lon="10.5984991"/>
 <node id="556803622" visible="true" version="4" changeset="15968343" timestamp="2013-05-04T08:32:12Z" user="vibrog" uid="11992" lat="59.9659846" lon="10.5957948"/>
 <node id="556803635" visible="true" version="5" changeset="15968343" timestamp="2013-05-04T08:32:12Z" user="vibrog" uid="11992" lat="59.9655186" lon="10.5962497"/>
 <node id="556803656" visible="true" version="4" changeset="15968343" timestamp="2013-05-04T08:32:12Z" user="vibrog" uid="11992" lat="59.9668353" lon="10.5932126"/>
 <node id="556803676" visible="true" version="4" changeset="16342116" timestamp="2013-05-29T18:54:58Z" user="vibrog" uid="11992" lat="59.9665844" lon="10.5923300"/>
 <node id="556803695" visible="true" version="5" changeset="50132690" timestamp="2017-07-08T14:34:24Z" user="vibrog" uid="11992" lat="59.9662518" lon="10.5914238"/>
 <node id="556803779" visible="true" version="3" changeset="3416862" timestamp="2009-12-20T21:04:03Z" user="vibrog" uid="11992" lat="59.9668312" lon="10.5933907"/>
 <node id="556803823" visible="true" version="4" changeset="3563289" timestamp="2010-01-07T16:28:24Z" user="vibrog" uid="11992" lat="59.9670633" lon="10.5952710"/>
 <node id="556803847" visible="true" version="4" changeset="3563289" timestamp="2010-01-07T16:28:24Z" user="vibrog" uid="11992" lat="59.9666458" lon="10.5955386"/>
 <node id="556803886" visible="true" version="3" changeset="15968343" timestamp="2013-05-04T08:32:12Z" user="vibrog" uid="11992" lat="59.9643266" lon="10.5974760"/>
 <node id="556803905" visible="true" version="4" changeset="16477146" timestamp="2013-06-09T06:22:24Z" user="vibrog" uid="11992" lat="59.9641046" lon="10.5976610"/>
 <node id="556803932" visible="true" version="5" changeset="50132690" timestamp="2017-07-08T14:34:24Z" user="vibrog" uid="11992" lat="59.9652437" lon="10.5966129">
  <tag k="information" v="guidepost"/>
  <tag k="operator" v="Skiforeningen"/>
  <tag k="ski" v="yes"/>
  <tag k="source" v="survey"/>
  <tag k="tourism" v="information"/>
 </node>
 <node id="556803952" visible="true" version="5" changeset="50132690" timestamp="2017-07-08T14:34:24Z" user="vibrog" uid="11992" lat="59.9651133" lon="10.5967214"/>
 <node id="556803972" visible="true" version="5" changeset="3563289" timestamp="2010-01-07T16:28:26Z" user="vibrog" uid="11992" lat="59.9675349" lon="10.5969973"/>
 <node id="556803999" visible="true" version="4" changeset="43968215" timestamp="2016-11-26T17:41:32Z" user="vibrog" uid="11992" lat="59.9715680" lon="10.5911397"/>
 <node id="556804013" visible="true" version="4" changeset="43968215" timestamp="2016-11-26T17:41:32Z" user="vibrog" uid="11992" lat="59.9714758" lon="10.5912159"/>
 <node id="556804014" visible="true" version="2" changeset="3519217" timestamp="2010-01-02T15:17:08Z" user="vibrog" uid="11992" lat="59.9713524" lon="10.5914557"/>
 <node id="556804016" visible="true" version="2" changeset="3519217" timestamp="2010-01-02T15:17:08Z" user="vibrog" uid="11992" lat="59.9712582" lon="10.5917566"/>
 <node id="556804061" visible="true" version="4" changeset="43968215" timestamp="2016-11-26T17:41:32Z" user="vibrog" uid="11992" lat="59.9723747" lon="10.5906603"/>
 <node id="556804088" visible="true" version="3" changeset="43968215" timestamp="2016-11-26T17:41:32Z" user="vibrog" uid="11992" lat="59.9720865" lon="10.5910927"/>
 <node id="556804115" visible="true" version="3" changeset="43968215" timestamp="2016-11-26T17:41:32Z" user="vibrog" uid="11992" lat="59.9719514" lon="10.5911491"/>
 <node id="595745267" visible="true" version="3" changeset="42503216" timestamp="2016-09-28T19:37:25Z" user="LarsMouland_import" uid="4537757" lat="59.9678128" lon="10.5879105"/>
 <node id="595745269" visible="true" version="2" changeset="15947134" timestamp="2013-05-02T14:39:06Z" user="vibrog" uid="11992" lat="59.9677164" lon="10.5894417"/>
 <node id="595745270" visible="true" version="2" changeset="134342025" timestamp="2023-03-31T11:55:55Z" user="PulisakZ" uid="9026132" lat="59.9677585" lon="10.5889558"/>
 <node id="595745272" visible="true" version="3" changeset="15968343" timestamp="2013-05-04T08:32:12Z" user="vibrog" uid="11992" lat="59.9677021" lon="10.5884668"/>
 <node id="595745302" visible="true" version="5" changeset="15968343" timestamp="2013-05-04T08:32:13Z" user="vibrog" uid="11992" lat="59.9619875" lon="10.5914378"/>
 <node id="595745304" visible="true" version="5" changeset="15968343" timestamp="2013-05-04T08:32:13Z" user="vibrog" uid="11992" lat="59.9627379" lon="10.5920329"/>
 <node id="595745493" visible="true" version="3" changeset="3519217" timestamp="2010-01-02T15:17:05Z" user="vibrog" uid="11992" lat="59.9630087" lon="10.5916631"/>
 <node id="595745501" visible="true" version="4" changeset="16342116" timestamp="2013-05-29T18:54:58Z" user="vibrog" uid="11992" lat="59.9677429" lon="10.5971936"/>
 <node id="595745503" visible="true" version="1" changeset="3402961" timestamp="2009-12-18T19:59:06Z" user="vibrog" uid="11992" lat="59.9676317" lon="10.5971178"/>
 <node id="595745523" visible="true" version="2" changeset="3408188" timestamp="2009-12-19T16:56:46Z" user="vibrog" uid="11992" lat="59.9712484" lon="10.5932006"/>
 <node id="595745524" visible="true" version="2" changeset="3408188" timestamp="2009-12-19T16:56:46Z" user="vibrog" uid="11992" lat="59.9713583" lon="10.5929483"/>
 <node id="595745526" visible="true" version="1" changeset="3402961" timestamp="2009-12-18T19:59:06Z" user="vibrog" uid="11992" lat="59.9697850" lon="10.5948069"/>
 <node id="595745528" visible="true" version="3" changeset="17446654" timestamp="2013-08-21T20:37:16Z" user="vibrog" uid="11992" lat="59.9692672" lon="10.5952690"/>
 <node id="595745530" visible="true" version="1" changeset="3402961" timestamp="2009-12-18T19:59:06Z" user="vibrog" uid="11992" lat="59.9699148" lon="10.5950014"/>
 <node id="595745532" visible="true" version="1" changeset="3402961" timestamp="2009-12-18T19:59:06Z" user="vibrog" uid="11992" lat="59.9698480" lon="10.5949518"/>
 <node id="595745534" visible="true" version="3" changeset="3798895" timestamp="2010-02-05T16:30:42Z" user="vibrog" uid="11992" lat="59.9699410" lon="10.5962467"/>
 <node id="595745535" visible="true" version="7" changeset="23192564" timestamp="2014-06-26T16:29:59Z" user="vibrog" uid="11992" lat="59.9708303" lon="10.5943661">
  <tag k="hiking" v="yes"/>
  <tag k="information" v="guidepost"/>
  <tag k="name" v="Østernvann NØ mot Fossum"/>
  <tag k="operator" v="DNT Oslo og Omegn"/>
  <tag k="source" v="survey"/>
  <tag k="tourism" v="information"/>
 </node>
 <node id="595745545" visible="true" version="1" changeset="3402961" timestamp="2009-12-18T19:59:07Z" user="vibrog" uid="11992" lat="59.9711284" lon="10.5935868"/>
 <node id="595745547" visible="true" version="1" changeset="3402961" timestamp="2009-12-18T19:59:07Z" user="vibrog" uid="11992" lat="59.9710898" lon="10.5936095"/>
 <node id="595745548" visible="true" version="2" changeset="23192564" timestamp="2014-06-26T16:29:59Z" user="vibrog" uid="11992" lat="59.9706121" lon="10.5954340"/>
 <node id="595745549" visible="true" version="2" changeset="5820560" timestamp="2010-09-19T14:50:25Z" user="vibrog" uid="11992" lat="59.9704718" lon="10.5955282"/>
 <node id="595745550" visible="true" version="3" changeset="5513001" timestamp="2010-08-16T21:04:34Z" user="vibrog" uid="11992" lat="59.9716446" lon="10.5925407"/>
 <node id="595745551" visible="true" version="3" changeset="17461771" timestamp="2013-08-22T20:37:34Z" user="vibrog" uid="11992" lat="59.9731294" lon="10.5915556"/>
 <node id="595745552" visible="true" version="3" changeset="17461771" timestamp="2013-08-22T20:37:34Z" user="vibrog" uid="11992" lat="59.9734238" lon="10.5910090"/>
 <node id="596443910" visible="true" version="3" changeset="43968215" timestamp="2016-11-26T17:41:32Z" user="vibrog" uid="11992" lat="59.9743289" lon="10.5892216"/>
 <node id="596443913" visible="true" version="2" changeset="17461771" timestamp="2013-08-22T20:37:34Z" user="vibrog" uid="11992" lat="59.9740399" lon="10.5896958"/>
 <node id="596443921" visible="true" version="2" changeset="5513001" timestamp="2010-08-16T21:05:06Z" user="vibrog" uid="11992" lat="59.9785563" lon="10.5853489"/>
 <node id="596443950" visible="true" version="1" changeset="3408188" timestamp="2009-12-19T16:54:23Z" user="vibrog" uid="11992" lat="59.9760794" lon="10.5877666"/>
 <node id="596443954" visible="true" version="2" changeset="5513001" timestamp="2010-08-16T21:04:14Z" user="vibrog" uid="11992" lat="59.9766766" lon="10.5873111"/>
 <node id="596443960" visible="true" version="1" changeset="3408188" timestamp="2009-12-19T16:54:23Z" user="vibrog" uid="11992" lat="59.9765329" lon="10.5873447"/>
 <node id="596443963" visible="true" version="2" changeset="5513001" timestamp="2010-08-16T21:04:45Z" user="vibrog" uid="11992" lat="59.9767425" lon="10.5872400"/>
 <node id="596443970" visible="true" version="1" changeset="3408188" timestamp="2009-12-19T16:54:24Z" user="vibrog" uid="11992" lat="59.9754731" lon="10.5885524"/>
 <node id="596443972" visible="true" version="4" changeset="43968215" timestamp="2016-11-26T17:41:32Z" user="vibrog" uid="11992" lat="59.9746514" lon="10.5891694"/>
 <node id="596443975" visible="true" version="1" changeset="3408188" timestamp="2009-12-19T16:54:24Z" user="vibrog" uid="11992" lat="59.9753000" lon="10.5886443"/>
 <node id="596443978" visible="true" version="3" changeset="17461771" timestamp="2013-08-22T20:37:34Z" user="vibrog" uid="11992" lat="59.9774756" lon="10.5867573"/>
 <node id="596443980" visible="true" version="2" changeset="17461771" timestamp="2013-08-22T20:37:34Z" user="vibrog" uid="11992" lat="59.9771724" lon="10.5872066"/>
 <node id="596443983" visible="true" version="3" changeset="17461771" timestamp="2013-08-22T20:37:34Z" user="vibrog" uid="11992" lat="59.9773383" lon="10.5871152"/>
 <node id="596443985" visible="true" version="2" changeset="3519503" timestamp="2010-01-02T15:44:29Z" user="vibrog" uid="11992" lat="59.9778070" lon="10.5861426"/>
 <node id="596443989" visible="true" version="3" changeset="17461771" timestamp="2013-08-22T20:37:34Z" user="vibrog" uid="11992" lat="59.9776697" lon="10.5864423"/>
 <node id="596443991" visible="true" version="1" changeset="3408188" timestamp="2009-12-19T16:54:26Z" user="vibrog" uid="11992" lat="59.9784397" lon="10.5856139"/>
 <node id="596443994" visible="true" version="1" changeset="3408188" timestamp="2009-12-19T16:54:26Z" user="vibrog" uid="11992" lat="59.9779724" lon="10.5860936"/>
 <node id="596443996" visible="true" version="1" changeset="3408188" timestamp="2009-12-19T16:54:26Z" user="vibrog" uid="11992" lat="59.9783222" lon="10.5857908"/>
 <node id="596444454" visible="true" version="3" changeset="17461771" timestamp="2013-08-22T20:37:34Z" user="vibrog" uid="11992" lat="59.9729651" lon="10.5917112"/>
 <node id="596444463" visible="true" version="2" changeset="5513001" timestamp="2010-08-16T21:04:34Z" user="vibrog" uid="11992" lat="59.9717817" lon="10.5923970"/>
 <node id="596444471" visible="true" version="3" changeset="17461771" timestamp="2013-08-22T20:37:34Z" user="vibrog" uid="11992" lat="59.9720807" lon="10.5919930"/>
 <node id="596506087" visible="true" version="3" changeset="3519217" timestamp="2010-01-02T15:17:01Z" user="vibrog" uid="11992" lat="59.9674139" lon="10.5894319"/>
 <node id="596506088" visible="true" version="3" changeset="26442797" timestamp="2014-10-30T16:58:11Z" user="vibrog" uid="11992" lat="59.9674567" lon="10.5898449"/>
 <node id="596506091" visible="true" version="3" changeset="3519217" timestamp="2010-01-02T15:17:02Z" user="vibrog" uid="11992" lat="59.9675318" lon="10.5902487"/>
 <node id="596506094" visible="true" version="4" changeset="26480631" timestamp="2014-11-01T12:32:29Z" user="vibrog" uid="11992" lat="59.9675010" lon="10.5904381"/>
 <node id="596506160" visible="true" version="3" changeset="15947134" timestamp="2013-05-02T14:39:06Z" user="vibrog" uid="11992" lat="59.9657711" lon="10.5920965"/>
 <node id="596506167" visible="true" version="4" changeset="15947134" timestamp="2013-05-02T14:39:06Z" user="vibrog" uid="11992" lat="59.9661263" lon="10.5916457"/>
 <node id="596506169" visible="true" version="5" changeset="50132690" timestamp="2017-07-08T14:34:24Z" user="vibrog" uid="11992" lat="59.9658719" lon="10.5919141"/>
 <node id="596506172" visible="true" version="2" changeset="16349945" timestamp="2013-05-30T11:00:00Z" user="vibrog" uid="11992" lat="59.9687115" lon="10.5951884"/>
 <node id="596506175" visible="true" version="1" changeset="3408722" timestamp="2009-12-19T18:09:28Z" user="vibrog" uid="11992" lat="59.9689638" lon="10.5950593"/>
 <node id="596506179" visible="true" version="1" changeset="3408722" timestamp="2009-12-19T18:09:28Z" user="vibrog" uid="11992" lat="59.9691111" lon="10.5950849"/>
 <node id="596506182" visible="true" version="1" changeset="3408722" timestamp="2009-12-19T18:09:29Z" user="vibrog" uid="11992" lat="59.9691815" lon="10.5950338"/>
 <node id="597439093" visible="true" version="3" changeset="16230846" timestamp="2013-05-21T21:41:30Z" user="vibrog" uid="11992" lat="59.9660351" lon="10.5793927"/>
 <node id="597439097" visible="true" version="3" changeset="42503216" timestamp="2016-09-28T19:37:25Z" user="LarsMouland_import" uid="4537757" lat="59.9681339" lon="10.5768959"/>
 <node id="597439098" visible="true" version="3" changeset="42503216" timestamp="2016-09-28T19:37:25Z" user="LarsMouland_import" uid="4537757" lat="59.9662750" lon="10.5784849"/>
 <node id="597439099" visible="true" version="4" changeset="114098893" timestamp="2021-11-22T13:34:01Z" user="mappedby" uid="6607932" lat="59.9661836" lon="10.5790142"/>
 <node id="597439100" visible="true" version="2" changeset="42503216" timestamp="2016-09-28T19:37:25Z" user="LarsMouland_import" uid="4537757" lat="59.9662207" lon="10.5793096"/>
 <node id="597439101" visible="true" version="3" changeset="42503216" timestamp="2016-09-28T19:37:25Z" user="LarsMouland_import" uid="4537757" lat="59.9662361" lon="10.5776392"/>
 <node id="597439103" visible="true" version="2" changeset="42503216" timestamp="2016-09-28T19:37:25Z" user="LarsMouland_import" uid="4537757" lat="59.9663267" lon="10.5794631"/>
 <node id="597439104" visible="true" version="3" changeset="42503216" timestamp="2016-09-28T19:37:25Z" user="LarsMouland_import" uid="4537757" lat="59.9670680" lon="10.5798838"/>
 <node id="597439105" visible="true" version="5" changeset="42503216" timestamp="2016-09-28T19:37:25Z" user="LarsMouland_import" uid="4537757" lat="59.9665510" lon="10.5788212"/>
 <node id="597439106" visible="true" version="2" changeset="42503216" timestamp="2016-09-28T19:37:25Z" user="LarsMouland_import" uid="4537757" lat="59.9668490" lon="10.5796825"/>
 <node id="597439107" visible="true" version="2" changeset="42503216" timestamp="2016-09-28T19:37:25Z" user="LarsMouland_import" uid="4537757" lat="59.9684086" lon="10.5794236"/>
 <node id="597439108" visible="true" version="3" changeset="42503216" timestamp="2016-09-28T19:37:25Z" user="LarsMouland_import" uid="4537757" lat="59.9682113" lon="10.5785658"/>
 <node id="597439109" visible="true" version="3" changeset="42503216" timestamp="2016-09-28T19:37:25Z" user="LarsMouland_import" uid="4537757" lat="59.9679901" lon="10.5780288"/>
 <node id="597439110" visible="true" version="3" changeset="114098893" timestamp="2021-11-22T13:34:01Z" user="mappedby" uid="6607932" lat="59.9680353" lon="10.5778940"/>
 <node id="597439111" visible="true" version="3" changeset="42503216" timestamp="2016-09-28T19:37:25Z" user="LarsMouland_import" uid="4537757" lat="59.9681832" lon="10.5774812"/>
 <node id="597439112" visible="true" version="4" changeset="6668690" timestamp="2010-12-15T15:30:12Z" user="vibrog" uid="11992" lat="59.9681823" lon="10.5774434"/>
 <node id="597439113" visible="true" version="3" changeset="3894923" timestamp="2010-02-16T18:54:04Z" user="vibrog" uid="11992" lat="59.9682434" lon="10.5773280"/>
 <node id="597439128" visible="true" version="2" changeset="44130300" timestamp="2016-12-03T06:22:37Z" user="vibrog" uid="11992" lat="59.9655519" lon="10.5821942"/>
 <node id="597439129" visible="true" version="2" changeset="44130300" timestamp="2016-12-03T06:22:37Z" user="vibrog" uid="11992" lat="59.9655585" lon="10.5823741"/>
 <node id="597439134" visible="true" version="5" changeset="45011149" timestamp="2017-01-08T20:29:15Z" user="vibrog" uid="11992" lat="59.9649476" lon="10.5842313"/>
 <node id="597439135" visible="true" version="2" changeset="42503216" timestamp="2016-09-28T19:37:25Z" user="LarsMouland_import" uid="4537757" lat="59.9688746" lon="10.5809195"/>
 <node id="597439137" visible="true" version="2" changeset="42503216" timestamp="2016-09-28T19:37:25Z" user="LarsMouland_import" uid="4537757" lat="59.9685762" lon="10.5805833"/>
 <node id="597439139" visible="true" version="2" changeset="42503216" timestamp="2016-09-28T19:37:25Z" user="LarsMouland_import" uid="4537757" lat="59.9685158" lon="10.5800886"/>
 <node id="597439145" visible="true" version="3" changeset="26480631" timestamp="2014-11-01T12:32:29Z" user="vibrog" uid="11992" lat="59.9674395" lon="10.5905127"/>
 <node id="597439146" visible="true" version="3" changeset="6669063" timestamp="2010-12-15T16:18:45Z" user="vibrog" uid="11992" lat="59.9671684" lon="10.5889839"/>
 <node id="597439147" visible="true" version="4" changeset="15968343" timestamp="2013-05-04T08:32:13Z" user="vibrog" uid="11992" lat="59.9668217" lon="10.5893239"/>
 <node id="597439148" visible="true" version="3" changeset="4091160" timestamp="2010-03-10T16:54:45Z" user="vibrog" uid="11992" lat="59.9666879" lon="10.5895288"/>
 <node id="597439149" visible="true" version="3" changeset="4091160" timestamp="2010-03-10T16:54:45Z" user="vibrog" uid="11992" lat="59.9665592" lon="10.5898363"/>
 <node id="597439150" visible="true" version="2" changeset="3519217" timestamp="2010-01-02T15:17:02Z" user="vibrog" uid="11992" lat="59.9675272" lon="10.5903534"/>
 <node id="597439151" visible="true" version="1" changeset="3416862" timestamp="2009-12-20T21:03:40Z" user="vibrog" uid="11992" lat="59.9675909" lon="10.5897893"/>
 <node id="597439152" visible="true" version="2" changeset="42503216" timestamp="2016-09-28T19:37:25Z" user="LarsMouland_import" uid="4537757" lat="59.9697601" lon="10.5826242"/>
 <node id="597439153" visible="true" version="3" changeset="42503216" timestamp="2016-09-28T19:37:25Z" user="LarsMouland_import" uid="4537757" lat="59.9697749" lon="10.5824124"/>
 <node id="597439154" visible="true" version="3" changeset="42503216" timestamp="2016-09-28T19:37:25Z" user="LarsMouland_import" uid="4537757" lat="59.9694891" lon="10.5819915"/>
 <node id="597439155" visible="true" version="2" changeset="42503216" timestamp="2016-09-28T19:37:26Z" user="LarsMouland_import" uid="4537757" lat="59.9700505" lon="10.5833768"/>
 <node id="597439156" visible="true" version="2" changeset="42503216" timestamp="2016-09-28T19:37:26Z" user="LarsMouland_import" uid="4537757" lat="59.9701437" lon="10.5843260"/>
 <node id="597439157" visible="true" version="2" changeset="42503216" timestamp="2016-09-28T19:37:26Z" user="LarsMouland_import" uid="4537757" lat="59.9703992" lon="10.5853455"/>
 <node id="597439158" visible="true" version="2" changeset="42503216" timestamp="2016-09-28T19:37:26Z" user="LarsMouland_import" uid="4537757" lat="59.9701824" lon="10.5846312"/>
 <node id="597439159" visible="true" version="2" changeset="42503216" timestamp="2016-09-28T19:37:26Z" user="LarsMouland_import" uid="4537757" lat="59.9703049" lon="10.5850827"/>
 <node id="597439160" visible="true" version="3" changeset="42503216" timestamp="2016-09-28T19:37:26Z" user="LarsMouland_import" uid="4537757" lat="59.9704055" lon="10.5854530"/>
 <node id="597439161" visible="true" version="3" changeset="42503216" timestamp="2016-09-28T19:37:26Z" user="LarsMouland_import" uid="4537757" lat="59.9710612" lon="10.5865015"/>
 <node id="597439162" visible="true" version="2" changeset="3428450" timestamp="2009-12-22T16:23:09Z" user="vibrog" uid="11992" lat="59.9713389" lon="10.5871624"/>
 <node id="597439163" visible="true" version="2" changeset="42503216" timestamp="2016-09-28T19:37:26Z" user="LarsMouland_import" uid="4537757" lat="59.9706587" lon="10.5863568"/>
 <node id="597439164" visible="true" version="2" changeset="42503216" timestamp="2016-09-28T19:37:26Z" user="LarsMouland_import" uid="4537757" lat="59.9704970" lon="10.5863670"/>
 <node id="597439165" visible="true" version="2" changeset="42503216" timestamp="2016-09-28T19:37:26Z" user="LarsMouland_import" uid="4537757" lat="59.9709135" lon="10.5875694"/>
 <node id="597439166" visible="true" version="2" changeset="42503216" timestamp="2016-09-28T19:37:26Z" user="LarsMouland_import" uid="4537757" lat="59.9710363" lon="10.5870735"/>
 <node id="597439167" visible="true" version="2" changeset="42503216" timestamp="2016-09-28T19:37:26Z" user="LarsMouland_import" uid="4537757" lat="59.9708703" lon="10.5896812"/>
 <node id="597439168" visible="true" version="2" changeset="42503216" timestamp="2016-09-28T19:37:26Z" user="LarsMouland_import" uid="4537757" lat="59.9702429" lon="10.5848680"/>
 <node id="597439230" visible="true" version="2" changeset="3519217" timestamp="2010-01-02T15:17:06Z" user="vibrog" uid="11992" lat="59.9646737" lon="10.5912029"/>
 <node id="597439231" visible="true" version="2" changeset="3519217" timestamp="2010-01-02T15:17:06Z" user="vibrog" uid="11992" lat="59.9654023" lon="10.5930074"/>
 <node id="597439233" visible="true" version="3" changeset="16750141" timestamp="2013-06-29T10:37:22Z" user="vibrog" uid="11992" lat="59.9647862" lon="10.5930310"/>
 <node id="597439238" visible="true" version="3" changeset="4091160" timestamp="2010-03-10T16:54:45Z" user="vibrog" uid="11992" lat="59.9653023" lon="10.5917252"/>
 <node id="597439247" visible="true" version="4" changeset="16342665" timestamp="2013-05-29T19:34:51Z" user="vibrog" uid="11992" lat="59.9648954" lon="10.5937458"/>
 <node id="597439248" visible="true" version="2" changeset="16342116" timestamp="2013-05-29T18:54:58Z" user="vibrog" uid="11992" lat="59.9667226" lon="10.5926328"/>
 <node id="597439249" visible="true" version="2" changeset="16342116" timestamp="2013-05-29T18:54:58Z" user="vibrog" uid="11992" lat="59.9664084" lon="10.5916292"/>
 <node id="597439250" visible="true" version="2" changeset="16342665" timestamp="2013-05-29T19:34:51Z" user="vibrog" uid="11992" lat="59.9664296" lon="10.5911393"/>
 <node id="597439251" visible="true" version="2" changeset="16342665" timestamp="2013-05-29T19:34:51Z" user="vibrog" uid="11992" lat="59.9667640" lon="10.5908736"/>
 <node id="597439252" visible="true" version="2" changeset="15968343" timestamp="2013-05-04T08:32:13Z" user="vibrog" uid="11992" lat="59.9677581" lon="10.5930157"/>
 <node id="597439253" visible="true" version="3" changeset="15968343" timestamp="2013-05-04T08:32:13Z" user="vibrog" uid="11992" lat="59.9662048" lon="10.5956813"/>
 <node id="597439260" visible="true" version="3" changeset="3563289" timestamp="2010-01-07T16:28:24Z" user="vibrog" uid="11992" lat="59.9672393" lon="10.5961278"/>
 <node id="597439261" visible="true" version="3" changeset="16349945" timestamp="2013-05-30T11:00:01Z" user="vibrog" uid="11992" lat="59.9675565" lon="10.5941513"/>
 <node id="597439262" visible="true" version="1" changeset="3416862" timestamp="2009-12-20T21:03:45Z" user="vibrog" uid="11992" lat="59.9677445" lon="10.5938265"/>
 <node id="597439263" visible="true" version="1" changeset="3416862" timestamp="2009-12-20T21:03:45Z" user="vibrog" uid="11992" lat="59.9678953" lon="10.5942057"/>
 <node id="597439264" visible="true" version="1" changeset="3416862" timestamp="2009-12-20T21:03:45Z" user="vibrog" uid="11992" lat="59.9679537" lon="10.5942640"/>
 <node id="597439265" visible="true" version="1" changeset="3416862" timestamp="2009-12-20T21:03:45Z" user="vibrog" uid="11992" lat="59.9679829" lon="10.5945071"/>
 <node id="597439266" visible="true" version="1" changeset="3416862" timestamp="2009-12-20T21:03:45Z" user="vibrog" uid="11992" lat="59.9679051" lon="10.5947890"/>
 <node id="597439267" visible="true" version="1" changeset="3416862" timestamp="2009-12-20T21:03:45Z" user="vibrog" uid="11992" lat="59.9677823" lon="10.5939427"/>
 <node id="597439268" visible="true" version="1" changeset="3416862" timestamp="2009-12-20T21:03:45Z" user="vibrog" uid="11992" lat="59.9679452" lon="10.5937293"/>
 <node id="597439269" visible="true" version="1" changeset="3416862" timestamp="2009-12-20T21:03:45Z" user="vibrog" uid="11992" lat="59.9679051" lon="10.5949931"/>
 <node id="597439270" visible="true" version="1" changeset="3416862" timestamp="2009-12-20T21:03:45Z" user="vibrog" uid="11992" lat="59.9680607" lon="10.5956153"/>
 <node id="597439271" visible="true" version="1" changeset="3416862" timestamp="2009-12-20T21:03:45Z" user="vibrog" uid="11992" lat="59.9681337" lon="10.5957417"/>
 <node id="597439272" visible="true" version="1" changeset="3416862" timestamp="2009-12-20T21:03:45Z" user="vibrog" uid="11992" lat="59.9682116" lon="10.5961986"/>
 <node id="597439276" visible="true" version="2" changeset="3563289" timestamp="2010-01-07T16:28:25Z" user="vibrog" uid="11992" lat="59.9654031" lon="10.5963943"/>
 <node id="597439303" visible="true" version="2" changeset="42503216" timestamp="2016-09-28T19:37:26Z" user="LarsMouland_import" uid="4537757" lat="59.9703224" lon="10.5859465"/>
 <node id="597439304" visible="true" version="4" changeset="114098893" timestamp="2021-11-22T13:34:01Z" user="mappedby" uid="6607932" lat="59.9707885" lon="10.5903162"/>
 <node id="597439305" visible="true" version="2" changeset="6668690" timestamp="2010-12-15T15:30:14Z" user="vibrog" uid="11992" lat="59.9708743" lon="10.5917843"/>
 <node id="597439306" visible="true" version="3" changeset="43968215" timestamp="2016-11-26T17:41:32Z" user="vibrog" uid="11992" lat="59.9709556" lon="10.5932559"/>
 <node id="597439307" visible="true" version="3" changeset="114098893" timestamp="2021-11-22T13:34:01Z" user="mappedby" uid="6607932" lat="59.9707805" lon="10.5943488"/>
 <node id="597439308" visible="true" version="2" changeset="42503216" timestamp="2016-09-28T19:37:26Z" user="LarsMouland_import" uid="4537757" lat="59.9698844" lon="10.5939526"/>
 <node id="597439309" visible="true" version="3" changeset="114098893" timestamp="2021-11-22T13:34:01Z" user="mappedby" uid="6607932" lat="59.9705828" lon="10.5953327"/>
 <node id="597439310" visible="true" version="3" changeset="114098893" timestamp="2021-11-22T13:34:01Z" user="mappedby" uid="6607932" lat="59.9705819" lon="10.5948443"/>
 <node id="597439311" visible="true" version="2" changeset="17461771" timestamp="2013-08-22T20:37:34Z" user="vibrog" uid="11992" lat="59.9725668" lon="10.5918382"/>
 <node id="597439312" visible="true" version="2" changeset="17461771" timestamp="2013-08-22T20:37:34Z" user="vibrog" uid="11992" lat="59.9724368" lon="10.5918893"/>
 <node id="598203844" visible="true" version="2" changeset="6669063" timestamp="2010-12-15T16:18:47Z" user="vibrog" uid="11992" lat="59.9727106" lon="10.5873853"/>
 <node id="598203850" visible="true" version="1" changeset="3428450" timestamp="2009-12-22T16:22:57Z" user="vibrog" uid="11992" lat="59.9719116" lon="10.5871282"/>
 <node id="598203851" visible="true" version="1" changeset="3428450" timestamp="2009-12-22T16:22:57Z" user="vibrog" uid="11992" lat="59.9730474" lon="10.5876383"/>
 <node id="598203857" visible="true" version="2" changeset="3519217" timestamp="2010-01-02T15:17:03Z" user="vibrog" uid="11992" lat="59.9730198" lon="10.5900521"/>
 <node id="598203859" visible="true" version="2" changeset="15947134" timestamp="2013-05-02T14:39:07Z" user="vibrog" uid="11992" lat="59.9735828" lon="10.5885031">
  <tag k="information" v="guidepost"/>
  <tag k="operator" v="Skiforeningen"/>
  <tag k="ski" v="yes"/>
  <tag k="source" v="survey"/>
  <tag k="tourism" v="information"/>
 </node>
 <node id="598203860" visible="true" version="1" changeset="3428450" timestamp="2009-12-22T16:22:58Z" user="vibrog" uid="11992" lat="59.9736061" lon="10.5886441"/>
 <node id="598203864" visible="true" version="3" changeset="108572658" timestamp="2021-07-25T16:46:10Z" user="NKA" uid="3497659" lat="59.9732706" lon="10.5885186"/>
 <node id="598203868" visible="true" version="4" changeset="43968215" timestamp="2016-11-26T17:41:32Z" user="vibrog" uid="11992" lat="59.9748213" lon="10.5890819"/>
 <node id="598203881" visible="true" version="3" changeset="15968343" timestamp="2013-05-04T08:32:13Z" user="vibrog" uid="11992" lat="59.9596560" lon="10.5949211"/>
 <node id="598203882" visible="true" version="2" changeset="3428496" timestamp="2009-12-22T16:30:54Z" user="vibrog" uid="11992" lat="59.9620338" lon="10.5933250"/>
 <node id="598203883" visible="true" version="2" changeset="3428496" timestamp="2009-12-22T16:30:54Z" user="vibrog" uid="11992" lat="59.9614265" lon="10.5933347"/>
 <node id="598203890" visible="true" version="2" changeset="15968343" timestamp="2013-05-04T08:32:13Z" user="vibrog" uid="11992" lat="59.9624506" lon="10.5939692">
  <tag k="ford" v="yes"/>
 </node>
 <node id="598203891" visible="true" version="3" changeset="15968343" timestamp="2013-05-04T08:32:13Z" user="vibrog" uid="11992" lat="59.9631154" lon="10.5943907"/>
 <node id="598203894" visible="true" version="3" changeset="16750141" timestamp="2013-06-29T10:37:22Z" user="vibrog" uid="11992" lat="59.9655198" lon="10.5922855"/>
 <node id="598203895" visible="true" version="4" changeset="16750141" timestamp="2013-06-29T10:37:22Z" user="vibrog" uid="11992" lat="59.9660480" lon="10.5907494"/>
 <node id="598203896" visible="true" version="2" changeset="3428496" timestamp="2009-12-22T16:30:55Z" user="vibrog" uid="11992" lat="59.9640595" lon="10.5943750"/>
 <node id="598204676" visible="true" version="2" changeset="15968343" timestamp="2013-05-04T08:32:14Z" user="vibrog" uid="11992" lat="59.9671148" lon="10.5904502"/>
 <node id="598204677" visible="true" version="2" changeset="15968343" timestamp="2013-05-04T08:32:14Z" user="vibrog" uid="11992" lat="59.9601145" lon="10.5965677"/>
 <node id="598494653" visible="true" version="5" changeset="45129199" timestamp="2017-01-13T10:20:26Z" user="vibrog" uid="11992" lat="59.9661325" lon="10.5719389"/>
 <node id="598973023" visible="true" version="4" changeset="42503216" timestamp="2016-09-28T19:37:26Z" user="LarsMouland_import" uid="4537757" lat="59.9668495" lon="10.5765679"/>
 <node id="598973024" visible="true" version="4" changeset="42503216" timestamp="2016-09-28T19:37:26Z" user="LarsMouland_import" uid="4537757" lat="59.9680098" lon="10.5851679"/>
 <node id="598973025" visible="true" version="4" changeset="42503216" timestamp="2016-09-28T19:37:26Z" user="LarsMouland_import" uid="4537757" lat="59.9698204" lon="10.5828523"/>
 <node id="603091720" visible="true" version="3" changeset="20067962" timestamp="2014-01-18T15:36:20Z" user="vibrog" uid="11992" lat="59.9722209" lon="10.5685916"/>
 <node id="603091721" visible="true" version="3" changeset="20067962" timestamp="2014-01-18T15:36:20Z" user="vibrog" uid="11992" lat="59.9735718" lon="10.5662092"/>
 <node id="603091760" visible="true" version="3" changeset="44130300" timestamp="2016-12-03T06:22:37Z" user="vibrog" uid="11992" lat="59.9664322" lon="10.5789326"/>
 <node id="603091761" visible="true" version="2" changeset="20067962" timestamp="2014-01-18T15:36:20Z" user="vibrog" uid="11992" lat="59.9709495" lon="10.5740304"/>
 <node id="603091762" visible="true" version="4" changeset="44130300" timestamp="2016-12-03T06:22:37Z" user="vibrog" uid="11992" lat="59.9704109" lon="10.5741730"/>
 <node id="603091763" visible="true" version="1" changeset="3519217" timestamp="2010-01-02T15:16:41Z" user="vibrog" uid="11992" lat="59.9661039" lon="10.5800660"/>
 <node id="603091764" visible="true" version="1" changeset="3519217" timestamp="2010-01-02T15:16:41Z" user="vibrog" uid="11992" lat="59.9659880" lon="10.5805535"/>
 <node id="603091765" visible="true" version="1" changeset="3519217" timestamp="2010-01-02T15:16:41Z" user="vibrog" uid="11992" lat="59.9658721" lon="10.5811629"/>
 <node id="603091766" visible="true" version="1" changeset="3519217" timestamp="2010-01-02T15:16:41Z" user="vibrog" uid="11992" lat="59.9658355" lon="10.5815955"/>
 <node id="603091768" visible="true" version="1" changeset="3519217" timestamp="2010-01-02T15:16:41Z" user="vibrog" uid="11992" lat="59.9661679" lon="10.5798710"/>
 <node id="603091771" visible="true" version="6" changeset="116246835" timestamp="2022-01-17T10:17:28Z" user="larsalonian" uid="422573" lat="59.9682611" lon="10.5858746"/>
 <node id="603091772" visible="true" version="1" changeset="3519217" timestamp="2010-01-02T15:16:41Z" user="vibrog" uid="11992" lat="59.9734089" lon="10.5894742"/>
 <node id="603091778" visible="true" version="2" changeset="50132690" timestamp="2017-07-08T14:34:24Z" user="vibrog" uid="11992" lat="59.9631550" lon="10.5984507"/>
 <node id="603091780" visible="true" version="2" changeset="3563289" timestamp="2010-01-07T16:28:24Z" user="vibrog" uid="11992" lat="59.9669902" lon="10.5951951"/>
 <node id="603091782" visible="true" version="4" changeset="50132690" timestamp="2017-07-08T14:34:24Z" user="vibrog" uid="11992" lat="59.9647956" lon="10.5968999"/>
 <node id="603091783" visible="true" version="2" changeset="3563289" timestamp="2010-01-07T16:28:26Z" user="vibrog" uid="11992" lat="59.9674065" lon="10.5966909"/>
 <node id="603091784" visible="true" version="2" changeset="108572658" timestamp="2021-07-25T16:46:10Z" user="NKA" uid="3497659" lat="59.9710101" lon="10.5931708"/>
 <node id="603091785" visible="true" version="1" changeset="3519217" timestamp="2010-01-02T15:16:42Z" user="vibrog" uid="11992" lat="59.9708559" lon="10.5945094"/>
 <node id="603091786" visible="true" version="1" changeset="3519217" timestamp="2010-01-02T15:16:42Z" user="vibrog" uid="11992" lat="59.9708040" lon="10.5955514"/>
 <node id="603091788" visible="true" version="2" changeset="43968215" timestamp="2016-11-26T17:41:32Z" user="vibrog" uid="11992" lat="59.9721921" lon="10.5909708"/>
 <node id="603091790" visible="true" version="3" changeset="43968215" timestamp="2016-11-26T17:41:32Z" user="vibrog" uid="11992" lat="59.9717901" lon="10.5911350"/>
 <node id="603091791" visible="true" version="3" changeset="16342116" timestamp="2013-05-29T18:54:58Z" user="vibrog" uid="11992" lat="59.9692970" lon="10.5973455"/>
 <node id="608420661" visible="true" version="2" changeset="15968343" timestamp="2013-05-04T08:32:14Z" user="vibrog" uid="11992" lat="59.9664716" lon="10.5956385"/>
 <node id="608420662" visible="true" version="1" changeset="3563289" timestamp="2010-01-07T16:28:17Z" user="vibrog" uid="11992" lat="59.9670478" lon="10.5951068"/>
 <node id="608420665" visible="true" version="1" changeset="3563289" timestamp="2010-01-07T16:28:17Z" user="vibrog" uid="11992" lat="59.9669013" lon="10.5952509"/>
 <node id="612389144" visible="true" version="3" changeset="44130300" timestamp="2016-12-03T06:22:37Z" user="vibrog" uid="11992" lat="59.9667010" lon="10.5785869"/>
 <node id="612389145" visible="true" version="3" changeset="44130300" timestamp="2016-12-03T06:22:37Z" user="vibrog" uid="11992" lat="59.9672353" lon="10.5791563"/>
 <node id="612389146" visible="true" version="3" changeset="42503216" timestamp="2016-09-28T19:37:26Z" user="LarsMouland_import" uid="4537757" lat="59.9672711" lon="10.5798610"/>
 <node id="612389147" visible="true" version="2" changeset="3894923" timestamp="2010-02-16T18:54:07Z" user="vibrog" uid="11992" lat="59.9707466" lon="10.5874517"/>
 <node id="642055134" visible="true" version="2" changeset="20067962" timestamp="2014-01-18T15:36:21Z" user="vibrog" uid="11992" lat="59.9686180" lon="10.5771467"/>
 <node id="642055136" visible="true" version="2" changeset="20067962" timestamp="2014-01-18T15:36:21Z" user="vibrog" uid="11992" lat="59.9687907" lon="10.5771038"/>
 <node id="642055139" visible="true" version="3" changeset="44130300" timestamp="2016-12-03T06:22:37Z" user="vibrog" uid="11992" lat="59.9679470" lon="10.5785062"/>
 <node id="642055142" visible="true" version="2" changeset="20067962" timestamp="2014-01-18T15:36:21Z" user="vibrog" uid="11992" lat="59.9688722" lon="10.5770060"/>
 <node id="642055145" visible="true" version="2" changeset="20067962" timestamp="2014-01-18T15:36:21Z" user="vibrog" uid="11992" lat="59.9689956" lon="10.5767853"/>
 <node id="642055148" visible="true" version="2" changeset="20067962" timestamp="2014-01-18T15:36:21Z" user="vibrog" uid="11992" lat="59.9690371" lon="10.5767141"/>
 <node id="642055151" visible="true" version="2" changeset="20067962" timestamp="2014-01-18T15:36:21Z" user="vibrog" uid="11992" lat="59.9691022" lon="10.5766716"/>
 <node id="642055154" visible="true" version="1" changeset="3894923" timestamp="2010-02-16T18:53:54Z" user="vibrog" uid="11992" lat="59.9692294" lon="10.5767051"/>
 <node id="642055157" visible="true" version="2" changeset="20067962" timestamp="2014-01-18T15:36:21Z" user="vibrog" uid="11992" lat="59.9693874" lon="10.5766985"/>
 <node id="642055168" visible="true" version="2" changeset="4091160" timestamp="2010-03-10T16:54:44Z" user="vibrog" uid="11992" lat="59.9658927" lon="10.5905254"/>
 <node id="642055171" visible="true" version="2" changeset="4091160" timestamp="2010-03-10T16:54:45Z" user="vibrog" uid="11992" lat="59.9661425" lon="10.5901425"/>
 <node id="642055314" visible="true" version="1" changeset="3894923" timestamp="2010-02-16T18:53:57Z" user="vibrog" uid="11992" lat="59.9629518" lon="10.5919134"/>
 <node id="642055316" visible="true" version="2" changeset="15968343" timestamp="2013-05-04T08:32:14Z" user="vibrog" uid="11992" lat="59.9625153" lon="10.5920391"/>
 <node id="642055402" visible="true" version="2" changeset="15968343" timestamp="2013-05-04T08:32:14Z" user="vibrog" uid="11992" lat="59.9645862" lon="10.5919163"/>
 <node id="642055405" visible="true" version="1" changeset="3894923" timestamp="2010-02-16T18:53:59Z" user="vibrog" uid="11992" lat="59.9640348" lon="10.5917622"/>
 <node id="642055408" visible="true" version="2" changeset="4091160" timestamp="2010-03-10T16:54:45Z" user="vibrog" uid="11992" lat="59.9642518" lon="10.5917401"/>
 <node id="642055411" visible="true" version="2" changeset="4091160" timestamp="2010-03-10T16:54:45Z" user="vibrog" uid="11992" lat="59.9636946" lon="10.5916844"/>
 <node id="642055414" visible="true" version="1" changeset="3894923" timestamp="2010-02-16T18:53:59Z" user="vibrog" uid="11992" lat="59.9648096" lon="10.5918976"/>
 <node id="642055417" visible="true" version="2" changeset="4091160" timestamp="2010-03-10T16:54:45Z" user="vibrog" uid="11992" lat="59.9654554" lon="10.5915325"/>
 <node id="642225381" visible="true" version="1" changeset="3896016" timestamp="2010-02-16T20:32:39Z" user="vibrog" uid="11992" lat="59.9706472" lon="10.5892238"/>
 <node id="642225382" visible="true" version="1" changeset="3896016" timestamp="2010-02-16T20:32:39Z" user="vibrog" uid="11992" lat="59.9707407" lon="10.5932712"/>
 <node id="851609837" visible="true" version="2" changeset="42503216" timestamp="2016-09-28T19:37:26Z" user="LarsMouland_import" uid="4537757" lat="59.9709207" lon="10.5862260"/>
 <node id="851609938" visible="true" version="3" changeset="42503216" timestamp="2016-09-28T19:37:26Z" user="LarsMouland_import" uid="4537757" lat="59.9694566" lon="10.5936984"/>
 <node id="851610072" visible="true" version="3" changeset="42503216" timestamp="2016-09-28T19:37:26Z" user="LarsMouland_import" uid="4537757" lat="59.9668347" lon="10.5734373"/>
 <node id="851610123" visible="true" version="2" changeset="42503216" timestamp="2016-09-28T19:37:26Z" user="LarsMouland_import" uid="4537757" lat="59.9707865" lon="10.5861838"/>
 <node id="851610314" visible="true" version="3" changeset="42503216" timestamp="2016-09-28T19:37:26Z" user="LarsMouland_import" uid="4537757" lat="59.9681316" lon="10.5763286"/>
 <node id="851610647" visible="true" version="3" changeset="42503216" timestamp="2016-09-28T19:37:26Z" user="LarsMouland_import" uid="4537757" lat="59.9680678" lon="10.5861728"/>
 <node id="851610758" visible="true" version="3" changeset="42503216" timestamp="2016-09-28T19:37:26Z" user="LarsMouland_import" uid="4537757" lat="59.9681365" lon="10.5719762"/>
 <node id="851610876" visible="true" version="3" changeset="42503216" timestamp="2016-09-28T19:37:26Z" user="LarsMouland_import" uid="4537757" lat="59.9680625" lon="10.5856520"/>
 <node id="851611014" visible="true" version="3" changeset="42503216" timestamp="2016-09-28T19:37:26Z" user="LarsMouland_import" uid="4537757" lat="59.9680989" lon="10.5761027"/>
 <node id="851611021" visible="true" version="3" changeset="42503216" timestamp="2016-09-28T19:37:26Z" user="LarsMouland_import" uid="4537757" lat="59.9697731" lon="10.5936219"/>
 <node id="851611307" visible="true" version="4" changeset="114098893" timestamp="2021-11-22T13:34:01Z" user="mappedby" uid="6607932" lat="59.9667163" lon="10.5739996"/>
 <node id="851611544" visible="true" version="3" changeset="42503216" timestamp="2016-09-28T19:37:26Z" user="LarsMouland_import" uid="4537757" lat="59.9682471" lon="10.5747404"/>
 <node id="851611756" visible="true" version="3" changeset="42503216" timestamp="2016-09-28T19:37:26Z" user="LarsMouland_import" uid="4537757" lat="59.9666853" lon="10.5769337"/>
 <node id="851611962" visible="true" version="2" changeset="42503216" timestamp="2016-09-28T19:37:26Z" user="LarsMouland_import" uid="4537757" lat="59.9681867" lon="10.5730356"/>
 <node id="851612308" visible="true" version="3" changeset="42503216" timestamp="2016-09-28T19:37:26Z" user="LarsMouland_import" uid="4537757" lat="59.9672354" lon="10.5714677"/>
 <node id="851612688" visible="true" version="3" changeset="114098893" timestamp="2021-11-22T13:34:01Z" user="mappedby" uid="6607932" lat="59.9670327" lon="10.5725428"/>
 <node id="851612889" visible="true" version="3" changeset="42503216" timestamp="2016-09-28T19:37:26Z" user="LarsMouland_import" uid="4537757" lat="59.9680955" lon="10.5760030"/>
 <node id="851613198" visible="true" version="2" changeset="42503216" timestamp="2016-09-28T19:37:26Z" user="LarsMouland_import" uid="4537757" lat="59.9681563" lon="10.5733207"/>
 <node id="851613471" visible="true" version="5" changeset="114098893" timestamp="2021-11-22T13:34:01Z" user="mappedby" uid="6607932" lat="59.9668926" lon="10.5716545"/>
 <node id="851613734" visible="true" version="3" changeset="42503216" timestamp="2016-09-28T19:37:26Z" user="LarsMouland_import" uid="4537757" lat="59.9676522" lon="10.5869254"/>
 <node id="851613898" visible="true" version="3" changeset="42503216" timestamp="2016-09-28T19:37:26Z" user="LarsMouland_import" uid="4537757" lat="59.9697825" lon="10.5822840"/>
 <node id="851614056" visible="true" version="3" changeset="42503216" timestamp="2016-09-28T19:37:26Z" user="LarsMouland_import" uid="4537757" lat="59.9688297" lon="10.5934988"/>
 <node id="851614241" visible="true" version="3" changeset="42503216" timestamp="2016-09-28T19:37:26Z" user="LarsMouland_import" uid="4537757" lat="59.9682245" lon="10.5736286"/>
 <node id="851614644" visible="true" version="3" changeset="42503216" timestamp="2016-09-28T19:37:26Z" user="LarsMouland_import" uid="4537757" lat="59.9667454" lon="10.5759070"/>
 <node id="851614950" visible="true" version="3" changeset="42503216" timestamp="2016-09-28T19:37:26Z" user="LarsMouland_import" uid="4537757" lat="59.9673605" lon="10.5870188"/>
 <node id="863941893" visible="true" version="1" changeset="5513001" timestamp="2010-08-16T21:03:23Z" user="vibrog" uid="11992" lat="59.9770041" lon="10.5872926"/>
 <node id="863942264" visible="true" version="1" changeset="5513001" timestamp="2010-08-16T21:03:36Z" user="vibrog" uid="11992" lat="59.9714614" lon="10.5928546"/>
 <node id="863942335" visible="true" version="1" changeset="5513001" timestamp="2010-08-16T21:03:38Z" user="vibrog" uid="11992" lat="59.9715132" lon="10.5927231"/>
 <node id="863942461" visible="true" version="1" changeset="5513001" timestamp="2010-08-16T21:03:43Z" user="vibrog" uid="11992" lat="59.9785971" lon="10.5851847"/>
 <node id="864089809" visible="true" version="3" changeset="108572658" timestamp="2021-07-25T16:46:10Z" user="NKA" uid="3497659" lat="59.9732743" lon="10.5880342"/>
 <node id="864089821" visible="true" version="1" changeset="5513597" timestamp="2010-08-16T22:31:24Z" user="vibrog" uid="11992" lat="59.9731201" lon="10.5875024"/>
 <node id="918403435" visible="true" version="2" changeset="108572658" timestamp="2021-07-25T16:46:10Z" user="NKA" uid="3497659" lat="59.9715132" lon="10.5994944"/>
 <node id="918403613" visible="true" version="2" changeset="108572658" timestamp="2021-07-25T16:46:10Z" user="NKA" uid="3497659" lat="59.9709853" lon="10.5965407"/>
 <node id="918409062" visible="true" version="2" changeset="16342116" timestamp="2013-05-29T18:54:58Z" user="vibrog" uid="11992" lat="59.9703654" lon="10.5955993"/>
 <node id="1037762006" visible="true" version="2" changeset="6668690" timestamp="2010-12-15T15:30:24Z" user="vibrog" uid="11992" lat="59.9689852" lon="10.5792714"/>
 <node id="1037762007" visible="true" version="2" changeset="6668690" timestamp="2010-12-15T15:30:11Z" user="vibrog" uid="11992" lat="59.9688689" lon="10.5794816"/>
 <node id="1037762008" visible="true" version="3" changeset="16258879" timestamp="2013-05-23T22:23:29Z" user="vibrog" uid="11992" lat="59.9685251" lon="10.5797344"/>
 <node id="1037762009" visible="true" version="1" changeset="6653290" timestamp="2010-12-13T21:44:31Z" user="vibrog" uid="11992" lat="59.9684911" lon="10.5800188"/>
 <node id="1037762010" visible="true" version="2" changeset="6668690" timestamp="2010-12-15T15:30:19Z" user="vibrog" uid="11992" lat="59.9688366" lon="10.5794092"/>
 <node id="1039383891" visible="true" version="1" changeset="6668690" timestamp="2010-12-15T15:29:25Z" user="vibrog" uid="11992" lat="59.9702672" lon="10.5847756"/>
 <node id="1039383905" visible="true" version="1" changeset="6668690" timestamp="2010-12-15T15:29:25Z" user="vibrog" uid="11992" lat="59.9686186" lon="10.5802635"/>
 <node id="1039383908" visible="true" version="1" changeset="6668690" timestamp="2010-12-15T15:29:25Z" user="vibrog" uid="11992" lat="59.9661973" lon="10.5717550"/>
 <node id="1039383911" visible="true" version="1" changeset="6668690" timestamp="2010-12-15T15:29:26Z" user="vibrog" uid="11992" lat="59.9699246" lon="10.5828857"/>
 <node id="1039383913" visible="true" version="1" changeset="6668690" timestamp="2010-12-15T15:29:26Z" user="vibrog" uid="11992" lat="59.9695440" lon="10.5818241"/>
 <node id="1039383938" visible="true" version="1" changeset="6668690" timestamp="2010-12-15T15:29:26Z" user="vibrog" uid="11992" lat="59.9704040" lon="10.5852042"/>
 <node id="1039383940" visible="true" version="1" changeset="6668690" timestamp="2010-12-15T15:29:27Z" user="vibrog" uid="11992" lat="59.9683245" lon="10.5740357"/>
 <node id="1039383947" visible="true" version="1" changeset="6668690" timestamp="2010-12-15T15:29:27Z" user="vibrog" uid="11992" lat="59.9687457" lon="10.5807735"/>
 <node id="1039383950" visible="true" version="1" changeset="6668690" timestamp="2010-12-15T15:29:27Z" user="vibrog" uid="11992" lat="59.9690981" lon="10.5794810"/>
 <node id="1039383955" visible="true" version="2" changeset="16230846" timestamp="2013-05-21T21:41:30Z" user="vibrog" uid="11992" lat="59.9661829" lon="10.5712629"/>
 <node id="1039383960" visible="true" version="1" changeset="6668690" timestamp="2010-12-15T15:29:27Z" user="vibrog" uid="11992" lat="59.9700602" lon="10.5833373"/>
 <node id="1039383971" visible="true" version="1" changeset="6668690" timestamp="2010-12-15T15:29:28Z" user="vibrog" uid="11992" lat="59.9681338" lon="10.5768023"/>
 <node id="1039383980" visible="true" version="1" changeset="6668690" timestamp="2010-12-15T15:29:28Z" user="vibrog" uid="11992" lat="59.9683332" lon="10.5725722"/>
 <node id="1039383981" visible="true" version="1" changeset="6668690" timestamp="2010-12-15T15:29:28Z" user="vibrog" uid="11992" lat="59.9689515" lon="10.5791237"/>
 <node id="1039383984" visible="true" version="1" changeset="6668690" timestamp="2010-12-15T15:29:28Z" user="vibrog" uid="11992" lat="59.9681953" lon="10.5780698"/>
 <node id="1039383987" visible="true" version="1" changeset="6668690" timestamp="2010-12-15T15:29:28Z" user="vibrog" uid="11992" lat="59.9699092" lon="10.5818344"/>
 <node id="1039384006" visible="true" version="1" changeset="6668690" timestamp="2010-12-15T15:29:29Z" user="vibrog" uid="11992" lat="59.9710664" lon="10.5865254"/>
 <node id="1039384011" visible="true" version="1" changeset="6668690" timestamp="2010-12-15T15:29:29Z" user="vibrog" uid="11992" lat="59.9682525" lon="10.5746453"/>
 <node id="1039384016" visible="true" version="1" changeset="6668690" timestamp="2010-12-15T15:29:29Z" user="vibrog" uid="11992" lat="59.9690618" lon="10.5812834"/>
 <node id="1039384036" visible="true" version="3" changeset="16230846" timestamp="2013-05-21T21:41:30Z" user="vibrog" uid="11992" lat="59.9665298" lon="10.5707189"/>
 <node id="1039384040" visible="true" version="1" changeset="6668690" timestamp="2010-12-15T15:29:30Z" user="vibrog" uid="11992" lat="59.9701535" lon="10.5841056"/>
 <node id="1039384044" visible="true" version="1" changeset="6668690" timestamp="2010-12-15T15:29:30Z" user="vibrog" uid="11992" lat="59.9711540" lon="10.5867696"/>
 <node id="1039384050" visible="true" version="1" changeset="6668690" timestamp="2010-12-15T15:29:30Z" user="vibrog" uid="11992" lat="59.9689732" lon="10.5792295"/>
 <node id="1039384060" visible="true" version="1" changeset="6668690" timestamp="2010-12-15T15:29:30Z" user="vibrog" uid="11992" lat="59.9682002" lon="10.5751685"/>
 <node id="1039384063" visible="true" version="3" changeset="16230846" timestamp="2013-05-21T21:41:30Z" user="vibrog" uid="11992" lat="59.9669590" lon="10.5703735"/>
 <node id="1039384067" visible="true" version="1" changeset="6668690" timestamp="2010-12-15T15:29:30Z" user="vibrog" uid="11992" lat="59.9683697" lon="10.5785774"/>
 <node id="1039384085" visible="true" version="1" changeset="6668690" timestamp="2010-12-15T15:29:31Z" user="vibrog" uid="11992" lat="59.9692708" lon="10.5815756"/>
 <node id="1039384091" visible="true" version="1" changeset="6668690" timestamp="2010-12-15T15:29:31Z" user="vibrog" uid="11992" lat="59.9702087" lon="10.5846934"/>
 <node id="1039384098" visible="true" version="1" changeset="6668690" timestamp="2010-12-15T15:29:31Z" user="vibrog" uid="11992" lat="59.9686284" lon="10.5799278"/>
 <node id="1039384107" visible="true" version="1" changeset="6668690" timestamp="2010-12-15T15:29:32Z" user="vibrog" uid="11992" lat="59.9698597" lon="10.5826498"/>
 <node id="1039384122" visible="true" version="1" changeset="6668690" timestamp="2010-12-15T15:29:32Z" user="vibrog" uid="11992" lat="59.9681826" lon="10.5757030"/>
 <node id="1039384127" visible="true" version="1" changeset="6668690" timestamp="2010-12-15T15:29:32Z" user="vibrog" uid="11992" lat="59.9676458" lon="10.5707832"/>
 <node id="1039384144" visible="true" version="1" changeset="6668690" timestamp="2010-12-15T15:29:33Z" user="vibrog" uid="11992" lat="59.9685753" lon="10.5787828"/>
 <node id="1039384147" visible="true" version="1" changeset="6668690" timestamp="2010-12-15T15:29:33Z" user="vibrog" uid="11992" lat="59.9694696" lon="10.5818076"/>
 <node id="1039384148" visible="true" version="1" changeset="6668690" timestamp="2010-12-15T15:29:33Z" user="vibrog" uid="11992" lat="59.9682693" lon="10.5737068"/>
 <node id="1039384149" visible="true" version="1" changeset="6668690" timestamp="2010-12-15T15:29:33Z" user="vibrog" uid="11992" lat="59.9681715" lon="10.5763592"/>
 <node id="1039384151" visible="true" version="1" changeset="6668690" timestamp="2010-12-15T15:29:33Z" user="vibrog" uid="11992" lat="59.9679920" lon="10.5715134"/>
 <node id="1039384152" visible="true" version="1" changeset="6668690" timestamp="2010-12-15T15:29:33Z" user="vibrog" uid="11992" lat="59.9687001" lon="10.5789350"/>
 <node id="1039384157" visible="true" version="1" changeset="6668690" timestamp="2010-12-15T15:29:33Z" user="vibrog" uid="11992" lat="59.9682230" lon="10.5776348"/>
 <node id="1039384162" visible="true" version="1" changeset="6668690" timestamp="2010-12-15T15:29:33Z" user="vibrog" uid="11992" lat="59.9697114" lon="10.5818550"/>
 <node id="1039384164" visible="true" version="1" changeset="6668690" timestamp="2010-12-15T15:29:34Z" user="vibrog" uid="11992" lat="59.9684284" lon="10.5733450"/>
 <node id="1039384166" visible="true" version="1" changeset="6668690" timestamp="2010-12-15T15:29:34Z" user="vibrog" uid="11992" lat="59.9708514" lon="10.5860659"/>
 <node id="1039384169" visible="true" version="1" changeset="6668690" timestamp="2010-12-15T15:29:34Z" user="vibrog" uid="11992" lat="59.9683079" lon="10.5742127"/>
 <node id="1039384172" visible="true" version="1" changeset="6668690" timestamp="2010-12-15T15:29:35Z" user="vibrog" uid="11992" lat="59.9688674" lon="10.5808901"/>
 <node id="1039384183" visible="true" version="1" changeset="6668690" timestamp="2010-12-15T15:29:35Z" user="vibrog" uid="11992" lat="59.9662456" lon="10.5711909"/>
 <node id="1039384185" visible="true" version="1" changeset="6668690" timestamp="2010-12-15T15:29:35Z" user="vibrog" uid="11992" lat="59.9701880" lon="10.5837530"/>
 <node id="1039384189" visible="true" version="1" changeset="6668690" timestamp="2010-12-15T15:29:35Z" user="vibrog" uid="11992" lat="59.9681855" lon="10.5773901"/>
 <node id="1039384194" visible="true" version="1" changeset="6668690" timestamp="2010-12-15T15:29:36Z" user="vibrog" uid="11992" lat="59.9683760" lon="10.5729260"/>
 <node id="1039384198" visible="true" version="1" changeset="6668690" timestamp="2010-12-15T15:29:36Z" user="vibrog" uid="11992" lat="59.9690195" lon="10.5793049"/>
 <node id="1039384200" visible="true" version="1" changeset="6668690" timestamp="2010-12-15T15:29:36Z" user="vibrog" uid="11992" lat="59.9682636" lon="10.5781914"/>
 <node id="1039384202" visible="true" version="1" changeset="6668690" timestamp="2010-12-15T15:29:36Z" user="vibrog" uid="11992" lat="59.9699697" lon="10.5819229"/>
 <node id="1039384208" visible="true" version="1" changeset="6668690" timestamp="2010-12-15T15:29:37Z" user="vibrog" uid="11992" lat="59.9701936" lon="10.5842823"/>
 <node id="1039384220" visible="true" version="1" changeset="6668690" timestamp="2010-12-15T15:29:37Z" user="vibrog" uid="11992" lat="59.9689402" lon="10.5795408"/>
 <node id="1039384222" visible="true" version="1" changeset="6668690" timestamp="2010-12-15T15:29:37Z" user="vibrog" uid="11992" lat="59.9700140" lon="10.5821263"/>
 <node id="1039384224" visible="true" version="1" changeset="6668690" timestamp="2010-12-15T15:29:38Z" user="vibrog" uid="11992" lat="59.9711609" lon="10.5869447"/>
 <node id="1039384233" visible="true" version="1" changeset="6668690" timestamp="2010-12-15T15:29:38Z" user="vibrog" uid="11992" lat="59.9681715" lon="10.5753512"/>
 <node id="1039384243" visible="true" version="3" changeset="44130300" timestamp="2016-12-03T06:22:37Z" user="vibrog" uid="11992" lat="59.9671928" lon="10.5703425"/>
 <node id="1039384246" visible="true" version="1" changeset="6668690" timestamp="2010-12-15T15:29:38Z" user="vibrog" uid="11992" lat="59.9684240" lon="10.5786888"/>
 <node id="1039384254" visible="true" version="1" changeset="6668690" timestamp="2010-12-15T15:29:39Z" user="vibrog" uid="11992" lat="59.9693055" lon="10.5815983"/>
 <node id="1039384255" visible="true" version="1" changeset="6668690" timestamp="2010-12-15T15:29:39Z" user="vibrog" uid="11992" lat="59.9702387" lon="10.5847601"/>
 <node id="1039384257" visible="true" version="1" changeset="6668690" timestamp="2010-12-15T15:29:39Z" user="vibrog" uid="11992" lat="59.9686008" lon="10.5801490"/>
 <node id="1039384258" visible="true" version="1" changeset="6668690" timestamp="2010-12-15T15:29:39Z" user="vibrog" uid="11992" lat="59.9661829" lon="10.5718126"/>
 <node id="1039384264" visible="true" version="1" changeset="6668690" timestamp="2010-12-15T15:29:40Z" user="vibrog" uid="11992" lat="59.9698774" lon="10.5828061"/>
 <node id="1039384271" visible="true" version="1" changeset="6668690" timestamp="2010-12-15T15:29:40Z" user="vibrog" uid="11992" lat="59.9703389" lon="10.5849614"/>
 <node id="1039384279" visible="true" version="3" changeset="16230846" timestamp="2013-05-21T21:41:30Z" user="vibrog" uid="11992" lat="59.9658886" lon="10.5777820"/>
 <node id="1039384295" visible="true" version="1" changeset="6668690" timestamp="2010-12-15T15:29:40Z" user="vibrog" uid="11992" lat="59.9682822" lon="10.5738285"/>
 <node id="1039384298" visible="true" version="1" changeset="6668690" timestamp="2010-12-15T15:29:41Z" user="vibrog" uid="11992" lat="59.9679478" lon="10.5713987"/>
 <node id="1039384299" visible="true" version="1" changeset="6668690" timestamp="2010-12-15T15:29:41Z" user="vibrog" uid="11992" lat="59.9687174" lon="10.5806410"/>
 <node id="1039384303" visible="true" version="1" changeset="6668690" timestamp="2010-12-15T15:29:41Z" user="vibrog" uid="11992" lat="59.9661714" lon="10.5714671"/>
 <node id="1039384306" visible="true" version="1" changeset="6668690" timestamp="2010-12-15T15:29:41Z" user="vibrog" uid="11992" lat="59.9700403" lon="10.5831009"/>
 <node id="1039384314" visible="true" version="2" changeset="20067962" timestamp="2014-01-18T15:36:19Z" user="vibrog" uid="11992" lat="59.9681550" lon="10.5766431"/>
 <node id="1039384320" visible="true" version="1" changeset="6668690" timestamp="2010-12-15T15:29:42Z" user="vibrog" uid="11992" lat="59.9682623" lon="10.5721829"/>
 <node id="1039384322" visible="true" version="1" changeset="6668690" timestamp="2010-12-15T15:29:42Z" user="vibrog" uid="11992" lat="59.9688795" lon="10.5790813"/>
 <node id="1039384328" visible="true" version="1" changeset="6668690" timestamp="2010-12-15T15:29:42Z" user="vibrog" uid="11992" lat="59.9681971" lon="10.5779481"/>
 <node id="1039384333" visible="true" version="1" changeset="6668690" timestamp="2010-12-15T15:29:42Z" user="vibrog" uid="11992" lat="59.9698752" lon="10.5818698"/>
 <node id="1039384347" visible="true" version="1" changeset="6668690" timestamp="2010-12-15T15:29:43Z" user="vibrog" uid="11992" lat="59.9684638" lon="10.5734568">
  <tag k="noexit" v="no"/>
 </node>
 <node id="1039384353" visible="true" version="1" changeset="6668690" timestamp="2010-12-15T15:29:43Z" user="vibrog" uid="11992" lat="59.9710110" lon="10.5864286"/>
 <node id="1039384357" visible="true" version="1" changeset="6668690" timestamp="2010-12-15T15:29:43Z" user="vibrog" uid="11992" lat="59.9682638" lon="10.5744717"/>
 <node id="1039384361" visible="true" version="1" changeset="6668690" timestamp="2010-12-15T15:29:43Z" user="vibrog" uid="11992" lat="59.9710180" lon="10.5876693"/>
 <node id="1039384363" visible="true" version="1" changeset="6668690" timestamp="2010-12-15T15:29:43Z" user="vibrog" uid="11992" lat="59.9690038" lon="10.5811251"/>
 <node id="1039384364" visible="true" version="1" changeset="6668690" timestamp="2010-12-15T15:29:43Z" user="vibrog" uid="11992" lat="59.9708777" lon="10.5913597"/>
 <node id="1039384374" visible="true" version="1" changeset="6668690" timestamp="2010-12-15T15:29:43Z" user="vibrog" uid="11992" lat="59.9664759" lon="10.5708871"/>
 <node id="1039384376" visible="true" version="1" changeset="6668690" timestamp="2010-12-15T15:29:44Z" user="vibrog" uid="11992" lat="59.9701549" lon="10.5839719"/>
 <node id="1039384390" visible="true" version="1" changeset="6668690" timestamp="2010-12-15T15:29:44Z" user="vibrog" uid="11992" lat="59.9681859" lon="10.5750659"/>
 <node id="1039384395" visible="true" version="1" changeset="6668690" timestamp="2010-12-15T15:29:45Z" user="vibrog" uid="11992" lat="59.9683570" lon="10.5785168"/>
 <node id="1039384404" visible="true" version="1" changeset="6668690" timestamp="2010-12-15T15:29:45Z" user="vibrog" uid="11992" lat="59.9692149" lon="10.5814533"/>
 <node id="1039384411" visible="true" version="1" changeset="6668690" timestamp="2010-12-15T15:29:45Z" user="vibrog" uid="11992" lat="59.9702100" lon="10.5845363"/>
 <node id="1039384425" visible="true" version="1" changeset="6668690" timestamp="2010-12-15T15:29:46Z" user="vibrog" uid="11992" lat="59.9687889" lon="10.5797251"/>
 <node id="1039384429" visible="true" version="1" changeset="6668690" timestamp="2010-12-15T15:29:46Z" user="vibrog" uid="11992" lat="59.9699225" lon="10.5824655"/>
 <node id="1039384435" visible="true" version="1" changeset="6668690" timestamp="2010-12-15T15:29:46Z" user="vibrog" uid="11992" lat="59.9710851" lon="10.5872519"/>
 <node id="1039384456" visible="true" version="1" changeset="6668690" timestamp="2010-12-15T15:29:47Z" user="vibrog" uid="11992" lat="59.9681605" lon="10.5755666"/>
 <node id="1039384460" visible="true" version="3" changeset="44130300" timestamp="2016-12-03T06:22:37Z" user="vibrog" uid="11992" lat="59.9675437" lon="10.5706680"/>
 <node id="1039384463" visible="true" version="1" changeset="6668690" timestamp="2010-12-15T15:29:47Z" user="vibrog" uid="11992" lat="59.9685140" lon="10.5788081"/>
 <node id="1039384469" visible="true" version="1" changeset="6668690" timestamp="2010-12-15T15:29:47Z" user="vibrog" uid="11992" lat="59.9694129" lon="10.5817392"/>
 <node id="1039384470" visible="true" version="1" changeset="6668690" timestamp="2010-12-15T15:29:48Z" user="vibrog" uid="11992" lat="59.9702881" lon="10.5849119"/>
 <node id="1039384471" visible="true" version="1" changeset="6668690" timestamp="2010-12-15T15:29:48Z" user="vibrog" uid="11992" lat="59.9683140" lon="10.5732239"/>
 <node id="1039384481" visible="true" version="1" changeset="6668690" timestamp="2010-12-15T15:29:48Z" user="vibrog" uid="11992" lat="59.9686967" lon="10.5804843"/>
 <node id="1039384486" visible="true" version="1" changeset="6668690" timestamp="2010-12-15T15:29:48Z" user="vibrog" uid="11992" lat="59.9661944" lon="10.5715938"/>
 <node id="1039384489" visible="true" version="1" changeset="6668690" timestamp="2010-12-15T15:29:48Z" user="vibrog" uid="11992" lat="59.9686726" lon="10.5788419"/>
 <node id="1039384490" visible="true" version="1" changeset="6668690" timestamp="2010-12-15T15:29:48Z" user="vibrog" uid="11992" lat="59.9682025" lon="10.5774674"/>
 <node id="1039384492" visible="true" version="1" changeset="6668690" timestamp="2010-12-15T15:29:48Z" user="vibrog" uid="11992" lat="59.9696007" lon="10.5818550"/>
 <node id="1039384501" visible="true" version="1" changeset="6668690" timestamp="2010-12-15T15:29:49Z" user="vibrog" uid="11992" lat="59.9683712" lon="10.5731423"/>
 <node id="1039384517" visible="true" version="1" changeset="6668690" timestamp="2010-12-15T15:29:49Z" user="vibrog" uid="11992" lat="59.9706738" lon="10.5859046"/>
 <node id="1039384518" visible="true" version="1" changeset="6668690" timestamp="2010-12-15T15:29:49Z" user="vibrog" uid="11992" lat="59.9683263" lon="10.5741205"/>
 <node id="1039384527" visible="true" version="1" changeset="6668690" timestamp="2010-12-15T15:29:50Z" user="vibrog" uid="11992" lat="59.9688218" lon="10.5808352"/>
 <node id="1039384528" visible="true" version="1" changeset="6668690" timestamp="2010-12-15T15:29:50Z" user="vibrog" uid="11992" lat="59.9691846" lon="10.5795616">
  <tag k="noexit" v="no"/>
 </node>
 <node id="1039384534" visible="true" version="2" changeset="16230846" timestamp="2013-05-21T21:41:30Z" user="vibrog" uid="11992" lat="59.9662076" lon="10.5712089"/>
 <node id="1039384537" visible="true" version="1" changeset="6668690" timestamp="2010-12-15T15:29:50Z" user="vibrog" uid="11992" lat="59.9701056" lon="10.5835441"/>
 <node id="1039384543" visible="true" version="1" changeset="6668690" timestamp="2010-12-15T15:29:50Z" user="vibrog" uid="11992" lat="59.9658761" lon="10.5779881"/>
 <node id="1039384546" visible="true" version="1" changeset="6668690" timestamp="2010-12-15T15:29:50Z" user="vibrog" uid="11992" lat="59.9681511" lon="10.5771066"/>
 <node id="1039384549" visible="true" version="1" changeset="6668690" timestamp="2010-12-15T15:29:50Z" user="vibrog" uid="11992" lat="59.9683568" lon="10.5726665"/>
 <node id="1039384551" visible="true" version="1" changeset="6668690" timestamp="2010-12-15T15:29:51Z" user="vibrog" uid="11992" lat="59.9689924" lon="10.5792100"/>
 <node id="1039384557" visible="true" version="1" changeset="6668690" timestamp="2010-12-15T15:29:51Z" user="vibrog" uid="11992" lat="59.9682082" lon="10.5781251"/>
 <node id="1039384561" visible="true" version="1" changeset="6668690" timestamp="2010-12-15T15:29:51Z" user="vibrog" uid="11992" lat="59.9699387" lon="10.5818491"/>
 <node id="1039384579" visible="true" version="1" changeset="6668690" timestamp="2010-12-15T15:29:51Z" user="vibrog" uid="11992" lat="59.9711033" lon="10.5866590"/>
 <node id="1039384598" visible="true" version="1" changeset="6668690" timestamp="2010-12-15T15:29:52Z" user="vibrog" uid="11992" lat="59.9682029" lon="10.5749033"/>
 <node id="1039384604" visible="true" version="1" changeset="6668690" timestamp="2010-12-15T15:29:52Z" user="vibrog" uid="11992" lat="59.9691144" lon="10.5813939"/>
 <node id="1039384607" visible="true" version="3" changeset="16230846" timestamp="2013-05-21T21:41:30Z" user="vibrog" uid="11992" lat="59.9668230" lon="10.5704284"/>
 <node id="1039384614" visible="true" version="1" changeset="6668690" timestamp="2010-12-15T15:29:52Z" user="vibrog" uid="11992" lat="59.9700095" lon="10.5820674"/>
 <node id="1039384616" visible="true" version="1" changeset="6668690" timestamp="2010-12-15T15:29:52Z" user="vibrog" uid="11992" lat="59.9711678" lon="10.5868663"/>
 <node id="1039384622" visible="true" version="2" changeset="42503216" timestamp="2016-09-28T19:37:24Z" user="LarsMouland_import" uid="4537757" lat="59.9681607" lon="10.5752020"/>
 <node id="1039384625" visible="true" version="1" changeset="6668690" timestamp="2010-12-15T15:29:52Z" user="vibrog" uid="11992" lat="59.9681950" lon="10.5752274"/>
 <node id="1039384628" visible="true" version="2" changeset="16230846" timestamp="2013-05-21T21:41:30Z" user="vibrog" uid="11992" lat="59.9670962" lon="10.5702851"/>
 <node id="1039384631" visible="true" version="1" changeset="6668690" timestamp="2010-12-15T15:29:53Z" user="vibrog" uid="11992" lat="59.9683968" lon="10.5786405"/>
 <node id="1039384639" visible="true" version="1" changeset="6668690" timestamp="2010-12-15T15:29:53Z" user="vibrog" uid="11992" lat="59.9692867" lon="10.5815922"/>
 <node id="1039384640" visible="true" version="1" changeset="6668690" timestamp="2010-12-15T15:29:53Z" user="vibrog" uid="11992" lat="59.9702232" lon="10.5847408"/>
 <node id="1039384643" visible="true" version="1" changeset="6668690" timestamp="2010-12-15T15:29:54Z" user="vibrog" uid="11992" lat="59.9686081" lon="10.5799868"/>
 <node id="1039384645" visible="true" version="1" changeset="6668690" timestamp="2010-12-15T15:29:54Z" user="vibrog" uid="11992" lat="59.9698553" lon="10.5827176"/>
 <node id="1039384674" visible="true" version="1" changeset="6668690" timestamp="2010-12-15T15:29:54Z" user="vibrog" uid="11992" lat="59.9681457" lon="10.5761822"/>
 <node id="1039384675" visible="true" version="3" changeset="44130300" timestamp="2016-12-03T06:22:37Z" user="vibrog" uid="11992" lat="59.9679072" lon="10.5712797"/>
 <node id="1039384677" visible="true" version="1" changeset="6668690" timestamp="2010-12-15T15:29:55Z" user="vibrog" uid="11992" lat="59.9686515" lon="10.5788009"/>
 <node id="1039384679" visible="true" version="1" changeset="6668690" timestamp="2010-12-15T15:29:55Z" user="vibrog" uid="11992" lat="59.9699970" lon="10.5829800"/>
 <node id="1039384697" visible="true" version="1" changeset="6668690" timestamp="2010-12-15T15:29:55Z" user="vibrog" uid="11992" lat="59.9681734" lon="10.5764366"/>
 <node id="1039384703" visible="true" version="1" changeset="6668690" timestamp="2010-12-15T15:29:55Z" user="vibrog" uid="11992" lat="59.9681900" lon="10.5719676"/>
 <node id="1039384704" visible="true" version="1" changeset="6668690" timestamp="2010-12-15T15:29:55Z" user="vibrog" uid="11992" lat="59.9687733" lon="10.5789704"/>
 <node id="1039384705" visible="true" version="1" changeset="6668690" timestamp="2010-12-15T15:29:56Z" user="vibrog" uid="11992" lat="59.9682211" lon="10.5777786"/>
 <node id="1039384706" visible="true" version="1" changeset="6668690" timestamp="2010-12-15T15:29:56Z" user="vibrog" uid="11992" lat="59.9697778" lon="10.5818845"/>
 <node id="1039384712" visible="true" version="1" changeset="6668690" timestamp="2010-12-15T15:29:56Z" user="vibrog" uid="11992" lat="59.9684511" lon="10.5734061"/>
 <node id="1039384717" visible="true" version="1" changeset="6668690" timestamp="2010-12-15T15:29:56Z" user="vibrog" uid="11992" lat="59.9709252" lon="10.5861580"/>
 <node id="1039384732" visible="true" version="1" changeset="6668690" timestamp="2010-12-15T15:29:56Z" user="vibrog" uid="11992" lat="59.9682635" lon="10.5743166"/>
 <node id="1039384738" visible="true" version="1" changeset="6668690" timestamp="2010-12-15T15:29:57Z" user="vibrog" uid="11992" lat="59.9710094" lon="10.5875366"/>
 <node id="1039384748" visible="true" version="1" changeset="6668690" timestamp="2010-12-15T15:29:57Z" user="vibrog" uid="11992" lat="59.9689417" lon="10.5809867"/>
 <node id="1039384752" visible="true" version="1" changeset="6668690" timestamp="2010-12-15T15:29:57Z" user="vibrog" uid="11992" lat="59.9708621" lon="10.5908022"/>
 <node id="1039384755" visible="true" version="2" changeset="16230846" timestamp="2013-05-21T21:41:30Z" user="vibrog" uid="11992" lat="59.9663134" lon="10.5711051"/>
 <node id="1039384767" visible="true" version="1" changeset="6668690" timestamp="2010-12-15T15:29:57Z" user="vibrog" uid="11992" lat="59.9701925" lon="10.5837892"/>
 <node id="1039384781" visible="true" version="1" changeset="6668690" timestamp="2010-12-15T15:29:58Z" user="vibrog" uid="11992" lat="59.9681933" lon="10.5774226"/>
 <node id="1039384785" visible="true" version="1" changeset="6668690" timestamp="2010-12-15T15:29:58Z" user="vibrog" uid="11992" lat="59.9689937" lon="10.5794892"/>
 <node id="1039384807" visible="true" version="1" changeset="6668690" timestamp="2010-12-15T15:29:58Z" user="vibrog" uid="11992" lat="59.9683410" lon="10.5783647"/>
 <node id="1039384809" visible="true" version="1" changeset="6668690" timestamp="2010-12-15T15:29:58Z" user="vibrog" uid="11992" lat="59.9691892" lon="10.5814443"/>
 <node id="1039384832" visible="true" version="1" changeset="6668690" timestamp="2010-12-15T15:29:59Z" user="vibrog" uid="11992" lat="59.9702012" lon="10.5844484"/>
 <node id="1039384857" visible="true" version="1" changeset="6668690" timestamp="2010-12-15T15:29:59Z" user="vibrog" uid="11992" lat="59.9683529" lon="10.5730432"/>
 <node id="1039384859" visible="true" version="1" changeset="6668690" timestamp="2010-12-15T15:29:59Z" user="vibrog" uid="11992" lat="59.9688498" lon="10.5795887"/>
 <node id="1039384861" visible="true" version="1" changeset="6668690" timestamp="2010-12-15T15:29:59Z" user="vibrog" uid="11992" lat="59.9699667" lon="10.5822532"/>
 <node id="1039384863" visible="true" version="1" changeset="6668690" timestamp="2010-12-15T15:29:59Z" user="vibrog" uid="11992" lat="59.9711125" lon="10.5870414"/>
 <node id="1039384872" visible="true" version="1" changeset="6668690" timestamp="2010-12-15T15:30:00Z" user="vibrog" uid="11992" lat="59.9681526" lon="10.5754162"/>
 <node id="1039384887" visible="true" version="4" changeset="44130300" timestamp="2016-12-03T06:22:37Z" user="vibrog" uid="11992" lat="59.9674149" lon="10.5705299"/>
 <node id="1039384890" visible="true" version="1" changeset="6668690" timestamp="2010-12-15T15:30:00Z" user="vibrog" uid="11992" lat="59.9684762" lon="10.5787401"/>
 <node id="1039384896" visible="true" version="1" changeset="6668690" timestamp="2010-12-15T15:30:00Z" user="vibrog" uid="11992" lat="59.9693572" lon="10.5816009"/>
 <node id="1039417087" visible="true" version="1" changeset="6669063" timestamp="2010-12-15T16:18:39Z" user="vibrog" uid="11992" lat="59.9781787" lon="10.5859497"/>
 <node id="1039417099" visible="true" version="3" changeset="16750141" timestamp="2013-06-29T10:37:21Z" user="vibrog" uid="11992" lat="59.9676490" lon="10.5890520"/>
 <node id="1039417108" visible="true" version="2" changeset="17461771" timestamp="2013-08-22T20:37:33Z" user="vibrog" uid="11992" lat="59.9777447" lon="10.5862110"/>
 <node id="1039417112" visible="true" version="2" changeset="15968343" timestamp="2013-05-04T08:32:11Z" user="vibrog" uid="11992" lat="59.9665468" lon="10.5868481">
  <tag k="noexit" v="no"/>
 </node>
 <node id="1039417135" visible="true" version="1" changeset="6669063" timestamp="2010-12-15T16:18:40Z" user="vibrog" uid="11992" lat="59.9778605" lon="10.5860828"/>
 <node id="1039417140" visible="true" version="1" changeset="6669063" timestamp="2010-12-15T16:18:40Z" user="vibrog" uid="11992" lat="59.9674708" lon="10.5706824"/>
 <node id="1039417142" visible="true" version="1" changeset="6669063" timestamp="2010-12-15T16:18:40Z" user="vibrog" uid="11992" lat="59.9780888" lon="10.5859773"/>
 <node id="1039417145" visible="true" version="1" changeset="6669063" timestamp="2010-12-15T16:18:40Z" user="vibrog" uid="11992" lat="59.9728856" lon="10.5875430"/>
 <node id="1039417147" visible="true" version="2" changeset="15968343" timestamp="2013-05-04T08:32:11Z" user="vibrog" uid="11992" lat="59.9663521" lon="10.5891967"/>
 <node id="2289211708" visible="true" version="2" changeset="16342665" timestamp="2013-05-29T19:34:51Z" user="vibrog" uid="11992" lat="59.9617296" lon="10.5939987"/>
 <node id="2289211709" visible="true" version="1" changeset="15947134" timestamp="2013-05-02T14:38:58Z" user="vibrog" uid="11992" lat="59.9617494" lon="10.5952717"/>
 <node id="2289211712" visible="true" version="1" changeset="15947134" timestamp="2013-05-02T14:38:58Z" user="vibrog" uid="11992" lat="59.9618864" lon="10.5957966"/>
 <node id="2289211713" visible="true" version="1" changeset="15947134" timestamp="2013-05-02T14:38:58Z" user="vibrog" uid="11992" lat="59.9619879" lon="10.5935570"/>
 <node id="2289211717" visible="true" version="1" changeset="15947134" timestamp="2013-05-02T14:38:58Z" user="vibrog" uid="11992" lat="59.9620831" lon="10.5956798"/>
 <node id="2289211719" visible="true" version="1" changeset="15947134" timestamp="2013-05-02T14:38:58Z" user="vibrog" uid="11992" lat="59.9621615" lon="10.5936059"/>
 <node id="2289211721" visible="true" version="1" changeset="15947134" timestamp="2013-05-02T14:38:58Z" user="vibrog" uid="11992" lat="59.9622941" lon="10.5952874"/>
 <node id="2289211724" visible="true" version="1" changeset="15947134" timestamp="2013-05-02T14:38:58Z" user="vibrog" uid="11992" lat="59.9623080" lon="10.5938238"/>
 <node id="2289211728" visible="true" version="1" changeset="15947134" timestamp="2013-05-02T14:38:58Z" user="vibrog" uid="11992" lat="59.9624790" lon="10.5955168"/>
 <node id="2289211729" visible="true" version="2" changeset="15968343" timestamp="2013-05-04T08:32:11Z" user="vibrog" uid="11992" lat="59.9625340" lon="10.5972579"/>
 <node id="2289211730" visible="true" version="1" changeset="15947134" timestamp="2013-05-02T14:38:58Z" user="vibrog" uid="11992" lat="59.9625247" lon="10.5944997"/>
 <node id="2289211731" visible="true" version="2" changeset="15968343" timestamp="2013-05-04T08:32:11Z" user="vibrog" uid="11992" lat="59.9625950" lon="10.5978917"/>
 <node id="2289211732" visible="true" version="1" changeset="15947134" timestamp="2013-05-02T14:38:58Z" user="vibrog" uid="11992" lat="59.9625964" lon="10.5949901"/>
 <node id="2289211733" visible="true" version="1" changeset="15947134" timestamp="2013-05-02T14:38:58Z" user="vibrog" uid="11992" lat="59.9626797" lon="10.5958760"/>
 <node id="2289211737" visible="true" version="1" changeset="15947134" timestamp="2013-05-02T14:38:58Z" user="vibrog" uid="11992" lat="59.9627806" lon="10.5969040"/>
 <node id="2289211738" visible="true" version="1" changeset="15947134" timestamp="2013-05-02T14:38:58Z" user="vibrog" uid="11992" lat="59.9627953" lon="10.5953618"/>
 <node id="2289211739" visible="true" version="1" changeset="15947134" timestamp="2013-05-02T14:38:58Z" user="vibrog" uid="11992" lat="59.9628008" lon="10.5965258"/>
 <node id="2289211740" visible="true" version="2" changeset="15968343" timestamp="2013-05-04T08:32:11Z" user="vibrog" uid="11992" lat="59.9630678" lon="10.5984605"/>
 <node id="2289211743" visible="true" version="1" changeset="15947134" timestamp="2013-05-02T14:38:58Z" user="vibrog" uid="11992" lat="59.9629639" lon="10.5980144"/>
 <node id="2289211744" visible="true" version="1" changeset="15947134" timestamp="2013-05-02T14:38:58Z" user="vibrog" uid="11992" lat="59.9630930" lon="10.5976224"/>
 <node id="2289211745" visible="true" version="1" changeset="15947134" timestamp="2013-05-02T14:38:58Z" user="vibrog" uid="11992" lat="59.9631262" lon="10.5970871"/>
 <node id="2289211746" visible="true" version="1" changeset="15947134" timestamp="2013-05-02T14:38:58Z" user="vibrog" uid="11992" lat="59.9631615" lon="10.5973457"/>
 <node id="2289211748" visible="true" version="1" changeset="15947134" timestamp="2013-05-02T14:38:58Z" user="vibrog" uid="11992" lat="59.9632588" lon="10.5968254"/>
 <node id="2289211750" visible="true" version="1" changeset="15947134" timestamp="2013-05-02T14:38:59Z" user="vibrog" uid="11992" lat="59.9633662" lon="10.5954581"/>
 <node id="2289211751" visible="true" version="1" changeset="15947134" timestamp="2013-05-02T14:38:59Z" user="vibrog" uid="11992" lat="59.9633953" lon="10.5964406"/>
 <node id="2289211755" visible="true" version="1" changeset="15947134" timestamp="2013-05-02T14:38:59Z" user="vibrog" uid="11992" lat="59.9635643" lon="10.5953402"/>
 <node id="2289211757" visible="true" version="1" changeset="15947134" timestamp="2013-05-02T14:38:59Z" user="vibrog" uid="11992" lat="59.9636825" lon="10.5949708"/>
 <node id="2289211762" visible="true" version="1" changeset="15947134" timestamp="2013-05-02T14:38:59Z" user="vibrog" uid="11992" lat="59.9640588" lon="10.5946266"/>
 <node id="2289211763" visible="true" version="1" changeset="15947134" timestamp="2013-05-02T14:38:59Z" user="vibrog" uid="11992" lat="59.9642630" lon="10.5947435"/>
 <node id="2289211764" visible="true" version="1" changeset="15947134" timestamp="2013-05-02T14:38:59Z" user="vibrog" uid="11992" lat="59.9644131" lon="10.5950438"/>
 <node id="2289211767" visible="true" version="1" changeset="15947134" timestamp="2013-05-02T14:38:59Z" user="vibrog" uid="11992" lat="59.9646430" lon="10.5950160"/>
 <node id="2289211771" visible="true" version="1" changeset="15947134" timestamp="2013-05-02T14:38:59Z" user="vibrog" uid="11992" lat="59.9648767" lon="10.5948528"/>
 <node id="2289211772" visible="true" version="1" changeset="15947134" timestamp="2013-05-02T14:38:59Z" user="vibrog" uid="11992" lat="59.9651293" lon="10.5933543"/>
 <node id="2289211773" visible="true" version="1" changeset="15947134" timestamp="2013-05-02T14:38:59Z" user="vibrog" uid="11992" lat="59.9652028" lon="10.5931377"/>
 <node id="2289211776" visible="true" version="1" changeset="15947134" timestamp="2013-05-02T14:38:59Z" user="vibrog" uid="11992" lat="59.9652450" lon="10.5938120"/>
 <node id="2289211777" visible="true" version="1" changeset="15947134" timestamp="2013-05-02T14:38:59Z" user="vibrog" uid="11992" lat="59.9653766" lon="10.5925571"/>
 <node id="2289211778" visible="true" version="1" changeset="15947134" timestamp="2013-05-02T14:38:59Z" user="vibrog" uid="11992" lat="59.9654186" lon="10.5927569"/>
 <node id="2289211779" visible="true" version="1" changeset="15947134" timestamp="2013-05-02T14:38:59Z" user="vibrog" uid="11992" lat="59.9654793" lon="10.5933441"/>
 <node id="2289211780" visible="true" version="1" changeset="15947134" timestamp="2013-05-02T14:38:59Z" user="vibrog" uid="11992" lat="59.9656462" lon="10.5922398"/>
 <node id="2289211781" visible="true" version="1" changeset="15947134" timestamp="2013-05-02T14:38:59Z" user="vibrog" uid="11992" lat="59.9656562" lon="10.5923877"/>
 <node id="2289211782" visible="true" version="1" changeset="15947134" timestamp="2013-05-02T14:38:59Z" user="vibrog" uid="11992" lat="59.9656936" lon="10.5931555"/>
 <node id="2289211783" visible="true" version="1" changeset="15947134" timestamp="2013-05-02T14:39:00Z" user="vibrog" uid="11992" lat="59.9661021" lon="10.5915091"/>
 <node id="2289211784" visible="true" version="1" changeset="15947134" timestamp="2013-05-02T14:39:00Z" user="vibrog" uid="11992" lat="59.9662016" lon="10.5777258"/>
 <node id="2289211785" visible="true" version="1" changeset="15947134" timestamp="2013-05-02T14:39:00Z" user="vibrog" uid="11992" lat="59.9664456" lon="10.5930068"/>
 <node id="2289211786" visible="true" version="2" changeset="15968343" timestamp="2013-05-04T08:32:11Z" user="vibrog" uid="11992" lat="59.9666193" lon="10.5908745"/>
 <node id="2289211787" visible="true" version="1" changeset="15947134" timestamp="2013-05-02T14:39:00Z" user="vibrog" uid="11992" lat="59.9666709" lon="10.5928014"/>
 <node id="2289211788" visible="true" version="1" changeset="15947134" timestamp="2013-05-02T14:39:00Z" user="vibrog" uid="11992" lat="59.9667620" lon="10.5923483"/>
 <node id="2289211789" visible="true" version="2" changeset="42503216" timestamp="2016-09-28T19:37:24Z" user="LarsMouland_import" uid="4537757" lat="59.9668672" lon="10.5792233"/>
 <node id="2289211790" visible="true" version="2" changeset="42503216" timestamp="2016-09-28T19:37:24Z" user="LarsMouland_import" uid="4537757" lat="59.9668974" lon="10.5794330"/>
 <node id="2289211791" visible="true" version="1" changeset="15947134" timestamp="2013-05-02T14:39:00Z" user="vibrog" uid="11992" lat="59.9669970" lon="10.5918858"/>
 <node id="2289211792" visible="true" version="2" changeset="42503216" timestamp="2016-09-28T19:37:24Z" user="LarsMouland_import" uid="4537757" lat="59.9672393" lon="10.5797897"/>
 <node id="2289211793" visible="true" version="1" changeset="15947134" timestamp="2013-05-02T14:39:00Z" user="vibrog" uid="11992" lat="59.9672103" lon="10.5913676"/>
 <node id="2289211794" visible="true" version="1" changeset="15947134" timestamp="2013-05-02T14:39:00Z" user="vibrog" uid="11992" lat="59.9672639" lon="10.5906313"/>
 <node id="2289211795" visible="true" version="2" changeset="114098893" timestamp="2021-11-22T13:34:01Z" user="mappedby" uid="6607932" lat="59.9673115" lon="10.5874385"/>
 <node id="2289211796" visible="true" version="1" changeset="15947134" timestamp="2013-05-02T14:39:00Z" user="vibrog" uid="11992" lat="59.9673530" lon="10.5884869"/>
 <node id="2289211797" visible="true" version="1" changeset="15947134" timestamp="2013-05-02T14:39:00Z" user="vibrog" uid="11992" lat="59.9673846" lon="10.5871484"/>
 <node id="2289211798" visible="true" version="1" changeset="15947134" timestamp="2013-05-02T14:39:00Z" user="vibrog" uid="11992" lat="59.9674009" lon="10.5881066"/>
 <node id="2289211799" visible="true" version="2" changeset="42503216" timestamp="2016-09-28T19:37:24Z" user="LarsMouland_import" uid="4537757" lat="59.9674597" lon="10.5868965"/>
 <node id="2289211800" visible="true" version="2" changeset="42503216" timestamp="2016-09-28T19:37:24Z" user="LarsMouland_import" uid="4537757" lat="59.9672930" lon="10.5800760"/>
 <node id="2289211801" visible="true" version="2" changeset="114098893" timestamp="2021-11-22T13:34:01Z" user="mappedby" uid="6607932" lat="59.9674354" lon="10.5874803"/>
 <node id="2289211802" visible="true" version="1" changeset="15947134" timestamp="2013-05-02T14:39:00Z" user="vibrog" uid="11992" lat="59.9674478" lon="10.5873234"/>
 <node id="2289211803" visible="true" version="3" changeset="114098893" timestamp="2021-11-22T13:34:01Z" user="mappedby" uid="6607932" lat="59.9674540" lon="10.5873308"/>
 <node id="2289211804" visible="true" version="2" changeset="42503216" timestamp="2016-09-28T19:37:24Z" user="LarsMouland_import" uid="4537757" lat="59.9675600" lon="10.5870770"/>
 <node id="2289211805" visible="true" version="1" changeset="15947134" timestamp="2013-05-02T14:39:00Z" user="vibrog" uid="11992" lat="59.9674659" lon="10.5876061"/>
 <node id="2289211806" visible="true" version="1" changeset="15947134" timestamp="2013-05-02T14:39:00Z" user="vibrog" uid="11992" lat="59.9674974" lon="10.5876525"/>
 <node id="2289211807" visible="true" version="1" changeset="15947134" timestamp="2013-05-02T14:39:00Z" user="vibrog" uid="11992" lat="59.9674977" lon="10.5904982"/>
 <node id="2289211808" visible="true" version="1" changeset="15947134" timestamp="2013-05-02T14:39:00Z" user="vibrog" uid="11992" lat="59.9675027" lon="10.5875020"/>
 <node id="2289211809" visible="true" version="1" changeset="15947134" timestamp="2013-05-02T14:39:00Z" user="vibrog" uid="11992" lat="59.9675149" lon="10.5878687"/>
 <node id="2289211810" visible="true" version="2" changeset="42503216" timestamp="2016-09-28T19:37:24Z" user="LarsMouland_import" uid="4537757" lat="59.9679166" lon="10.5863809"/>
 <node id="2289211811" visible="true" version="1" changeset="15947134" timestamp="2013-05-02T14:39:00Z" user="vibrog" uid="11992" lat="59.9675236" lon="10.5877092"/>
 <node id="2289211812" visible="true" version="1" changeset="15947134" timestamp="2013-05-02T14:39:00Z" user="vibrog" uid="11992" lat="59.9675328" lon="10.5877860"/>
 <node id="2289211813" visible="true" version="1" changeset="15947134" timestamp="2013-05-02T14:39:00Z" user="vibrog" uid="11992" lat="59.9675479" lon="10.5875422"/>
 <node id="2289211814" visible="true" version="3" changeset="26480631" timestamp="2014-11-01T12:32:28Z" user="vibrog" uid="11992" lat="59.9675069" lon="10.5912020"/>
 <node id="2289211815" visible="true" version="1" changeset="15947134" timestamp="2013-05-02T14:39:00Z" user="vibrog" uid="11992" lat="59.9675513" lon="10.5907886"/>
 <node id="2289211816" visible="true" version="2" changeset="42503216" timestamp="2016-09-28T19:37:24Z" user="LarsMouland_import" uid="4537757" lat="59.9698781" lon="10.5829407"/>
 <node id="2289211817" visible="true" version="1" changeset="15947134" timestamp="2013-05-02T14:39:00Z" user="vibrog" uid="11992" lat="59.9675754" lon="10.5875883"/>
 <node id="2289211818" visible="true" version="1" changeset="15947134" timestamp="2013-05-02T14:39:00Z" user="vibrog" uid="11992" lat="59.9675818" lon="10.5906153"/>
 <node id="2289211819" visible="true" version="2" changeset="42503216" timestamp="2016-09-28T19:37:24Z" user="LarsMouland_import" uid="4537757" lat="59.9675670" lon="10.5875681"/>
 <node id="2289211820" visible="true" version="2" changeset="134342025" timestamp="2023-03-31T11:55:55Z" user="PulisakZ" uid="9026132" lat="59.9676089" lon="10.5876532"/>
 <node id="2289211821" visible="true" version="2" changeset="42503216" timestamp="2016-09-28T19:37:24Z" user="LarsMouland_import" uid="4537757" lat="59.9676161" lon="10.5862997"/>
 <node id="2289211822" visible="true" version="1" changeset="15947134" timestamp="2013-05-02T14:39:00Z" user="vibrog" uid="11992" lat="59.9676260" lon="10.5877380"/>
 <node id="2289211823" visible="true" version="1" changeset="15947134" timestamp="2013-05-02T14:39:00Z" user="vibrog" uid="11992" lat="59.9676277" lon="10.5879689"/>
 <node id="2289211824" visible="true" version="1" changeset="15947134" timestamp="2013-05-02T14:39:00Z" user="vibrog" uid="11992" lat="59.9676312" lon="10.5878147"/>
 <node id="2289211825" visible="true" version="2" changeset="42503216" timestamp="2016-09-28T19:37:24Z" user="LarsMouland_import" uid="4537757" lat="59.9676806" lon="10.5862305"/>
 <node id="2289211827" visible="true" version="1" changeset="15947134" timestamp="2013-05-02T14:39:01Z" user="vibrog" uid="11992" lat="59.9676793" lon="10.5893999"/>
 <node id="2289211828" visible="true" version="2" changeset="114098893" timestamp="2021-11-22T13:34:01Z" user="mappedby" uid="6607932" lat="59.9676812" lon="10.5877995"/>
 <node id="2289211830" visible="true" version="4" changeset="114098893" timestamp="2021-11-22T13:34:01Z" user="mappedby" uid="6607932" lat="59.9677627" lon="10.5892622"/>
 <node id="2289211831" visible="true" version="1" changeset="15947134" timestamp="2013-05-02T14:39:01Z" user="vibrog" uid="11992" lat="59.9677726" lon="10.5880607"/>
 <node id="2289211832" visible="true" version="1" changeset="15947134" timestamp="2013-05-02T14:39:01Z" user="vibrog" uid="11992" lat="59.9678037" lon="10.5879031"/>
 <node id="2289211833" visible="true" version="2" changeset="42503216" timestamp="2016-09-28T19:37:24Z" user="LarsMouland_import" uid="4537757" lat="59.9679823" lon="10.5825340"/>
 <node id="2289211834" visible="true" version="3" changeset="42503216" timestamp="2016-09-28T19:37:24Z" user="LarsMouland_import" uid="4537757" lat="59.9701009" lon="10.5837023"/>
 <node id="2289211835" visible="true" version="2" changeset="42503216" timestamp="2016-09-28T19:37:24Z" user="LarsMouland_import" uid="4537757" lat="59.9680321" lon="10.5822061"/>
 <node id="2289211836" visible="true" version="2" changeset="42503216" timestamp="2016-09-28T19:37:24Z" user="LarsMouland_import" uid="4537757" lat="59.9679979" lon="10.5830898"/>
 <node id="2289211837" visible="true" version="2" changeset="42503216" timestamp="2016-09-28T19:37:24Z" user="LarsMouland_import" uid="4537757" lat="59.9681043" lon="10.5847248"/>
 <node id="2289211838" visible="true" version="3" changeset="114098893" timestamp="2021-11-22T13:34:01Z" user="mappedby" uid="6607932" lat="59.9679694" lon="10.5909414"/>
 <node id="2289211839" visible="true" version="2" changeset="42503216" timestamp="2016-09-28T19:37:24Z" user="LarsMouland_import" uid="4537757" lat="59.9681830" lon="10.5842596"/>
 <node id="2289211840" visible="true" version="3" changeset="42503216" timestamp="2016-09-28T19:37:24Z" user="LarsMouland_import" uid="4537757" lat="59.9685860" lon="10.5926641"/>
 <node id="2289211841" visible="true" version="4" changeset="114098893" timestamp="2021-11-22T13:34:01Z" user="mappedby" uid="6607932" lat="59.9684812" lon="10.5924918"/>
 <node id="2289211842" visible="true" version="2" changeset="42503216" timestamp="2016-09-28T19:37:24Z" user="LarsMouland_import" uid="4537757" lat="59.9692443" lon="10.5939893"/>
 <node id="2289211843" visible="true" version="2" changeset="42503216" timestamp="2016-09-28T19:37:24Z" user="LarsMouland_import" uid="4537757" lat="59.9695243" lon="10.5936367"/>
 <node id="2289211844" visible="true" version="2" changeset="42503216" timestamp="2016-09-28T19:37:24Z" user="LarsMouland_import" uid="4537757" lat="59.9702696" lon="10.5954718"/>
 <node id="2289211845" visible="true" version="2" changeset="42503216" timestamp="2016-09-28T19:37:24Z" user="LarsMouland_import" uid="4537757" lat="59.9708855" lon="10.5921365"/>
 <node id="2289211846" visible="true" version="2" changeset="42503216" timestamp="2016-09-28T19:37:24Z" user="LarsMouland_import" uid="4537757" lat="59.9708201" lon="10.5915959"/>
 <node id="2291068600" visible="true" version="1" changeset="15968343" timestamp="2013-05-04T08:31:37Z" user="vibrog" uid="11992" lat="59.9535913" lon="10.6084609"/>
 <node id="2291068601" visible="true" version="1" changeset="15968343" timestamp="2013-05-04T08:31:37Z" user="vibrog" uid="11992" lat="59.9537548" lon="10.6080876"/>
 <node id="2291068602" visible="true" version="1" changeset="15968343" timestamp="2013-05-04T08:31:37Z" user="vibrog" uid="11992" lat="59.9540274" lon="10.6078232"/>
 <node id="2291068603" visible="true" version="1" changeset="15968343" timestamp="2013-05-04T08:31:37Z" user="vibrog" uid="11992" lat="59.9543232" lon="10.6077610"/>
 <node id="2291068604" visible="true" version="1" changeset="15968343" timestamp="2013-05-04T08:31:37Z" user="vibrog" uid="11992" lat="59.9547203" lon="10.6069057"/>
 <node id="2291068609" visible="true" version="1" changeset="15968343" timestamp="2013-05-04T08:31:37Z" user="vibrog" uid="11992" lat="59.9554600" lon="10.6061281"/>
 <node id="2291068621" visible="true" version="1" changeset="15968343" timestamp="2013-05-04T08:31:37Z" user="vibrog" uid="11992" lat="59.9561608" lon="10.6054594"/>
 <node id="2291068632" visible="true" version="1" changeset="15968343" timestamp="2013-05-04T08:31:38Z" user="vibrog" uid="11992" lat="59.9567992" lon="10.6056305"/>
 <node id="2291068642" visible="true" version="1" changeset="15968343" timestamp="2013-05-04T08:31:38Z" user="vibrog" uid="11992" lat="59.9571062" lon="10.6058144"/>
 <node id="2291068650" visible="true" version="1" changeset="15968343" timestamp="2013-05-04T08:31:38Z" user="vibrog" uid="11992" lat="59.9572430" lon="10.6056305"/>
 <node id="2291068653" visible="true" version="1" changeset="15968343" timestamp="2013-05-04T08:31:38Z" user="vibrog" uid="11992" lat="59.9573287" lon="10.6053817"/>
 <node id="2291068662" visible="true" version="1" changeset="15968343" timestamp="2013-05-04T08:31:38Z" user="vibrog" uid="11992" lat="59.9576663" lon="10.6051336"/>
 <node id="2291068669" visible="true" version="1" changeset="15968343" timestamp="2013-05-04T08:31:39Z" user="vibrog" uid="11992" lat="59.9578425" lon="10.6033755"/>
 <node id="2291068671" visible="true" version="1" changeset="15968343" timestamp="2013-05-04T08:31:39Z" user="vibrog" uid="11992" lat="59.9578737" lon="10.6046196"/>
 <node id="2291068672" visible="true" version="1" changeset="15968343" timestamp="2013-05-04T08:31:39Z" user="vibrog" uid="11992" lat="59.9579478" lon="10.6031149"/>
 <node id="2291068673" visible="true" version="1" changeset="15968343" timestamp="2013-05-04T08:31:39Z" user="vibrog" uid="11992" lat="59.9579515" lon="10.6027379"/>
 <node id="2291068680" visible="true" version="1" changeset="15968343" timestamp="2013-05-04T08:31:39Z" user="vibrog" uid="11992" lat="59.9580683" lon="10.6025357"/>
 <node id="2291068692" visible="true" version="1" changeset="15968343" timestamp="2013-05-04T08:31:39Z" user="vibrog" uid="11992" lat="59.9584965" lon="10.6025980"/>
 <node id="2291068710" visible="true" version="1" changeset="15968343" timestamp="2013-05-04T08:31:40Z" user="vibrog" uid="11992" lat="59.9589325" lon="10.6024580"/>
 <node id="2291068729" visible="true" version="1" changeset="15968343" timestamp="2013-05-04T08:31:41Z" user="vibrog" uid="11992" lat="59.9593465" lon="10.6015761"/>
 <node id="2291068732" visible="true" version="1" changeset="15968343" timestamp="2013-05-04T08:31:41Z" user="vibrog" uid="11992" lat="59.9594386" lon="10.6014160"/>
 <node id="2291068737" visible="true" version="1" changeset="15968343" timestamp="2013-05-04T08:31:41Z" user="vibrog" uid="11992" lat="59.9595920" lon="10.6013784"/>
 <node id="2291068738" visible="true" version="1" changeset="15968343" timestamp="2013-05-04T08:31:41Z" user="vibrog" uid="11992" lat="59.9596974" lon="10.5944328"/>
 <node id="2291068741" visible="true" version="1" changeset="15968343" timestamp="2013-05-04T08:31:41Z" user="vibrog" uid="11992" lat="59.9597246" lon="10.6015240"/>
 <node id="2291068742" visible="true" version="1" changeset="15968343" timestamp="2013-05-04T08:31:41Z" user="vibrog" uid="11992" lat="59.9597436" lon="10.5951525"/>
 <node id="2291068744" visible="true" version="2" changeset="42503296" timestamp="2016-09-28T19:41:17Z" user="LarsMouland_import" uid="4537757" lat="59.9597835" lon="10.5943094"/>
 <node id="2291068745" visible="true" version="1" changeset="15968343" timestamp="2013-05-04T08:31:41Z" user="vibrog" uid="11992" lat="59.9598059" lon="10.5952069"/>
 <node id="2291068749" visible="true" version="1" changeset="15968343" timestamp="2013-05-04T08:31:41Z" user="vibrog" uid="11992" lat="59.9598876" lon="10.5950437"/>
 <node id="2291068751" visible="true" version="1" changeset="15968343" timestamp="2013-05-04T08:31:41Z" user="vibrog" uid="11992" lat="59.9598979" lon="10.6018048"/>
 <node id="2291068752" visible="true" version="1" changeset="15968343" timestamp="2013-05-04T08:31:41Z" user="vibrog" uid="11992" lat="59.9599809" lon="10.5943888"/>
 <node id="2291068753" visible="true" version="1" changeset="15968343" timestamp="2013-05-04T08:31:41Z" user="vibrog" uid="11992" lat="59.9600201" lon="10.5950843"/>
 <node id="2291068754" visible="true" version="1" changeset="15968343" timestamp="2013-05-04T08:31:41Z" user="vibrog" uid="11992" lat="59.9600351" lon="10.5960836"/>
 <node id="2291068755" visible="true" version="1" changeset="15968343" timestamp="2013-05-04T08:31:41Z" user="vibrog" uid="11992" lat="59.9600458" lon="10.6019292"/>
 <node id="2291068757" visible="true" version="1" changeset="15968343" timestamp="2013-05-04T08:31:41Z" user="vibrog" uid="11992" lat="59.9600957" lon="10.5953193"/>
 <node id="2291068758" visible="true" version="1" changeset="15968343" timestamp="2013-05-04T08:31:41Z" user="vibrog" uid="11992" lat="59.9601796" lon="10.5946471"/>
 <node id="2291068760" visible="true" version="1" changeset="15968343" timestamp="2013-05-04T08:31:41Z" user="vibrog" uid="11992" lat="59.9603224" lon="10.6017258"/>
 <node id="2291068762" visible="true" version="1" changeset="15968343" timestamp="2013-05-04T08:31:41Z" user="vibrog" uid="11992" lat="59.9604793" lon="10.6005022"/>
 <node id="2291068763" visible="true" version="1" changeset="15968343" timestamp="2013-05-04T08:31:41Z" user="vibrog" uid="11992" lat="59.9604860" lon="10.5969522"/>
 <node id="2291068764" visible="true" version="1" changeset="15968343" timestamp="2013-05-04T08:31:41Z" user="vibrog" uid="11992" lat="59.9605260" lon="10.6003467"/>
 <node id="2291068765" visible="true" version="1" changeset="15968343" timestamp="2013-05-04T08:31:41Z" user="vibrog" uid="11992" lat="59.9605701" lon="10.6016928"/>
 <node id="2291068767" visible="true" version="1" changeset="15968343" timestamp="2013-05-04T08:31:41Z" user="vibrog" uid="11992" lat="59.9605976" lon="10.6008131"/>
 <node id="2291068768" visible="true" version="1" changeset="15968343" timestamp="2013-05-04T08:31:41Z" user="vibrog" uid="11992" lat="59.9606361" lon="10.6014509"/>
 <node id="2291068769" visible="true" version="1" changeset="15968343" timestamp="2013-05-04T08:31:41Z" user="vibrog" uid="11992" lat="59.9606622" lon="10.5977729"/>
 <node id="2291068771" visible="true" version="1" changeset="15968343" timestamp="2013-05-04T08:31:41Z" user="vibrog" uid="11992" lat="59.9606947" lon="10.5943717"/>
 <node id="2291068773" visible="true" version="1" changeset="15968343" timestamp="2013-05-04T08:31:41Z" user="vibrog" uid="11992" lat="59.9607006" lon="10.5973260"/>
 <node id="2291068774" visible="true" version="1" changeset="15968343" timestamp="2013-05-04T08:31:41Z" user="vibrog" uid="11992" lat="59.9607206" lon="10.5998724"/>
 <node id="2291068776" visible="true" version="1" changeset="15968343" timestamp="2013-05-04T08:31:41Z" user="vibrog" uid="11992" lat="59.9608448" lon="10.5941653"/>
 <node id="2291068778" visible="true" version="1" changeset="15968343" timestamp="2013-05-04T08:31:42Z" user="vibrog" uid="11992" lat="59.9608685" lon="10.5989860"/>
 <node id="2291068781" visible="true" version="1" changeset="15968343" timestamp="2013-05-04T08:31:42Z" user="vibrog" uid="11992" lat="59.9609732" lon="10.5935277"/>
 <node id="2291068793" visible="true" version="1" changeset="15968343" timestamp="2013-05-04T08:31:42Z" user="vibrog" uid="11992" lat="59.9615799" lon="10.5999734"/>
 <node id="2291068794" visible="true" version="1" changeset="15968343" timestamp="2013-05-04T08:31:42Z" user="vibrog" uid="11992" lat="59.9616402" lon="10.5997323"/>
 <node id="2291068795" visible="true" version="2" changeset="16342665" timestamp="2013-05-29T19:34:51Z" user="vibrog" uid="11992" lat="59.9616525" lon="10.5942546"/>
 <node id="2291068797" visible="true" version="1" changeset="15968343" timestamp="2013-05-04T08:31:42Z" user="vibrog" uid="11992" lat="59.9620139" lon="10.5999112"/>
 <node id="2291068798" visible="true" version="1" changeset="15968343" timestamp="2013-05-04T08:31:42Z" user="vibrog" uid="11992" lat="59.9620917" lon="10.5990831"/>
 <node id="2291068802" visible="true" version="1" changeset="15968343" timestamp="2013-05-04T08:31:42Z" user="vibrog" uid="11992" lat="59.9622104" lon="10.6002222"/>
 <node id="2291068803" visible="true" version="1" changeset="15968343" timestamp="2013-05-04T08:31:42Z" user="vibrog" uid="11992" lat="59.9622786" lon="10.5984260"/>
 <node id="2291068804" visible="true" version="1" changeset="15968343" timestamp="2013-05-04T08:31:42Z" user="vibrog" uid="11992" lat="59.9623157" lon="10.5936229"/>
 <node id="2291068805" visible="true" version="1" changeset="15968343" timestamp="2013-05-04T08:31:42Z" user="vibrog" uid="11992" lat="59.9623478" lon="10.5941390"/>
 <node id="2291068807" visible="true" version="1" changeset="15968343" timestamp="2013-05-04T08:31:42Z" user="vibrog" uid="11992" lat="59.9624751" lon="10.6001483"/>
 <node id="2291068808" visible="true" version="1" changeset="15968343" timestamp="2013-05-04T08:31:42Z" user="vibrog" uid="11992" lat="59.9625442" lon="10.5941287"/>
 <node id="2291068809" visible="true" version="1" changeset="15968343" timestamp="2013-05-04T08:31:42Z" user="vibrog" uid="11992" lat="59.9625666" lon="10.5976679"/>
 <node id="2291068812" visible="true" version="1" changeset="15968343" timestamp="2013-05-04T08:31:42Z" user="vibrog" uid="11992" lat="59.9626658" lon="10.6003544"/>
 <node id="2291068814" visible="true" version="1" changeset="15968343" timestamp="2013-05-04T08:31:42Z" user="vibrog" uid="11992" lat="59.9627836" lon="10.5941672"/>
 <node id="2291068817" visible="true" version="1" changeset="15968343" timestamp="2013-05-04T08:31:43Z" user="vibrog" uid="11992" lat="59.9628256" lon="10.5999993"/>
 <node id="2291068821" visible="true" version="1" changeset="15968343" timestamp="2013-05-04T08:31:43Z" user="vibrog" uid="11992" lat="59.9629947" lon="10.5997945"/>
 <node id="2291068829" visible="true" version="1" changeset="15968343" timestamp="2013-05-04T08:31:43Z" user="vibrog" uid="11992" lat="59.9634852" lon="10.5985388"/>
 <node id="2291068830" visible="true" version="1" changeset="15968343" timestamp="2013-05-04T08:31:43Z" user="vibrog" uid="11992" lat="59.9635007" lon="10.5995340"/>
 <node id="2291068842" visible="true" version="1" changeset="15968343" timestamp="2013-05-04T08:31:43Z" user="vibrog" uid="11992" lat="59.9640828" lon="10.5991362"/>
 <node id="2291068843" visible="true" version="1" changeset="15968343" timestamp="2013-05-04T08:31:43Z" user="vibrog" uid="11992" lat="59.9642226" lon="10.5943012"/>
 <node id="2291068844" visible="true" version="1" changeset="15968343" timestamp="2013-05-04T08:31:43Z" user="vibrog" uid="11992" lat="59.9642443" lon="10.5978570"/>
 <node id="2291068847" visible="true" version="1" changeset="15968343" timestamp="2013-05-04T08:31:43Z" user="vibrog" uid="11992" lat="59.9643599" lon="10.5940997"/>
 <node id="2291068851" visible="true" version="1" changeset="15968343" timestamp="2013-05-04T08:31:43Z" user="vibrog" uid="11992" lat="59.9645070" lon="10.5990778"/>
 <node id="2291068852" visible="true" version="1" changeset="15968343" timestamp="2013-05-04T08:31:43Z" user="vibrog" uid="11992" lat="59.9645109" lon="10.5982031"/>
 <node id="2291068853" visible="true" version="1" changeset="15968343" timestamp="2013-05-04T08:31:43Z" user="vibrog" uid="11992" lat="59.9645126" lon="10.5937306"/>
 <node id="2291068865" visible="true" version="1" changeset="15968343" timestamp="2013-05-04T08:31:44Z" user="vibrog" uid="11992" lat="59.9646899" lon="10.5991556"/>
 <node id="2291068872" visible="true" version="1" changeset="15968343" timestamp="2013-05-04T08:31:44Z" user="vibrog" uid="11992" lat="59.9648185" lon="10.5931548">
  <tag k="ford" v="yes"/>
 </node>
 <node id="2291068873" visible="true" version="1" changeset="15968343" timestamp="2013-05-04T08:31:44Z" user="vibrog" uid="11992" lat="59.9648339" lon="10.5985296"/>
 <node id="2291068874" visible="true" version="1" changeset="15968343" timestamp="2013-05-04T08:31:44Z" user="vibrog" uid="11992" lat="59.9648359" lon="10.5988018"/>
 <node id="2291068877" visible="true" version="2" changeset="50132690" timestamp="2017-07-08T14:34:24Z" user="vibrog" uid="11992" lat="59.9649166" lon="10.5968036"/>
 <node id="2291068884" visible="true" version="1" changeset="15968343" timestamp="2013-05-04T08:31:44Z" user="vibrog" uid="11992" lat="59.9650565" lon="10.5928469"/>
 <node id="2291068888" visible="true" version="1" changeset="15968343" timestamp="2013-05-04T08:31:44Z" user="vibrog" uid="11992" lat="59.9650842" lon="10.5957888"/>
 <node id="2291068889" visible="true" version="1" changeset="15968343" timestamp="2013-05-04T08:31:44Z" user="vibrog" uid="11992" lat="59.9650924" lon="10.5891944"/>
 <node id="2291068893" visible="true" version="1" changeset="15968343" timestamp="2013-05-04T08:31:45Z" user="vibrog" uid="11992" lat="59.9651858" lon="10.5889145"/>
 <node id="2291068900" visible="true" version="2" changeset="16750141" timestamp="2013-06-29T10:37:21Z" user="vibrog" uid="11992" lat="59.9653512" lon="10.5883050"/>
 <node id="2291068902" visible="true" version="1" changeset="15968343" timestamp="2013-05-04T08:31:45Z" user="vibrog" uid="11992" lat="59.9654427" lon="10.5881680"/>
 <node id="2291068903" visible="true" version="2" changeset="59588573" timestamp="2018-06-06T05:31:12Z" user="Henningur" uid="7361057" lat="59.9653642" lon="10.5896730"/>
 <node id="2291068904" visible="true" version="1" changeset="15968343" timestamp="2013-05-04T08:31:45Z" user="vibrog" uid="11992" lat="59.9655873" lon="10.5912287"/>
 <node id="2291068905" visible="true" version="1" changeset="15968343" timestamp="2013-05-04T08:31:45Z" user="vibrog" uid="11992" lat="59.9655983" lon="10.5880436"/>
 <node id="2291068909" visible="true" version="2" changeset="16750141" timestamp="2013-06-29T10:37:21Z" user="vibrog" uid="11992" lat="59.9657935" lon="10.5912709"/>
 <node id="2291068910" visible="true" version="2" changeset="16750141" timestamp="2013-06-29T10:37:21Z" user="vibrog" uid="11992" lat="59.9657771" lon="10.5898320"/>
 <node id="2291068914" visible="true" version="1" changeset="15968343" timestamp="2013-05-04T08:31:45Z" user="vibrog" uid="11992" lat="59.9660342" lon="10.5875926"/>
 <node id="2291068918" visible="true" version="1" changeset="15968343" timestamp="2013-05-04T08:31:45Z" user="vibrog" uid="11992" lat="59.9661899" lon="10.5873594"/>
 <node id="2291068919" visible="true" version="1" changeset="15968343" timestamp="2013-05-04T08:31:45Z" user="vibrog" uid="11992" lat="59.9662197" lon="10.5906383"/>
 <node id="2291068921" visible="true" version="1" changeset="15968343" timestamp="2013-05-04T08:31:45Z" user="vibrog" uid="11992" lat="59.9663611" lon="10.5869239"/>
 <node id="2291068922" visible="true" version="1" changeset="15968343" timestamp="2013-05-04T08:31:45Z" user="vibrog" uid="11992" lat="59.9665869" lon="10.5865818"/>
 <node id="2291068923" visible="true" version="1" changeset="15968343" timestamp="2013-05-04T08:31:45Z" user="vibrog" uid="11992" lat="59.9666242" lon="10.5905943"/>
 <node id="2291068926" visible="true" version="1" changeset="15968343" timestamp="2013-05-04T08:31:46Z" user="vibrog" uid="11992" lat="59.9667928" lon="10.5928926"/>
 <node id="2291068929" visible="true" version="1" changeset="15968343" timestamp="2013-05-04T08:31:46Z" user="vibrog" uid="11992" lat="59.9670458" lon="10.5930637"/>
 <node id="2291068930" visible="true" version="2" changeset="45011149" timestamp="2017-01-08T20:29:16Z" user="vibrog" uid="11992" lat="59.9670673" lon="10.5859710"/>
 <node id="2291068931" visible="true" version="1" changeset="15968343" timestamp="2013-05-04T08:31:46Z" user="vibrog" uid="11992" lat="59.9670541" lon="10.5907454"/>
 <node id="2291068932" visible="true" version="1" changeset="15968343" timestamp="2013-05-04T08:31:46Z" user="vibrog" uid="11992" lat="59.9671120" lon="10.5931259"/>
 <node id="2291068933" visible="true" version="1" changeset="15968343" timestamp="2013-05-04T08:31:46Z" user="vibrog" uid="11992" lat="59.9671395" lon="10.5860375"/>
 <node id="2291068934" visible="true" version="1" changeset="15968343" timestamp="2013-05-04T08:31:46Z" user="vibrog" uid="11992" lat="59.9671862" lon="10.5933223"/>
 <node id="2291068935" visible="true" version="1" changeset="15968343" timestamp="2013-05-04T08:31:46Z" user="vibrog" uid="11992" lat="59.9672054" lon="10.5927293"/>
 <node id="2291068936" visible="true" version="1" changeset="15968343" timestamp="2013-05-04T08:31:46Z" user="vibrog" uid="11992" lat="59.9672551" lon="10.5933702"/>
 <node id="2291068937" visible="true" version="1" changeset="15968343" timestamp="2013-05-04T08:31:46Z" user="vibrog" uid="11992" lat="59.9672637" lon="10.5923794"/>
 <node id="2291068938" visible="true" version="1" changeset="15968343" timestamp="2013-05-04T08:31:46Z" user="vibrog" uid="11992" lat="59.9672797" lon="10.5886962"/>
 <node id="2291068939" visible="true" version="1" changeset="15968343" timestamp="2013-05-04T08:31:46Z" user="vibrog" uid="11992" lat="59.9672798" lon="10.5870799"/>
 <node id="2291068940" visible="true" version="3" changeset="26480631" timestamp="2014-11-01T12:32:28Z" user="vibrog" uid="11992" lat="59.9672831" lon="10.5909473"/>
 <node id="2291068941" visible="true" version="1" changeset="15968343" timestamp="2013-05-04T08:31:46Z" user="vibrog" uid="11992" lat="59.9673045" lon="10.5883168"/>
 <node id="2291068942" visible="true" version="1" changeset="15968343" timestamp="2013-05-04T08:31:46Z" user="vibrog" uid="11992" lat="59.9673073" lon="10.5871624"/>
 <node id="2291068943" visible="true" version="2" changeset="134342025" timestamp="2023-03-31T11:55:55Z" user="PulisakZ" uid="9026132" lat="59.9673102" lon="10.5890621"/>
 <node id="2291068944" visible="true" version="2" changeset="16342116" timestamp="2013-05-29T18:54:57Z" user="vibrog" uid="11992" lat="59.9672551" lon="10.5945854"/>
 <node id="2291068945" visible="true" version="1" changeset="15968343" timestamp="2013-05-04T08:31:46Z" user="vibrog" uid="11992" lat="59.9673265" lon="10.5904227"/>
 <node id="2291068946" visible="true" version="1" changeset="15968343" timestamp="2013-05-04T08:31:46Z" user="vibrog" uid="11992" lat="59.9673272" lon="10.5866137"/>
 <node id="2291068947" visible="true" version="1" changeset="15968343" timestamp="2013-05-04T08:31:46Z" user="vibrog" uid="11992" lat="59.9673292" lon="10.5882179"/>
 <node id="2291068948" visible="true" version="1" changeset="15968343" timestamp="2013-05-04T08:31:46Z" user="vibrog" uid="11992" lat="59.9673494" lon="10.5919595"/>
 <node id="2291068949" visible="true" version="1" changeset="15968343" timestamp="2013-05-04T08:31:46Z" user="vibrog" uid="11992" lat="59.9673540" lon="10.5893670"/>
 <node id="2291068950" visible="true" version="1" changeset="15968343" timestamp="2013-05-04T08:31:46Z" user="vibrog" uid="11992" lat="59.9673568" lon="10.5900763"/>
 <node id="2291068951" visible="true" version="1" changeset="15968343" timestamp="2013-05-04T08:31:46Z" user="vibrog" uid="11992" lat="59.9673870" lon="10.5903292"/>
 <node id="2291068952" visible="true" version="1" changeset="15968343" timestamp="2013-05-04T08:31:46Z" user="vibrog" uid="11992" lat="59.9673999" lon="10.5933747"/>
 <node id="2291068953" visible="true" version="2" changeset="26480631" timestamp="2014-11-01T12:32:28Z" user="vibrog" uid="11992" lat="59.9674367" lon="10.5910508"/>
 <node id="2291068954" visible="true" version="1" changeset="15968343" timestamp="2013-05-04T08:31:46Z" user="vibrog" uid="11992" lat="59.9674817" lon="10.5929393"/>
 <node id="2291068955" visible="true" version="1" changeset="15968343" timestamp="2013-05-04T08:31:46Z" user="vibrog" uid="11992" lat="59.9674889" lon="10.5881134"/>
 <node id="2291068956" visible="true" version="1" changeset="15968343" timestamp="2013-05-04T08:31:46Z" user="vibrog" uid="11992" lat="59.9674933" lon="10.5921695"/>
 <node id="2291068957" visible="true" version="1" changeset="15968343" timestamp="2013-05-04T08:31:46Z" user="vibrog" uid="11992" lat="59.9675089" lon="10.5915163"/>
 <node id="2291068958" visible="true" version="1" changeset="15968343" timestamp="2013-05-04T08:31:46Z" user="vibrog" uid="11992" lat="59.9675284" lon="10.5918274"/>
 <node id="2291068959" visible="true" version="1" changeset="15968343" timestamp="2013-05-04T08:31:46Z" user="vibrog" uid="11992" lat="59.9675867" lon="10.5935769"/>
 <node id="2291068960" visible="true" version="1" changeset="15968343" timestamp="2013-05-04T08:31:46Z" user="vibrog" uid="11992" lat="59.9677074" lon="10.5922550"/>
 <node id="2291068961" visible="true" version="1" changeset="15968343" timestamp="2013-05-04T08:31:46Z" user="vibrog" uid="11992" lat="59.9677387" lon="10.5882559"/>
 <node id="2291068962" visible="true" version="1" changeset="15968343" timestamp="2013-05-04T08:31:46Z" user="vibrog" uid="11992" lat="59.9677471" lon="10.5935928"/>
 <node id="2291068963" visible="true" version="3" changeset="114098893" timestamp="2021-11-22T13:34:01Z" user="mappedby" uid="6607932" lat="59.9677245" lon="10.5894218"/>
 <node id="2291106386" visible="true" version="1" changeset="15968838" timestamp="2013-05-04T09:17:39Z" user="vibrog" uid="11992" lat="59.9685379" lon="10.5735592"/>
 <node id="2291106393" visible="true" version="1" changeset="15968838" timestamp="2013-05-04T09:17:39Z" user="vibrog" uid="11992" lat="59.9687540" lon="10.5736227"/>
 <node id="2291106395" visible="true" version="1" changeset="15968838" timestamp="2013-05-04T09:17:39Z" user="vibrog" uid="11992" lat="59.9689988" lon="10.5739783"/>
 <node id="2291106397" visible="true" version="1" changeset="15968838" timestamp="2013-05-04T09:17:39Z" user="vibrog" uid="11992" lat="59.9691449" lon="10.5739910"/>
 <node id="2291106399" visible="true" version="1" changeset="15968838" timestamp="2013-05-04T09:17:39Z" user="vibrog" uid="11992" lat="59.9694056" lon="10.5739211"/>
 <node id="2291106401" visible="true" version="1" changeset="15968838" timestamp="2013-05-04T09:17:39Z" user="vibrog" uid="11992" lat="59.9697297" lon="10.5742323"/>
 <node id="2291106403" visible="true" version="3" changeset="44130300" timestamp="2016-12-03T06:22:37Z" user="vibrog" uid="11992" lat="59.9701129" lon="10.5746384"/>
 <node id="2291106404" visible="true" version="1" changeset="15968838" timestamp="2013-05-04T09:17:39Z" user="vibrog" uid="11992" lat="59.9707049" lon="10.5750216"/>
 <node id="2291106406" visible="true" version="3" changeset="97864291" timestamp="2021-01-20T23:18:45Z" user="Ojan" uid="91295" lat="59.9709853" lon="10.5752391"/>
 <node id="2291106427" visible="true" version="2" changeset="97864291" timestamp="2021-01-20T23:18:45Z" user="Ojan" uid="91295" lat="59.9719433" lon="10.5754010"/>
 <node id="2291106433" visible="true" version="2" changeset="16258879" timestamp="2013-05-23T22:23:29Z" user="vibrog" uid="11992" lat="59.9721553" lon="10.5765944"/>
 <node id="2291106435" visible="true" version="1" changeset="15968838" timestamp="2013-05-04T09:17:39Z" user="vibrog" uid="11992" lat="59.9725430" lon="10.5755514"/>
 <node id="2291106441" visible="true" version="2" changeset="16258879" timestamp="2013-05-23T22:23:29Z" user="vibrog" uid="11992" lat="59.9722778" lon="10.5763745"/>
 <node id="2291106447" visible="true" version="2" changeset="16258879" timestamp="2013-05-23T22:23:29Z" user="vibrog" uid="11992" lat="59.9725864" lon="10.5757366"/>
 <node id="2291106451" visible="true" version="2" changeset="97864291" timestamp="2021-01-20T23:18:45Z" user="Ojan" uid="91295" lat="59.9729284" lon="10.5752267"/>
 <node id="2291106455" visible="true" version="2" changeset="16258879" timestamp="2013-05-23T22:23:29Z" user="vibrog" uid="11992" lat="59.9730498" lon="10.5752939"/>
 <node id="2291106457" visible="true" version="2" changeset="97864291" timestamp="2021-01-20T23:18:45Z" user="Ojan" uid="91295" lat="59.9731110" lon="10.5752197"/>
 <node id="2291106461" visible="true" version="2" changeset="16258879" timestamp="2013-05-23T22:23:29Z" user="vibrog" uid="11992" lat="59.9731587" lon="10.5752419"/>
 <node id="2291106469" visible="true" version="1" changeset="15968838" timestamp="2013-05-04T09:17:40Z" user="vibrog" uid="11992" lat="59.9731924" lon="10.5751428"/>
 <node id="2291106494" visible="true" version="2" changeset="16258879" timestamp="2013-05-23T22:23:29Z" user="vibrog" uid="11992" lat="59.9734058" lon="10.5742673"/>
 <node id="2291106501" visible="true" version="1" changeset="15968838" timestamp="2013-05-04T09:17:40Z" user="vibrog" uid="11992" lat="59.9735721" lon="10.5737732"/>
 <node id="2291106503" visible="true" version="1" changeset="15968838" timestamp="2013-05-04T09:17:40Z" user="vibrog" uid="11992" lat="59.9736238" lon="10.5736026"/>
 <node id="2291106506" visible="true" version="1" changeset="15968838" timestamp="2013-05-04T09:17:40Z" user="vibrog" uid="11992" lat="59.9737070" lon="10.5731760"/>
 <node id="2291106514" visible="true" version="1" changeset="15968838" timestamp="2013-05-04T09:17:40Z" user="vibrog" uid="11992" lat="59.9738193" lon="10.5729560"/>
 <node id="2291106523" visible="true" version="1" changeset="15968838" timestamp="2013-05-04T09:17:41Z" user="vibrog" uid="11992" lat="59.9739114" lon="10.5728752"/>
 <node id="2291106529" visible="true" version="2" changeset="42503216" timestamp="2016-09-28T19:37:24Z" user="LarsMouland_import" uid="4537757" lat="59.9742902" lon="10.5720071"/>
 <node id="2314267491" visible="true" version="2" changeset="42503216" timestamp="2016-09-28T19:37:24Z" user="LarsMouland_import" uid="4537757" lat="59.9665068" lon="10.5768434"/>
 <node id="2314267492" visible="true" version="2" changeset="42503216" timestamp="2016-09-28T19:37:24Z" user="LarsMouland_import" uid="4537757" lat="59.9664497" lon="10.5790688"/>
 <node id="2314267493" visible="true" version="2" changeset="42503216" timestamp="2016-09-28T19:37:24Z" user="LarsMouland_import" uid="4537757" lat="59.9668397" lon="10.5767118"/>
 <node id="2314267494" visible="true" version="3" changeset="114098893" timestamp="2021-11-22T13:34:01Z" user="mappedby" uid="6607932" lat="59.9668100" lon="10.5743914"/>
 <node id="2314267495" visible="true" version="3" changeset="114098893" timestamp="2021-11-22T13:34:01Z" user="mappedby" uid="6607932" lat="59.9668556" lon="10.5746527"/>
 <node id="2314267496" visible="true" version="2" changeset="16230846" timestamp="2013-05-21T21:41:30Z" user="vibrog" uid="11992" lat="59.9668502" lon="10.5717450"/>
 <node id="2314267497" visible="true" version="3" changeset="114098893" timestamp="2021-11-22T13:34:01Z" user="mappedby" uid="6607932" lat="59.9669169" lon="10.5719475"/>
 <node id="2314267498" visible="true" version="3" changeset="42503216" timestamp="2016-09-28T19:37:25Z" user="LarsMouland_import" uid="4537757" lat="59.9670585" lon="10.5712445"/>
 <node id="2314267499" visible="true" version="2" changeset="42503216" timestamp="2016-09-28T19:37:25Z" user="LarsMouland_import" uid="4537757" lat="59.9669945" lon="10.5713309"/>
 <node id="2314267500" visible="true" version="3" changeset="42503216" timestamp="2016-09-28T19:37:25Z" user="LarsMouland_import" uid="4537757" lat="59.9677584" lon="10.5712955"/>
 <node id="2314267501" visible="true" version="4" changeset="175793366" timestamp="2025-12-11T09:30:17Z" user="LandskapsLars" uid="22387387" lat="59.9682497" lon="10.5722652"/>
 <node id="2314267502" visible="true" version="2" changeset="42503216" timestamp="2016-09-28T19:37:25Z" user="LarsMouland_import" uid="4537757" lat="59.9682907" lon="10.5725926"/>
 <node id="2314267503" visible="true" version="2" changeset="42503216" timestamp="2016-09-28T19:37:25Z" user="LarsMouland_import" uid="4537757" lat="59.9681131" lon="10.5754798"/>
 <node id="2314267504" visible="true" version="1" changeset="16222052" timestamp="2013-05-21T10:23:37Z" user="vibrog" uid="11992" lat="59.9682404" lon="10.5722759"/>
 <node id="2315235300" visible="true" version="2" changeset="16231351" timestamp="2013-05-21T22:35:37Z" user="Gunnarw" uid="1471304" lat="59.9647945" lon="10.5747901"/>
 <node id="2315235302" visible="true" version="2" changeset="16231351" timestamp="2013-05-21T22:35:37Z" user="Gunnarw" uid="1471304" lat="59.9649610" lon="10.5763340"/>
 <node id="2315235303" visible="true" version="2" changeset="16231351" timestamp="2013-05-21T22:35:36Z" user="Gunnarw" uid="1471304" lat="59.9651213" lon="10.5755213"/>
 <node id="2315235304" visible="true" version="2" changeset="16231351" timestamp="2013-05-21T22:35:36Z" user="Gunnarw" uid="1471304" lat="59.9651006" lon="10.5761473"/>
 <node id="2315235305" visible="true" version="3" changeset="45129199" timestamp="2017-01-13T10:20:27Z" user="vibrog" uid="11992" lat="59.9651994" lon="10.5759128"/>
 <node id="2315235307" visible="true" version="2" changeset="16230846" timestamp="2013-05-21T21:41:30Z" user="vibrog" uid="11992" lat="59.9655523" lon="10.5761273"/>
 <node id="2315235310" visible="true" version="1" changeset="16230696" timestamp="2013-05-21T21:28:38Z" user="vibrog" uid="11992" lat="59.9657533" lon="10.5765783"/>
 <node id="2315235311" visible="true" version="1" changeset="16230696" timestamp="2013-05-21T21:28:38Z" user="vibrog" uid="11992" lat="59.9657990" lon="10.5747520"/>
 <node id="2315235312" visible="true" version="2" changeset="44130300" timestamp="2016-12-03T06:22:37Z" user="vibrog" uid="11992" lat="59.9658414" lon="10.5764925"/>
 <node id="2315235313" visible="true" version="1" changeset="16230696" timestamp="2013-05-21T21:28:38Z" user="vibrog" uid="11992" lat="59.9658056" lon="10.5749093"/>
 <node id="2315235314" visible="true" version="1" changeset="16230696" timestamp="2013-05-21T21:28:38Z" user="vibrog" uid="11992" lat="59.9658091" lon="10.5763685"/>
 <node id="2315235315" visible="true" version="1" changeset="16230696" timestamp="2013-05-21T21:28:38Z" user="vibrog" uid="11992" lat="59.9658909" lon="10.5750929"/>
 <node id="2315235316" visible="true" version="1" changeset="16230696" timestamp="2013-05-21T21:28:38Z" user="vibrog" uid="11992" lat="59.9659106" lon="10.5737949"/>
 <node id="2315235317" visible="true" version="1" changeset="16230696" timestamp="2013-05-21T21:28:38Z" user="vibrog" uid="11992" lat="59.9659204" lon="10.5734605"/>
 <node id="2315235318" visible="true" version="1" changeset="16230696" timestamp="2013-05-21T21:28:38Z" user="vibrog" uid="11992" lat="59.9659469" lon="10.5760014"/>
 <node id="2315235319" visible="true" version="1" changeset="16230696" timestamp="2013-05-21T21:28:38Z" user="vibrog" uid="11992" lat="59.9659598" lon="10.5743586"/>
 <node id="2315235320" visible="true" version="2" changeset="16230846" timestamp="2013-05-21T21:41:30Z" user="vibrog" uid="11992" lat="59.9659829" lon="10.5727742"/>
 <node id="2315235321" visible="true" version="1" changeset="16230696" timestamp="2013-05-21T21:28:39Z" user="vibrog" uid="11992" lat="59.9659795" lon="10.5741751"/>
 <node id="2315235322" visible="true" version="1" changeset="16230696" timestamp="2013-05-21T21:28:39Z" user="vibrog" uid="11992" lat="59.9660287" lon="10.5750470"/>
 <node id="2315235323" visible="true" version="2" changeset="44130300" timestamp="2016-12-03T06:22:37Z" user="vibrog" uid="11992" lat="59.9660305" lon="10.5756244"/>
 <node id="2315235324" visible="true" version="1" changeset="16230696" timestamp="2013-05-21T21:28:39Z" user="vibrog" uid="11992" lat="59.9660486" lon="10.5759030"/>
 <node id="2315235325" visible="true" version="2" changeset="16230846" timestamp="2013-05-21T21:41:30Z" user="vibrog" uid="11992" lat="59.9660418" lon="10.5729754"/>
 <node id="2315235326" visible="true" version="1" changeset="16230696" timestamp="2013-05-21T21:28:39Z" user="vibrog" uid="11992" lat="59.9661110" lon="10.5755556"/>
 <node id="2315235327" visible="true" version="1" changeset="16230696" timestamp="2013-05-21T21:28:39Z" user="vibrog" uid="11992" lat="59.9661895" lon="10.5748438"/>
 <node id="2315235328" visible="true" version="1" changeset="16230696" timestamp="2013-05-21T21:28:39Z" user="vibrog" uid="11992" lat="59.9662026" lon="10.5746143"/>
 <node id="2315235329" visible="true" version="1" changeset="16230696" timestamp="2013-05-21T21:28:39Z" user="vibrog" uid="11992" lat="59.9662849" lon="10.5746115"/>
 <node id="2315235330" visible="true" version="2" changeset="16231351" timestamp="2013-05-21T22:35:36Z" user="Gunnarw" uid="1471304" lat="59.9663502" lon="10.5748620"/>
 <node id="2315235331" visible="true" version="2" changeset="16231351" timestamp="2013-05-21T22:35:36Z" user="Gunnarw" uid="1471304" lat="59.9664367" lon="10.5751581"/>
 <node id="2315235332" visible="true" version="2" changeset="16231351" timestamp="2013-05-21T22:35:36Z" user="Gunnarw" uid="1471304" lat="59.9664216" lon="10.5748990"/>
 <node id="2315235333" visible="true" version="1" changeset="16230696" timestamp="2013-05-21T21:28:39Z" user="vibrog" uid="11992" lat="59.9665146" lon="10.5717991"/>
 <node id="2315235334" visible="true" version="2" changeset="16231351" timestamp="2013-05-21T22:35:37Z" user="Gunnarw" uid="1471304" lat="59.9664759" lon="10.5750267"/>
 <node id="2315235335" visible="true" version="2" changeset="16230846" timestamp="2013-05-21T21:41:30Z" user="vibrog" uid="11992" lat="59.9666087" lon="10.5718110"/>
 <node id="2315235336" visible="true" version="2" changeset="42503216" timestamp="2016-09-28T19:37:25Z" user="LarsMouland_import" uid="4537757" lat="59.9681109" lon="10.5765585"/>
 <node id="2315235337" visible="true" version="2" changeset="42503216" timestamp="2016-09-28T19:37:25Z" user="LarsMouland_import" uid="4537757" lat="59.9667755" lon="10.5752406"/>
 <node id="2315235338" visible="true" version="2" changeset="16230846" timestamp="2013-05-21T21:41:30Z" user="vibrog" uid="11992" lat="59.9668939" lon="10.5715659"/>
 <node id="2315235339" visible="true" version="2" changeset="16230846" timestamp="2013-05-21T21:41:30Z" user="vibrog" uid="11992" lat="59.9669767" lon="10.5714083"/>
 <node id="2315235340" visible="true" version="2" changeset="16230846" timestamp="2013-05-21T21:41:30Z" user="vibrog" uid="11992" lat="59.9670407" lon="10.5712053"/>
 <node id="2315235341" visible="true" version="3" changeset="16231351" timestamp="2013-05-21T22:35:37Z" user="Gunnarw" uid="1471304" lat="59.9673707" lon="10.5712957"/>
 <node id="2315235342" visible="true" version="4" changeset="42503216" timestamp="2016-09-28T19:37:25Z" user="LarsMouland_import" uid="4537757" lat="59.9675772" lon="10.5711905"/>
 <node id="2315235343" visible="true" version="1" changeset="16230696" timestamp="2013-05-21T21:28:39Z" user="vibrog" uid="11992" lat="59.9676977" lon="10.5711363"/>
 <node id="2315235344" visible="true" version="3" changeset="44130300" timestamp="2016-12-03T06:22:37Z" user="vibrog" uid="11992" lat="59.9677706" lon="10.5710234"/>
 <node id="2315242865" visible="true" version="1" changeset="16230846" timestamp="2013-05-21T21:41:27Z" user="vibrog" uid="11992" lat="59.9657456" lon="10.5726162"/>
 <node id="2315242866" visible="true" version="2" changeset="16231351" timestamp="2013-05-21T22:35:36Z" user="Gunnarw" uid="1471304" lat="59.9657442" lon="10.5729716"/>
 <node id="2315242867" visible="true" version="1" changeset="16230846" timestamp="2013-05-21T21:41:27Z" user="vibrog" uid="11992" lat="59.9657890" lon="10.5727669"/>
 <node id="2315242869" visible="true" version="1" changeset="16230846" timestamp="2013-05-21T21:41:27Z" user="vibrog" uid="11992" lat="59.9657928" lon="10.5721082"/>
 <node id="2315242876" visible="true" version="1" changeset="16230846" timestamp="2013-05-21T21:41:27Z" user="vibrog" uid="11992" lat="59.9659103" lon="10.5719775"/>
 <node id="2315242878" visible="true" version="2" changeset="44130300" timestamp="2016-12-03T06:22:37Z" user="vibrog" uid="11992" lat="59.9659006" lon="10.5775349"/>
 <node id="2315242880" visible="true" version="1" changeset="16230846" timestamp="2013-05-21T21:41:27Z" user="vibrog" uid="11992" lat="59.9659362" lon="10.5781198"/>
 <node id="2315242882" visible="true" version="1" changeset="16230846" timestamp="2013-05-21T21:41:28Z" user="vibrog" uid="11992" lat="59.9659460" lon="10.5778288"/>
 <node id="2315242890" visible="true" version="1" changeset="16230846" timestamp="2013-05-21T21:41:28Z" user="vibrog" uid="11992" lat="59.9659998" lon="10.5782485"/>
 <node id="2315242892" visible="true" version="1" changeset="16230846" timestamp="2013-05-21T21:41:28Z" user="vibrog" uid="11992" lat="59.9660085" lon="10.5720356"/>
 <node id="2315242894" visible="true" version="1" changeset="16230846" timestamp="2013-05-21T21:41:28Z" user="vibrog" uid="11992" lat="59.9660484" lon="10.5773844"/>
 <node id="2315242896" visible="true" version="1" changeset="16230846" timestamp="2013-05-21T21:41:28Z" user="vibrog" uid="11992" lat="59.9661211" lon="10.5718492"/>
 <node id="2315242899" visible="true" version="1" changeset="16230846" timestamp="2013-05-21T21:41:28Z" user="vibrog" uid="11992" lat="59.9661587" lon="10.5717137"/>
 <node id="2315242901" visible="true" version="1" changeset="16230846" timestamp="2013-05-21T21:41:28Z" user="vibrog" uid="11992" lat="59.9661976" lon="10.5720242"/>
 <node id="2315242903" visible="true" version="1" changeset="16230846" timestamp="2013-05-21T21:41:28Z" user="vibrog" uid="11992" lat="59.9662266" lon="10.5712758"/>
 <node id="2315242905" visible="true" version="1" changeset="16230846" timestamp="2013-05-21T21:41:28Z" user="vibrog" uid="11992" lat="59.9662350" lon="10.5716507"/>
 <node id="2315242907" visible="true" version="1" changeset="16230846" timestamp="2013-05-21T21:41:28Z" user="vibrog" uid="11992" lat="59.9662498" lon="10.5714951"/>
 <node id="2315242909" visible="true" version="1" changeset="16230846" timestamp="2013-05-21T21:41:28Z" user="vibrog" uid="11992" lat="59.9662884" lon="10.5772503"/>
 <node id="2315242911" visible="true" version="1" changeset="16230846" timestamp="2013-05-21T21:41:28Z" user="vibrog" uid="11992" lat="59.9664786" lon="10.5707675"/>
 <node id="2315242914" visible="true" version="1" changeset="16230846" timestamp="2013-05-21T21:41:28Z" user="vibrog" uid="11992" lat="59.9665085" lon="10.5706068"/>
 <node id="2315242916" visible="true" version="1" changeset="16230846" timestamp="2013-05-21T21:41:28Z" user="vibrog" uid="11992" lat="59.9665779" lon="10.5704625"/>
 <node id="2315242918" visible="true" version="1" changeset="16230846" timestamp="2013-05-21T21:41:28Z" user="vibrog" uid="11992" lat="59.9666947" lon="10.5703411"/>
 <node id="2315242921" visible="true" version="1" changeset="16230846" timestamp="2013-05-21T21:41:28Z" user="vibrog" uid="11992" lat="59.9668110" lon="10.5701038"/>
 <node id="2315242923" visible="true" version="1" changeset="16230846" timestamp="2013-05-21T21:41:28Z" user="vibrog" uid="11992" lat="59.9669128" lon="10.5701377"/>
 <node id="2315242925" visible="true" version="1" changeset="16230846" timestamp="2013-05-21T21:41:28Z" user="vibrog" uid="11992" lat="59.9669944" lon="10.5713132"/>
 <node id="2315242927" visible="true" version="1" changeset="16230846" timestamp="2013-05-21T21:41:28Z" user="vibrog" uid="11992" lat="59.9671042" lon="10.5701571"/>
 <node id="2315242928" visible="true" version="1" changeset="16230846" timestamp="2013-05-21T21:41:28Z" user="vibrog" uid="11992" lat="59.9674645" lon="10.5703716"/>
 <node id="2315242929" visible="true" version="1" changeset="16230846" timestamp="2013-05-21T21:41:28Z" user="vibrog" uid="11992" lat="59.9678925" lon="10.5711334"/>
 <node id="2315242930" visible="true" version="1" changeset="16230846" timestamp="2013-05-21T21:41:28Z" user="vibrog" uid="11992" lat="59.9679029" lon="10.5710442"/>
 <node id="2315257172" visible="true" version="2" changeset="42503216" timestamp="2016-09-28T19:37:25Z" user="LarsMouland_import" uid="4537757" lat="59.9675799" lon="10.5711974"/>
 <node id="2315257175" visible="true" version="1" changeset="16230905" timestamp="2013-05-21T21:47:04Z" user="vibrog" uid="11992" lat="59.9679063" lon="10.5713210"/>
 <node id="2315257177" visible="true" version="1" changeset="16230905" timestamp="2013-05-21T21:47:04Z" user="vibrog" uid="11992" lat="59.9679415" lon="10.5711621"/>
 <node id="2315257179" visible="true" version="1" changeset="16230905" timestamp="2013-05-21T21:47:04Z" user="vibrog" uid="11992" lat="59.9679589" lon="10.5716210"/>
 <node id="2315257181" visible="true" version="1" changeset="16230905" timestamp="2013-05-21T21:47:04Z" user="vibrog" uid="11992" lat="59.9680563" lon="10.5712319"/>
 <node id="2315257183" visible="true" version="1" changeset="16230905" timestamp="2013-05-21T21:47:04Z" user="vibrog" uid="11992" lat="59.9681212" lon="10.5714065"/>
 <node id="2315257185" visible="true" version="1" changeset="16230905" timestamp="2013-05-21T21:47:04Z" user="vibrog" uid="11992" lat="59.9681312" lon="10.5720350"/>
 <node id="2315257187" visible="true" version="1" changeset="16230905" timestamp="2013-05-21T21:47:04Z" user="vibrog" uid="11992" lat="59.9681462" lon="10.5716260"/>
 <node id="2315257189" visible="true" version="1" changeset="16230905" timestamp="2013-05-21T21:47:04Z" user="vibrog" uid="11992" lat="59.9682560" lon="10.5719153"/>
 <node id="2315257191" visible="true" version="1" changeset="16230905" timestamp="2013-05-21T21:47:04Z" user="vibrog" uid="11992" lat="59.9682776" lon="10.5726758"/>
 <node id="2315257193" visible="true" version="1" changeset="16230905" timestamp="2013-05-21T21:47:04Z" user="vibrog" uid="11992" lat="59.9683134" lon="10.5728281"/>
 <node id="2315257195" visible="true" version="1" changeset="16230905" timestamp="2013-05-21T21:47:04Z" user="vibrog" uid="11992" lat="59.9683883" lon="10.5726635"/>
 <node id="2315323427" visible="true" version="1" changeset="16231351" timestamp="2013-05-21T22:35:36Z" user="Gunnarw" uid="1471304" lat="59.9650966" lon="10.5758594"/>
 <node id="2315323429" visible="true" version="1" changeset="16231351" timestamp="2013-05-21T22:35:36Z" user="Gunnarw" uid="1471304" lat="59.9652902" lon="10.5731979"/>
 <node id="2315323431" visible="true" version="1" changeset="16231351" timestamp="2013-05-21T22:35:36Z" user="Gunnarw" uid="1471304" lat="59.9660036" lon="10.5725494"/>
 <node id="2315323433" visible="true" version="1" changeset="16231351" timestamp="2013-05-21T22:35:36Z" user="Gunnarw" uid="1471304" lat="59.9650260" lon="10.5751994"/>
 <node id="2315323439" visible="true" version="1" changeset="16231351" timestamp="2013-05-21T22:35:36Z" user="Gunnarw" uid="1471304" lat="59.9645196" lon="10.5744833"/>
 <node id="2315323441" visible="true" version="1" changeset="16231351" timestamp="2013-05-21T22:35:36Z" user="Gunnarw" uid="1471304" lat="59.9650101" lon="10.5763860"/>
 <node id="2315323445" visible="true" version="1" changeset="16231351" timestamp="2013-05-21T22:35:36Z" user="Gunnarw" uid="1471304" lat="59.9650633" lon="10.5760733"/>
 <node id="2315323447" visible="true" version="1" changeset="16231351" timestamp="2013-05-21T22:35:36Z" user="Gunnarw" uid="1471304" lat="59.9653911" lon="10.5731797"/>
 <node id="2315323451" visible="true" version="1" changeset="16231351" timestamp="2013-05-21T22:35:36Z" user="Gunnarw" uid="1471304" lat="59.9660831" lon="10.5722474"/>
 <node id="2315323453" visible="true" version="1" changeset="16231351" timestamp="2013-05-21T22:35:36Z" user="Gunnarw" uid="1471304" lat="59.9646804" lon="10.5736142"/>
 <node id="2315323457" visible="true" version="2" changeset="16231726" timestamp="2013-05-21T23:19:59Z" user="vibrog" uid="11992" lat="59.9662776" lon="10.5711276"/>
 <node id="2315323459" visible="true" version="1" changeset="16231351" timestamp="2013-05-21T22:35:36Z" user="Gunnarw" uid="1471304" lat="59.9674891" lon="10.5712024"/>
 <node id="2315323463" visible="true" version="1" changeset="16231351" timestamp="2013-05-21T22:35:36Z" user="Gunnarw" uid="1471304" lat="59.9654969" lon="10.5730885"/>
 <node id="2315323465" visible="true" version="1" changeset="16231351" timestamp="2013-05-21T22:35:36Z" user="Gunnarw" uid="1471304" lat="59.9655992" lon="10.5729801"/>
 <node id="2315323467" visible="true" version="1" changeset="16231351" timestamp="2013-05-21T22:35:36Z" user="Gunnarw" uid="1471304" lat="59.9650185" lon="10.5729388"/>
 <node id="2315364330" visible="true" version="1" changeset="16231726" timestamp="2013-05-21T23:19:58Z" user="vibrog" uid="11992" lat="59.9662481" lon="10.5710920"/>
 <node id="2317730157" visible="true" version="2" changeset="42503216" timestamp="2016-09-28T19:37:25Z" user="LarsMouland_import" uid="4537757" lat="59.9682851" lon="10.5788413"/>
 <node id="2317730161" visible="true" version="2" changeset="42503216" timestamp="2016-09-28T19:37:25Z" user="LarsMouland_import" uid="4537757" lat="59.9689386" lon="10.5810640"/>
 <node id="2317730164" visible="true" version="2" changeset="42503216" timestamp="2016-09-28T19:37:25Z" user="LarsMouland_import" uid="4537757" lat="59.9692906" lon="10.5818256"/>
 <node id="2317730166" visible="true" version="2" changeset="42503216" timestamp="2016-09-28T19:37:25Z" user="LarsMouland_import" uid="4537757" lat="59.9695855" lon="10.5819262"/>
 <node id="2317730168" visible="true" version="2" changeset="42503216" timestamp="2016-09-28T19:37:25Z" user="LarsMouland_import" uid="4537757" lat="59.9697632" lon="10.5819764"/>
 <node id="2317730172" visible="true" version="1" changeset="16258879" timestamp="2013-05-23T22:23:11Z" user="vibrog" uid="11992" lat="59.9700232" lon="10.5818577"/>
 <node id="2317730174" visible="true" version="1" changeset="16258879" timestamp="2013-05-23T22:23:11Z" user="vibrog" uid="11992" lat="59.9700883" lon="10.5815168"/>
 <node id="2317730176" visible="true" version="2" changeset="97864291" timestamp="2021-01-20T23:18:45Z" user="Ojan" uid="91295" lat="59.9705784" lon="10.5789241"/>
 <node id="2317730178" visible="true" version="2" changeset="97864291" timestamp="2021-01-20T23:18:45Z" user="Ojan" uid="91295" lat="59.9704701" lon="10.5790498"/>
 <node id="2317730180" visible="true" version="2" changeset="97864291" timestamp="2021-01-20T23:18:45Z" user="Ojan" uid="91295" lat="59.9707087" lon="10.5789493"/>
 <node id="2317730184" visible="true" version="1" changeset="16258879" timestamp="2013-05-23T22:23:11Z" user="vibrog" uid="11992" lat="59.9702734" lon="10.5796107"/>
 <node id="2317730186" visible="true" version="1" changeset="16258879" timestamp="2013-05-23T22:23:11Z" user="vibrog" uid="11992" lat="59.9702779" lon="10.5795210"/>
 <node id="2317730189" visible="true" version="1" changeset="16258879" timestamp="2013-05-23T22:23:11Z" user="vibrog" uid="11992" lat="59.9702802" lon="10.5807768"/>
 <node id="2317730191" visible="true" version="2" changeset="97864291" timestamp="2021-01-20T23:18:45Z" user="Ojan" uid="91295" lat="59.9703953" lon="10.5792462"/>
 <node id="2317730193" visible="true" version="1" changeset="16258879" timestamp="2013-05-23T22:23:11Z" user="vibrog" uid="11992" lat="59.9703251" lon="10.5793282"/>
 <node id="2317730195" visible="true" version="2" changeset="97864291" timestamp="2021-01-20T23:18:45Z" user="Ojan" uid="91295" lat="59.9707503" lon="10.5787916"/>
 <node id="2317730197" visible="true" version="1" changeset="16258879" timestamp="2013-05-23T22:23:12Z" user="vibrog" uid="11992" lat="59.9704306" lon="10.5801310"/>
 <node id="2317730199" visible="true" version="1" changeset="16258879" timestamp="2013-05-23T22:23:12Z" user="vibrog" uid="11992" lat="59.9704530" lon="10.5803777"/>
 <node id="2317730201" visible="true" version="2" changeset="97864291" timestamp="2021-01-20T23:18:45Z" user="Ojan" uid="91295" lat="59.9706791" lon="10.5785938"/>
 <node id="2317730203" visible="true" version="2" changeset="97864291" timestamp="2021-01-20T23:18:45Z" user="Ojan" uid="91295" lat="59.9706521" lon="10.5783663"/>
 <node id="2317730205" visible="true" version="1" changeset="16258879" timestamp="2013-05-23T22:23:12Z" user="vibrog" uid="11992" lat="59.9707289" lon="10.5781541"/>
 <node id="2317730207" visible="true" version="1" changeset="16258879" timestamp="2013-05-23T22:23:12Z" user="vibrog" uid="11992" lat="59.9707828" lon="10.5779927"/>
 <node id="2317730209" visible="true" version="1" changeset="16258879" timestamp="2013-05-23T22:23:12Z" user="vibrog" uid="11992" lat="59.9709130" lon="10.5777325"/>
 <node id="2317730215" visible="true" version="1" changeset="16258879" timestamp="2013-05-23T22:23:12Z" user="vibrog" uid="11992" lat="59.9710432" lon="10.5771943"/>
 <node id="2317730217" visible="true" version="1" changeset="16258879" timestamp="2013-05-23T22:23:12Z" user="vibrog" uid="11992" lat="59.9711284" lon="10.5770239"/>
 <node id="2317730219" visible="true" version="1" changeset="16258879" timestamp="2013-05-23T22:23:12Z" user="vibrog" uid="11992" lat="59.9712003" lon="10.5769791"/>
 <node id="2317730222" visible="true" version="1" changeset="16258879" timestamp="2013-05-23T22:23:12Z" user="vibrog" uid="11992" lat="59.9713843" lon="10.5770239"/>
 <node id="2317730224" visible="true" version="1" changeset="16258879" timestamp="2013-05-23T22:23:12Z" user="vibrog" uid="11992" lat="59.9715414" lon="10.5771226"/>
 <node id="2317730226" visible="true" version="1" changeset="16258879" timestamp="2013-05-23T22:23:12Z" user="vibrog" uid="11992" lat="59.9716626" lon="10.5770957"/>
 <node id="2317730229" visible="true" version="1" changeset="16258879" timestamp="2013-05-23T22:23:12Z" user="vibrog" uid="11992" lat="59.9718646" lon="10.5769073"/>
 <node id="2317730231" visible="true" version="1" changeset="16258879" timestamp="2013-05-23T22:23:12Z" user="vibrog" uid="11992" lat="59.9720165" lon="10.5767231"/>
 <node id="2317730261" visible="true" version="1" changeset="16258879" timestamp="2013-05-23T22:23:12Z" user="vibrog" uid="11992" lat="59.9732571" lon="10.5749312"/>
 <node id="2317730263" visible="true" version="1" changeset="16258879" timestamp="2013-05-23T22:23:12Z" user="vibrog" uid="11992" lat="59.9732739" lon="10.5747608"/>
 <node id="2317730265" visible="true" version="1" changeset="16258879" timestamp="2013-05-23T22:23:12Z" user="vibrog" uid="11992" lat="59.9733480" lon="10.5745657"/>
 <node id="2324610660" visible="true" version="1" changeset="16342116" timestamp="2013-05-29T18:54:46Z" user="vibrog" uid="11992" lat="59.9673656" lon="10.5933153">
  <tag k="name" v="Orrekollen"/>
 </node>
 <node id="2324610662" visible="true" version="1" changeset="16342116" timestamp="2013-05-29T18:54:47Z" user="vibrog" uid="11992" lat="59.9664721" lon="10.5919483"/>
 <node id="2324610663" visible="true" version="1" changeset="16342116" timestamp="2013-05-29T18:54:47Z" user="vibrog" uid="11992" lat="59.9674375" lon="10.5932291"/>
 <node id="2324610664" visible="true" version="1" changeset="16342116" timestamp="2013-05-29T18:54:47Z" user="vibrog" uid="11992" lat="59.9676647" lon="10.5930567"/>
 <node id="2324610666" visible="true" version="1" changeset="16342116" timestamp="2013-05-29T18:54:47Z" user="vibrog" uid="11992" lat="59.9680558" lon="10.5935336"/>
 <node id="2324610667" visible="true" version="2" changeset="16349945" timestamp="2013-05-30T11:00:00Z" user="vibrog" uid="11992" lat="59.9682578" lon="10.5934909"/>
 <node id="2324610668" visible="true" version="3" changeset="114098893" timestamp="2021-11-22T13:34:01Z" user="mappedby" uid="6607932" lat="59.9680367" lon="10.5911773"/>
 <node id="2324610669" visible="true" version="2" changeset="16349945" timestamp="2013-05-30T11:00:00Z" user="vibrog" uid="11992" lat="59.9684473" lon="10.5935397"/>
 <node id="2324610671" visible="true" version="1" changeset="16342116" timestamp="2013-05-29T18:54:47Z" user="vibrog" uid="11992" lat="59.9693373" lon="10.5943742"/>
 <node id="2324610672" visible="true" version="1" changeset="16342116" timestamp="2013-05-29T18:54:47Z" user="vibrog" uid="11992" lat="59.9694351" lon="10.5947304"/>
 <node id="2324610673" visible="true" version="1" changeset="16342116" timestamp="2013-05-29T18:54:47Z" user="vibrog" uid="11992" lat="59.9695731" lon="10.5945236"/>
 <node id="2324610676" visible="true" version="1" changeset="16342116" timestamp="2013-05-29T18:54:47Z" user="vibrog" uid="11992" lat="59.9697954" lon="10.5950593"/>
 <node id="2324610677" visible="true" version="1" changeset="16342116" timestamp="2013-05-29T18:54:47Z" user="vibrog" uid="11992" lat="59.9698589" lon="10.5952689"/>
 <node id="2324610678" visible="true" version="1" changeset="16342116" timestamp="2013-05-29T18:54:47Z" user="vibrog" uid="11992" lat="59.9698696" lon="10.5964273"/>
 <node id="2324610679" visible="true" version="1" changeset="16342116" timestamp="2013-05-29T18:54:47Z" user="vibrog" uid="11992" lat="59.9699681" lon="10.5954183"/>
 <node id="2324610680" visible="true" version="1" changeset="16342116" timestamp="2013-05-29T18:54:47Z" user="vibrog" uid="11992" lat="59.9699940" lon="10.5955332"/>
 <node id="2324610681" visible="true" version="1" changeset="16342116" timestamp="2013-05-29T18:54:47Z" user="vibrog" uid="11992" lat="59.9701551" lon="10.5956539"/>
 <node id="2324610682" visible="true" version="1" changeset="16342116" timestamp="2013-05-29T18:54:47Z" user="vibrog" uid="11992" lat="59.9701780" lon="10.5953681"/>
 <node id="2324610683" visible="true" version="1" changeset="16342116" timestamp="2013-05-29T18:54:47Z" user="vibrog" uid="11992" lat="59.9702865" lon="10.5955869"/>
 <node id="2324610684" visible="true" version="1" changeset="16342116" timestamp="2013-05-29T18:54:47Z" user="vibrog" uid="11992" lat="59.9703309" lon="10.5958373"/>
 <node id="2324644363" visible="true" version="1" changeset="16342665" timestamp="2013-05-29T19:34:49Z" user="vibrog" uid="11992" lat="59.9614249" lon="10.5944445"/>
 <node id="2324644367" visible="true" version="1" changeset="16342665" timestamp="2013-05-29T19:34:49Z" user="vibrog" uid="11992" lat="59.9614554" lon="10.5945814"/>
 <node id="2324644370" visible="true" version="1" changeset="16342665" timestamp="2013-05-29T19:34:49Z" user="vibrog" uid="11992" lat="59.9617075" lon="10.5947110"/>
 <node id="2324644408" visible="true" version="1" changeset="16342665" timestamp="2013-05-29T19:34:49Z" user="vibrog" uid="11992" lat="59.9647933" lon="10.5938935"/>
 <node id="2324644410" visible="true" version="1" changeset="16342665" timestamp="2013-05-29T19:34:49Z" user="vibrog" uid="11992" lat="59.9660944" lon="10.5908235"/>
 <node id="2324644412" visible="true" version="1" changeset="16342665" timestamp="2013-05-29T19:34:49Z" user="vibrog" uid="11992" lat="59.9661229" lon="10.5909624"/>
 <node id="2324644414" visible="true" version="1" changeset="16342665" timestamp="2013-05-29T19:34:49Z" user="vibrog" uid="11992" lat="59.9662174" lon="10.5906739"/>
 <node id="2324644417" visible="true" version="1" changeset="16342665" timestamp="2013-05-29T19:34:49Z" user="vibrog" uid="11992" lat="59.9663131" lon="10.5909025"/>
 <node id="2324644420" visible="true" version="1" changeset="16342665" timestamp="2013-05-29T19:34:49Z" user="vibrog" uid="11992" lat="59.9663585" lon="10.5906557"/>
 <node id="2324644422" visible="true" version="1" changeset="16342665" timestamp="2013-05-29T19:34:49Z" user="vibrog" uid="11992" lat="59.9663938" lon="10.5911141"/>
 <node id="2324644425" visible="true" version="1" changeset="16342665" timestamp="2013-05-29T19:34:49Z" user="vibrog" uid="11992" lat="59.9665576" lon="10.5906355"/>
 <node id="2324644428" visible="true" version="1" changeset="16342665" timestamp="2013-05-29T19:34:49Z" user="vibrog" uid="11992" lat="59.9665680" lon="10.5909987"/>
 <node id="2325109837" visible="true" version="2" changeset="42503216" timestamp="2016-09-28T19:37:25Z" user="LarsMouland_import" uid="4537757" lat="59.9700001" lon="10.5831167"/>
 <node id="2325387920" visible="true" version="3" changeset="45011242" timestamp="2017-01-08T20:33:58Z" user="vibrog" uid="11992" lat="59.9678425" lon="10.5913151"/>
 <node id="2325387921" visible="true" version="2" changeset="45011242" timestamp="2017-01-08T20:33:58Z" user="vibrog" uid="11992" lat="59.9679189" lon="10.5914526"/>
 <node id="2325387922" visible="true" version="3" changeset="45011242" timestamp="2017-01-08T20:33:58Z" user="vibrog" uid="11992" lat="59.9680101" lon="10.5916227"/>
 <node id="2325387923" visible="true" version="2" changeset="43968215" timestamp="2016-11-26T17:41:33Z" user="vibrog" uid="11992" lat="59.9680615" lon="10.5918647"/>
 <node id="2325387924" visible="true" version="1" changeset="16349945" timestamp="2013-05-30T10:59:57Z" user="vibrog" uid="11992" lat="59.9681482" lon="10.5919844"/>
 <node id="2325387925" visible="true" version="1" changeset="16349945" timestamp="2013-05-30T10:59:57Z" user="vibrog" uid="11992" lat="59.9682924" lon="10.5923182"/>
 <node id="2325387926" visible="true" version="1" changeset="16349945" timestamp="2013-05-30T10:59:57Z" user="vibrog" uid="11992" lat="59.9683546" lon="10.5924229"/>
 <node id="2325387927" visible="true" version="1" changeset="16349945" timestamp="2013-05-30T10:59:57Z" user="vibrog" uid="11992" lat="59.9683743" lon="10.5925669"/>
 <node id="2325387928" visible="true" version="1" changeset="16349945" timestamp="2013-05-30T10:59:57Z" user="vibrog" uid="11992" lat="59.9684169" lon="10.5927370"/>
 <node id="2325387929" visible="true" version="2" changeset="43968215" timestamp="2016-11-26T17:41:33Z" user="vibrog" uid="11992" lat="59.9684554" lon="10.5929013"/>
 <node id="2325387930" visible="true" version="1" changeset="16349945" timestamp="2013-05-30T10:59:57Z" user="vibrog" uid="11992" lat="59.9685250" lon="10.5930643"/>
 <node id="2325387931" visible="true" version="1" changeset="16349945" timestamp="2013-05-30T10:59:57Z" user="vibrog" uid="11992" lat="59.9685905" lon="10.5931690"/>
 <node id="2325387932" visible="true" version="1" changeset="16349945" timestamp="2013-05-30T10:59:57Z" user="vibrog" uid="11992" lat="59.9686232" lon="10.5932999"/>
 <node id="2325387934" visible="true" version="2" changeset="42503216" timestamp="2016-09-28T19:37:25Z" user="LarsMouland_import" uid="4537757" lat="59.9686778" lon="10.5931369"/>
 <node id="2325387936" visible="true" version="2" changeset="43968215" timestamp="2016-11-26T17:41:33Z" user="vibrog" uid="11992" lat="59.9687271" lon="10.5935230"/>
 <node id="2325387937" visible="true" version="1" changeset="16349945" timestamp="2013-05-30T10:59:57Z" user="vibrog" uid="11992" lat="59.9687723" lon="10.5936828"/>
 <node id="2325387938" visible="true" version="1" changeset="16349945" timestamp="2013-05-30T10:59:57Z" user="vibrog" uid="11992" lat="59.9689082" lon="10.5937254"/>
 <node id="2325387939" visible="true" version="1" changeset="16349945" timestamp="2013-05-30T10:59:57Z" user="vibrog" uid="11992" lat="59.9689082" lon="10.5946515"/>
 <node id="2325387940" visible="true" version="1" changeset="16349945" timestamp="2013-05-30T10:59:57Z" user="vibrog" uid="11992" lat="59.9689573" lon="10.5937810"/>
 <node id="2325387941" visible="true" version="1" changeset="16349945" timestamp="2013-05-30T10:59:57Z" user="vibrog" uid="11992" lat="59.9689966" lon="10.5938988"/>
 <node id="2325387942" visible="true" version="1" changeset="16349945" timestamp="2013-05-30T10:59:57Z" user="vibrog" uid="11992" lat="59.9690525" lon="10.5942465"/>
 <node id="2325387943" visible="true" version="1" changeset="16349945" timestamp="2013-05-30T10:59:58Z" user="vibrog" uid="11992" lat="59.9690850" lon="10.5944294"/>
 <node id="2325387944" visible="true" version="1" changeset="16349945" timestamp="2013-05-30T10:59:58Z" user="vibrog" uid="11992" lat="59.9691675" lon="10.5939724"/>
 <node id="2337831585" visible="true" version="1" changeset="16477146" timestamp="2013-06-09T06:22:21Z" user="vibrog" uid="11992" lat="59.9637227" lon="10.5979140"/>
 <node id="2340954657" visible="true" version="1" changeset="16514981" timestamp="2013-06-11T19:30:38Z" user="vibrog" uid="11992" lat="59.9731156" lon="10.5870012"/>
 <node id="2340954670" visible="true" version="1" changeset="16514981" timestamp="2013-06-11T19:30:38Z" user="vibrog" uid="11992" lat="59.9667598" lon="10.5802451">
  <tag k="board_type" v="history"/>
  <tag k="historic" v="ski_jump_take_off"/>
  <tag k="information" v="board"/>
  <tag k="name" v="Østernvannsbakken"/>
  <tag k="operator" v="Bærumsmarkas Venner"/>
  <tag k="tourism" v="information"/>
 </node>
 <node id="2365479134" visible="true" version="2" changeset="45011149" timestamp="2017-01-08T20:29:16Z" user="vibrog" uid="11992" lat="59.9647850" lon="10.5857381"/>
 <node id="2365479136" visible="true" version="1" changeset="16750141" timestamp="2013-06-29T10:37:18Z" user="vibrog" uid="11992" lat="59.9648734" lon="10.5929734"/>
 <node id="2365479139" visible="true" version="1" changeset="16750141" timestamp="2013-06-29T10:37:18Z" user="vibrog" uid="11992" lat="59.9649315" lon="10.5928361"/>
 <node id="2365479140" visible="true" version="1" changeset="16750141" timestamp="2013-06-29T10:37:18Z" user="vibrog" uid="11992" lat="59.9650214" lon="10.5927516"/>
 <node id="2365479143" visible="true" version="1" changeset="16750141" timestamp="2013-06-29T10:37:18Z" user="vibrog" uid="11992" lat="59.9651166" lon="10.5926882"/>
 <node id="2365479144" visible="true" version="1" changeset="16750141" timestamp="2013-06-29T10:37:18Z" user="vibrog" uid="11992" lat="59.9651616" lon="10.5926459"/>
 <node id="2365479145" visible="true" version="1" changeset="16750141" timestamp="2013-06-29T10:37:18Z" user="vibrog" uid="11992" lat="59.9652779" lon="10.5924557"/>
 <node id="2365479150" visible="true" version="1" changeset="16750141" timestamp="2013-06-29T10:37:18Z" user="vibrog" uid="11992" lat="59.9654551" lon="10.5922550"/>
 <node id="2365479151" visible="true" version="1" changeset="16750141" timestamp="2013-06-29T10:37:18Z" user="vibrog" uid="11992" lat="59.9655629" lon="10.5920178"/>
 <node id="2365479152" visible="true" version="1" changeset="16750141" timestamp="2013-06-29T10:37:18Z" user="vibrog" uid="11992" lat="59.9655835" lon="10.5918123"/>
 <node id="2365479153" visible="true" version="1" changeset="16750141" timestamp="2013-06-29T10:37:18Z" user="vibrog" uid="11992" lat="59.9655835" lon="10.5919244"/>
 <node id="2365479154" visible="true" version="1" changeset="16750141" timestamp="2013-06-29T10:37:18Z" user="vibrog" uid="11992" lat="59.9656583" lon="10.5916330"/>
 <node id="2365479155" visible="true" version="1" changeset="16750141" timestamp="2013-06-29T10:37:18Z" user="vibrog" uid="11992" lat="59.9656919" lon="10.5915284"/>
 <node id="2365479156" visible="true" version="1" changeset="16750141" timestamp="2013-06-29T10:37:18Z" user="vibrog" uid="11992" lat="59.9657162" lon="10.5913790"/>
 <node id="2365479157" visible="true" version="1" changeset="16750141" timestamp="2013-06-29T10:37:18Z" user="vibrog" uid="11992" lat="59.9657517" lon="10.5912781"/>
 <node id="2365479158" visible="true" version="1" changeset="16750141" timestamp="2013-06-29T10:37:18Z" user="vibrog" uid="11992" lat="59.9657761" lon="10.5911287"/>
 <node id="2365479159" visible="true" version="1" changeset="16750141" timestamp="2013-06-29T10:37:18Z" user="vibrog" uid="11992" lat="59.9657835" lon="10.5910204"/>
 <node id="2365479160" visible="true" version="1" changeset="16750141" timestamp="2013-06-29T10:37:18Z" user="vibrog" uid="11992" lat="59.9658340" lon="10.5909083"/>
 <node id="2365479161" visible="true" version="1" changeset="16750141" timestamp="2013-06-29T10:37:18Z" user="vibrog" uid="11992" lat="59.9658770" lon="10.5908560"/>
 <node id="2365479162" visible="true" version="1" changeset="16750141" timestamp="2013-06-29T10:37:18Z" user="vibrog" uid="11992" lat="59.9658779" lon="10.5899308"/>
 <node id="2365479163" visible="true" version="1" changeset="16750141" timestamp="2013-06-29T10:37:18Z" user="vibrog" uid="11992" lat="59.9659369" lon="10.5907141"/>
 <node id="2365479164" visible="true" version="1" changeset="16750141" timestamp="2013-06-29T10:37:18Z" user="vibrog" uid="11992" lat="59.9661688" lon="10.5904942"/>
 <node id="2365479165" visible="true" version="1" changeset="16750141" timestamp="2013-06-29T10:37:18Z" user="vibrog" uid="11992" lat="59.9663558" lon="10.5904494"/>
 <node id="2365479166" visible="true" version="1" changeset="16750141" timestamp="2013-06-29T10:37:18Z" user="vibrog" uid="11992" lat="59.9664568" lon="10.5905092"/>
 <node id="2365479167" visible="true" version="1" changeset="16750141" timestamp="2013-06-29T10:37:18Z" user="vibrog" uid="11992" lat="59.9665646" lon="10.5891686"/>
 <node id="2365479168" visible="true" version="1" changeset="16750141" timestamp="2013-06-29T10:37:18Z" user="vibrog" uid="11992" lat="59.9666288" lon="10.5904120"/>
 <node id="2365479169" visible="true" version="1" changeset="16750141" timestamp="2013-06-29T10:37:18Z" user="vibrog" uid="11992" lat="59.9668120" lon="10.5904270"/>
 <node id="2365479170" visible="true" version="1" changeset="16750141" timestamp="2013-06-29T10:37:18Z" user="vibrog" uid="11992" lat="59.9669466" lon="10.5903149"/>
 <node id="2365479171" visible="true" version="1" changeset="16750141" timestamp="2013-06-29T10:37:18Z" user="vibrog" uid="11992" lat="59.9671093" lon="10.5902159"/>
 <node id="2365479172" visible="true" version="1" changeset="16750141" timestamp="2013-06-29T10:37:18Z" user="vibrog" uid="11992" lat="59.9672401" lon="10.5891923"/>
 <node id="2365479173" visible="true" version="1" changeset="16750141" timestamp="2013-06-29T10:37:18Z" user="vibrog" uid="11992" lat="59.9672476" lon="10.5902458"/>
 <node id="2365479174" visible="true" version="1" changeset="16750141" timestamp="2013-06-29T10:37:18Z" user="vibrog" uid="11992" lat="59.9672551" lon="10.5894837"/>
 <node id="2365479175" visible="true" version="1" changeset="16750141" timestamp="2013-06-29T10:37:19Z" user="vibrog" uid="11992" lat="59.9672659" lon="10.5889765"/>
 <node id="2365479176" visible="true" version="1" changeset="16750141" timestamp="2013-06-29T10:37:19Z" user="vibrog" uid="11992" lat="59.9673037" lon="10.5901860"/>
 <node id="2365479177" visible="true" version="1" changeset="16750141" timestamp="2013-06-29T10:37:19Z" user="vibrog" uid="11992" lat="59.9673149" lon="10.5898199"/>
 <node id="2365588614" visible="true" version="1" changeset="16751283" timestamp="2013-06-29T12:26:10Z" user="vibrog" uid="11992" lat="59.9690134" lon="10.5791607">
  <tag k="board_type" v="nature"/>
  <tag k="fixme" v="position"/>
  <tag k="information" v="board"/>
  <tag k="operator" v="Bærumsmarkas Venner"/>
  <tag k="tourism" v="information"/>
 </node>
 <node id="2428570612" visible="true" version="8" changeset="43968215" timestamp="2016-11-26T17:41:33Z" user="vibrog" uid="11992" lat="59.9776856" lon="10.5863626">
  <tag k="attribution" v="bksalv"/>
  <tag k="historic" v="charcoal_pile"/>
  <tag k="source" v="survey;Bærumsmarkas Venner"/>
 </node>
 <node id="2434901681" visible="true" version="1" changeset="17549797" timestamp="2013-08-28T08:01:44Z" user="LarsMouland" uid="1614136" lat="59.9677988" lon="10.5711348"/>
 <node id="2434901685" visible="true" version="2" changeset="44130300" timestamp="2016-12-03T06:22:37Z" user="vibrog" uid="11992" lat="59.9672766" lon="10.5708272"/>
 <node id="2434901687" visible="true" version="2" changeset="44130300" timestamp="2016-12-03T06:22:37Z" user="vibrog" uid="11992" lat="59.9671432" lon="10.5711257"/>
 <node id="2434901688" visible="true" version="2" changeset="44130300" timestamp="2016-12-03T06:22:37Z" user="vibrog" uid="11992" lat="59.9670269" lon="10.5711946"/>
 <node id="2434901689" visible="true" version="2" changeset="44130300" timestamp="2016-12-03T06:22:37Z" user="vibrog" uid="11992" lat="59.9669195" lon="10.5713610"/>
 <node id="2434901690" visible="true" version="2" changeset="44130300" timestamp="2016-12-03T06:22:37Z" user="vibrog" uid="11992" lat="59.9668658" lon="10.5715354"/>
 <node id="2434901691" visible="true" version="2" changeset="44130300" timestamp="2016-12-03T06:22:37Z" user="vibrog" uid="11992" lat="59.9668537" lon="10.5720745"/>
 <node id="2434901693" visible="true" version="2" changeset="44130300" timestamp="2016-12-03T06:22:37Z" user="vibrog" uid="11992" lat="59.9668148" lon="10.5725332"/>
 <node id="2434901694" visible="true" version="2" changeset="44130300" timestamp="2016-12-03T06:22:37Z" user="vibrog" uid="11992" lat="59.9667329" lon="10.5727933"/>
 <node id="2434901697" visible="true" version="2" changeset="44130300" timestamp="2016-12-03T06:22:38Z" user="vibrog" uid="11992" lat="59.9665664" lon="10.5732198"/>
 <node id="2434901698" visible="true" version="1" changeset="17549797" timestamp="2013-08-28T08:01:44Z" user="LarsMouland" uid="1614136" lat="59.9665100" lon="10.5734397"/>
 <node id="2434901699" visible="true" version="2" changeset="44130300" timestamp="2016-12-03T06:22:38Z" user="vibrog" uid="11992" lat="59.9664738" lon="10.5736543"/>
 <node id="2434901700" visible="true" version="2" changeset="44130300" timestamp="2016-12-03T06:22:38Z" user="vibrog" uid="11992" lat="59.9664094" lon="10.5738849"/>
 <node id="2434901702" visible="true" version="2" changeset="44130300" timestamp="2016-12-03T06:22:38Z" user="vibrog" uid="11992" lat="59.9662738" lon="10.5744965"/>
 <node id="2434901705" visible="true" version="2" changeset="44130300" timestamp="2016-12-03T06:22:38Z" user="vibrog" uid="11992" lat="59.9661596" lon="10.5751993"/>
 <node id="2434901707" visible="true" version="1" changeset="17549797" timestamp="2013-08-28T08:01:45Z" user="LarsMouland" uid="1614136" lat="59.9659623" lon="10.5757786"/>
 <node id="2434901708" visible="true" version="2" changeset="44130300" timestamp="2016-12-03T06:22:38Z" user="vibrog" uid="11992" lat="59.9658872" lon="10.5761433"/>
 <node id="2434901709" visible="true" version="2" changeset="44130300" timestamp="2016-12-03T06:22:38Z" user="vibrog" uid="11992" lat="59.9658495" lon="10.5768408"/>
 <node id="2434901710" visible="true" version="2" changeset="44130300" timestamp="2016-12-03T06:22:38Z" user="vibrog" uid="11992" lat="59.9658844" lon="10.5770338"/>
 <node id="2507707512" visible="true" version="1" changeset="18526933" timestamp="2013-10-24T20:56:49Z" user="vibrog" uid="11992" lat="59.9721204" lon="10.5713776"/>
 <node id="2516027654" visible="true" version="1" changeset="18648717" timestamp="2013-11-01T09:52:07Z" user="LarsMouland" uid="1614136" lat="59.9709179" lon="10.5753463"/>
 <node id="2516027656" visible="true" version="2" changeset="97864291" timestamp="2021-01-20T23:18:45Z" user="Ojan" uid="91295" lat="59.9708921" lon="10.5755911"/>
 <node id="2516027658" visible="true" version="1" changeset="18648717" timestamp="2013-11-01T09:52:07Z" user="LarsMouland" uid="1614136" lat="59.9708270" lon="10.5757096"/>
 <node id="2516027659" visible="true" version="2" changeset="97864291" timestamp="2021-01-20T23:18:45Z" user="Ojan" uid="91295" lat="59.9707095" lon="10.5759386"/>
 <node id="2516027660" visible="true" version="2" changeset="97864291" timestamp="2021-01-20T23:18:45Z" user="Ojan" uid="91295" lat="59.9706125" lon="10.5762808"/>
 <node id="2516027661" visible="true" version="2" changeset="97864291" timestamp="2021-01-20T23:18:45Z" user="Ojan" uid="91295" lat="59.9705213" lon="10.5764851"/>
 <node id="2516027662" visible="true" version="2" changeset="97864291" timestamp="2021-01-20T23:18:45Z" user="Ojan" uid="91295" lat="59.9704208" lon="10.5766547"/>
 <node id="2516027664" visible="true" version="2" changeset="97864291" timestamp="2021-01-20T23:18:45Z" user="Ojan" uid="91295" lat="59.9702881" lon="10.5769348"/>
 <node id="2521922142" visible="true" version="2" changeset="97864291" timestamp="2021-01-20T23:18:45Z" user="Ojan" uid="91295" lat="59.9705934" lon="10.5775230"/>
 <node id="2521922143" visible="true" version="2" changeset="97864291" timestamp="2021-01-20T23:18:45Z" user="Ojan" uid="91295" lat="59.9700350" lon="10.5758386"/>
 <node id="2521922144" visible="true" version="2" changeset="97864291" timestamp="2021-01-20T23:18:45Z" user="Ojan" uid="91295" lat="59.9684779" lon="10.5770670"/>
 <node id="2521922145" visible="true" version="2" changeset="97864291" timestamp="2021-01-20T23:18:45Z" user="Ojan" uid="91295" lat="59.9700471" lon="10.5791699"/>
 <node id="2627186311" visible="true" version="2" changeset="44130300" timestamp="2016-12-03T06:22:38Z" user="vibrog" uid="11992" lat="59.9679628" lon="10.5774335"/>
 <node id="2627186318" visible="true" version="2" changeset="44130300" timestamp="2016-12-03T06:22:38Z" user="vibrog" uid="11992" lat="59.9679559" lon="10.5770183"/>
 <node id="2627186321" visible="true" version="2" changeset="44130300" timestamp="2016-12-03T06:22:38Z" user="vibrog" uid="11992" lat="59.9679829" lon="10.5793094"/>
 <node id="2627186325" visible="true" version="2" changeset="44130300" timestamp="2016-12-03T06:22:38Z" user="vibrog" uid="11992" lat="59.9680196" lon="10.5766948"/>
 <node id="2627186329" visible="true" version="2" changeset="44130300" timestamp="2016-12-03T06:22:38Z" user="vibrog" uid="11992" lat="59.9680723" lon="10.5766549"/>
 <node id="2627186333" visible="true" version="1" changeset="20067962" timestamp="2014-01-18T15:36:16Z" user="vibrog" uid="11992" lat="59.9681118" lon="10.5766431"/>
 <node id="2627186338" visible="true" version="1" changeset="20067962" timestamp="2014-01-18T15:36:16Z" user="vibrog" uid="11992" lat="59.9682004" lon="10.5766482"/>
 <node id="2627186342" visible="true" version="1" changeset="20067962" timestamp="2014-01-18T15:36:16Z" user="vibrog" uid="11992" lat="59.9682657" lon="10.5766847"/>
 <node id="2627186346" visible="true" version="3" changeset="116246835" timestamp="2022-01-17T10:17:28Z" user="larsalonian" uid="422573" lat="59.9682621" lon="10.5830803"/>
 <node id="2627186350" visible="true" version="2" changeset="116246835" timestamp="2022-01-17T10:17:28Z" user="larsalonian" uid="422573" lat="59.9681519" lon="10.5874324"/>
 <node id="2627186355" visible="true" version="1" changeset="20067962" timestamp="2014-01-18T15:36:16Z" user="vibrog" uid="11992" lat="59.9685051" lon="10.5770498"/>
 <node id="2627186359" visible="true" version="1" changeset="20067962" timestamp="2014-01-18T15:36:16Z" user="vibrog" uid="11992" lat="59.9687217" lon="10.5771384"/>
 <node id="2627186363" visible="true" version="1" changeset="20067962" timestamp="2014-01-18T15:36:16Z" user="vibrog" uid="11992" lat="59.9694890" lon="10.5766534"/>
 <node id="2627186367" visible="true" version="1" changeset="20067962" timestamp="2014-01-18T15:36:16Z" user="vibrog" uid="11992" lat="59.9695592" lon="10.5765518"/>
 <node id="2627186371" visible="true" version="1" changeset="20067962" timestamp="2014-01-18T15:36:16Z" user="vibrog" uid="11992" lat="59.9696143" lon="10.5763927"/>
 <node id="2627186375" visible="true" version="2" changeset="44130300" timestamp="2016-12-03T06:22:38Z" user="vibrog" uid="11992" lat="59.9699635" lon="10.5754137"/>
 <node id="2627186379" visible="true" version="3" changeset="116246835" timestamp="2022-01-17T10:17:28Z" user="larsalonian" uid="422573" lat="59.9700193" lon="10.5749097"/>
 <node id="2627186383" visible="true" version="1" changeset="20067962" timestamp="2014-01-18T15:36:16Z" user="vibrog" uid="11992" lat="59.9711837" lon="10.5737367"/>
 <node id="2627186388" visible="true" version="1" changeset="20067962" timestamp="2014-01-18T15:36:16Z" user="vibrog" uid="11992" lat="59.9712907" lon="10.5736335"/>
 <node id="2934451375" visible="true" version="1" changeset="23192564" timestamp="2014-06-26T16:29:49Z" user="vibrog" uid="11992" lat="59.9708737" lon="10.5942290"/>
 <node id="2934451376" visible="true" version="1" changeset="23192564" timestamp="2014-06-26T16:29:49Z" user="vibrog" uid="11992" lat="59.9709657" lon="10.5945068"/>
 <node id="2934451377" visible="true" version="1" changeset="23192564" timestamp="2014-06-26T16:29:49Z" user="vibrog" uid="11992" lat="59.9712099" lon="10.5954302"/>
 <node id="3163516428" visible="true" version="1" changeset="26511804" timestamp="2014-11-02T19:57:43Z" user="vibrog" uid="11992" lat="59.9672610" lon="10.5907834"/>
 <node id="4420767923" visible="true" version="1" changeset="42475936" timestamp="2016-09-27T17:41:33Z" user="LarsMouland_import" uid="4537757" lat="59.9687175" lon="10.5722008"/>
 <node id="4420767924" visible="true" version="1" changeset="42475936" timestamp="2016-09-27T17:41:33Z" user="LarsMouland_import" uid="4537757" lat="59.9691234" lon="10.5720588"/>
 <node id="4420767925" visible="true" version="1" changeset="42475936" timestamp="2016-09-27T17:41:33Z" user="LarsMouland_import" uid="4537757" lat="59.9691424" lon="10.5719702"/>
 <node id="4420767926" visible="true" version="1" changeset="42475936" timestamp="2016-09-27T17:41:33Z" user="LarsMouland_import" uid="4537757" lat="59.9696168" lon="10.5713476"/>
 <node id="4420767927" visible="true" version="1" changeset="42475936" timestamp="2016-09-27T17:41:33Z" user="LarsMouland_import" uid="4537757" lat="59.9699976" lon="10.5710430"/>
 <node id="4420767928" visible="true" version="1" changeset="42475936" timestamp="2016-09-27T17:41:33Z" user="LarsMouland_import" uid="4537757" lat="59.9703142" lon="10.5708612"/>
 <node id="4420767929" visible="true" version="1" changeset="42475936" timestamp="2016-09-27T17:41:33Z" user="LarsMouland_import" uid="4537757" lat="59.9708820" lon="10.5706909"/>
 <node id="4420767930" visible="true" version="1" changeset="42475936" timestamp="2016-09-27T17:41:33Z" user="LarsMouland_import" uid="4537757" lat="59.9710743" lon="10.5703776"/>
 <node id="4420767931" visible="true" version="1" changeset="42475936" timestamp="2016-09-27T17:41:33Z" user="LarsMouland_import" uid="4537757" lat="59.9712821" lon="10.5695275"/>
 <node id="4420767932" visible="true" version="1" changeset="42475936" timestamp="2016-09-27T17:41:33Z" user="LarsMouland_import" uid="4537757" lat="59.9716724" lon="10.5691697"/>
 <node id="4420767933" visible="true" version="1" changeset="42475936" timestamp="2016-09-27T17:41:33Z" user="LarsMouland_import" uid="4537757" lat="59.9717352" lon="10.5691726"/>
 <node id="4420767934" visible="true" version="1" changeset="42475936" timestamp="2016-09-27T17:41:33Z" user="LarsMouland_import" uid="4537757" lat="59.9721163" lon="10.5680980"/>
 <node id="4420767937" visible="true" version="1" changeset="42475936" timestamp="2016-09-27T17:41:33Z" user="LarsMouland_import" uid="4537757" lat="59.9726732" lon="10.5673358"/>
 <node id="4420767938" visible="true" version="1" changeset="42475936" timestamp="2016-09-27T17:41:33Z" user="LarsMouland_import" uid="4537757" lat="59.9728411" lon="10.5668063"/>
 <node id="4420767939" visible="true" version="1" changeset="42475936" timestamp="2016-09-27T17:41:33Z" user="LarsMouland_import" uid="4537757" lat="59.9729043" lon="10.5652684"/>
 <node id="4420767940" visible="true" version="1" changeset="42475936" timestamp="2016-09-27T17:41:33Z" user="LarsMouland_import" uid="4537757" lat="59.9730215" lon="10.5644676"/>
 <node id="4420767942" visible="true" version="1" changeset="42475936" timestamp="2016-09-27T17:41:33Z" user="LarsMouland_import" uid="4537757" lat="59.9731722" lon="10.5638835"/>
 <node id="4420767944" visible="true" version="1" changeset="42475936" timestamp="2016-09-27T17:41:33Z" user="LarsMouland_import" uid="4537757" lat="59.9734478" lon="10.5633590"/>
 <node id="4420767946" visible="true" version="1" changeset="42475936" timestamp="2016-09-27T17:41:33Z" user="LarsMouland_import" uid="4537757" lat="59.9737399" lon="10.5629606"/>
 <node id="4420767947" visible="true" version="1" changeset="42475936" timestamp="2016-09-27T17:41:33Z" user="LarsMouland_import" uid="4537757" lat="59.9739160" lon="10.5625030"/>
 <node id="4420767949" visible="true" version="1" changeset="42475936" timestamp="2016-09-27T17:41:33Z" user="LarsMouland_import" uid="4537757" lat="59.9741464" lon="10.5620121"/>
 <node id="4420767950" visible="true" version="1" changeset="42475936" timestamp="2016-09-27T17:41:33Z" user="LarsMouland_import" uid="4537757" lat="59.9743196" lon="10.5617874"/>
 <node id="4420767952" visible="true" version="1" changeset="42475936" timestamp="2016-09-27T17:41:33Z" user="LarsMouland_import" uid="4537757" lat="59.9744664" lon="10.5615256"/>
 <node id="4420767953" visible="true" version="1" changeset="42475936" timestamp="2016-09-27T17:41:33Z" user="LarsMouland_import" uid="4537757" lat="59.9745499" lon="10.5612965"/>
 <node id="4420767954" visible="true" version="1" changeset="42475936" timestamp="2016-09-27T17:41:33Z" user="LarsMouland_import" uid="4537757" lat="59.9746159" lon="10.5610311"/>
 <node id="4420767956" visible="true" version="1" changeset="42475936" timestamp="2016-09-27T17:41:33Z" user="LarsMouland_import" uid="4537757" lat="59.9747809" lon="10.5607698"/>
 <node id="4420767957" visible="true" version="1" changeset="42475936" timestamp="2016-09-27T17:41:33Z" user="LarsMouland_import" uid="4537757" lat="59.9748474" lon="10.5604504"/>
 <node id="4420767958" visible="true" version="1" changeset="42475936" timestamp="2016-09-27T17:41:33Z" user="LarsMouland_import" uid="4537757" lat="59.9749108" lon="10.5603997"/>
 <node id="4420767966" visible="true" version="2" changeset="175793366" timestamp="2025-12-11T09:30:17Z" user="LandskapsLars" uid="22387387" lat="59.9754065" lon="10.5590697"/>
 <node id="4422628482" visible="true" version="2" changeset="50111848" timestamp="2017-07-07T15:35:39Z" user="vibrog" uid="11992" lat="59.9658140" lon="10.5636358"/>
 <node id="4422628483" visible="true" version="2" changeset="50111848" timestamp="2017-07-07T15:35:39Z" user="vibrog" uid="11992" lat="59.9660027" lon="10.5648490"/>
 <node id="4422628485" visible="true" version="2" changeset="50111848" timestamp="2017-07-07T15:35:39Z" user="vibrog" uid="11992" lat="59.9660520" lon="10.5656710"/>
 <node id="4422628488" visible="true" version="1" changeset="42503216" timestamp="2016-09-28T19:37:21Z" user="LarsMouland_import" uid="4537757" lat="59.9664369" lon="10.5668621"/>
 <node id="4422628490" visible="true" version="1" changeset="42503216" timestamp="2016-09-28T19:37:21Z" user="LarsMouland_import" uid="4537757" lat="59.9666668" lon="10.5679298"/>
 <node id="4422628491" visible="true" version="1" changeset="42503216" timestamp="2016-09-28T19:37:21Z" user="LarsMouland_import" uid="4537757" lat="59.9667724" lon="10.5688663"/>
 <node id="4422628492" visible="true" version="1" changeset="42503216" timestamp="2016-09-28T19:37:21Z" user="LarsMouland_import" uid="4537757" lat="59.9669002" lon="10.5694456"/>
 <node id="4422628494" visible="true" version="1" changeset="42503216" timestamp="2016-09-28T19:37:21Z" user="LarsMouland_import" uid="4537757" lat="59.9669995" lon="10.5701668"/>
 <node id="4422628497" visible="true" version="1" changeset="42503216" timestamp="2016-09-28T19:37:21Z" user="LarsMouland_import" uid="4537757" lat="59.9677422" lon="10.5809049"/>
 <node id="4422628498" visible="true" version="1" changeset="42503216" timestamp="2016-09-28T19:37:21Z" user="LarsMouland_import" uid="4537757" lat="59.9681064" lon="10.5766759"/>
 <node id="4422628499" visible="true" version="1" changeset="42503216" timestamp="2016-09-28T19:37:21Z" user="LarsMouland_import" uid="4537757" lat="59.9681080" lon="10.5783769"/>
 <node id="4422628500" visible="true" version="1" changeset="42503216" timestamp="2016-09-28T19:37:21Z" user="LarsMouland_import" uid="4537757" lat="59.9681150" lon="10.5767848"/>
 <node id="4422628501" visible="true" version="1" changeset="42503216" timestamp="2016-09-28T19:37:21Z" user="LarsMouland_import" uid="4537757" lat="59.9681518" lon="10.5771807"/>
 <node id="4422628502" visible="true" version="1" changeset="42503216" timestamp="2016-09-28T19:37:21Z" user="LarsMouland_import" uid="4537757" lat="59.9681822" lon="10.5774369"/>
 <node id="4422628503" visible="true" version="1" changeset="42503216" timestamp="2016-09-28T19:37:21Z" user="LarsMouland_import" uid="4537757" lat="59.9682427" lon="10.5787458"/>
 <node id="4422628505" visible="true" version="1" changeset="42503216" timestamp="2016-09-28T19:37:21Z" user="LarsMouland_import" uid="4537757" lat="59.9683645" lon="10.5791392"/>
 <node id="4422628506" visible="true" version="1" changeset="42503216" timestamp="2016-09-28T19:37:21Z" user="LarsMouland_import" uid="4537757" lat="59.9685035" lon="10.5797056"/>
 <node id="4422628507" visible="true" version="1" changeset="42503216" timestamp="2016-09-28T19:37:21Z" user="LarsMouland_import" uid="4537757" lat="59.9685268" lon="10.5803496"/>
 <node id="4422628508" visible="true" version="1" changeset="42503216" timestamp="2016-09-28T19:37:21Z" user="LarsMouland_import" uid="4537757" lat="59.9686354" lon="10.5807153"/>
 <node id="4422628509" visible="true" version="1" changeset="42503216" timestamp="2016-09-28T19:37:21Z" user="LarsMouland_import" uid="4537757" lat="59.9687073" lon="10.5807669"/>
 <node id="4422628510" visible="true" version="1" changeset="42503216" timestamp="2016-09-28T19:37:21Z" user="LarsMouland_import" uid="4537757" lat="59.9687883" lon="10.5808304"/>
 <node id="4422628512" visible="true" version="1" changeset="42503216" timestamp="2016-09-28T19:37:21Z" user="LarsMouland_import" uid="4537757" lat="59.9689393" lon="10.5812823"/>
 <node id="4422628513" visible="true" version="1" changeset="42503216" timestamp="2016-09-28T19:37:21Z" user="LarsMouland_import" uid="4537757" lat="59.9689526" lon="10.5811538"/>
 <node id="4422628514" visible="true" version="1" changeset="42503216" timestamp="2016-09-28T19:37:21Z" user="LarsMouland_import" uid="4537757" lat="59.9690413" lon="10.5813825"/>
 <node id="4422628515" visible="true" version="1" changeset="42503216" timestamp="2016-09-28T19:37:21Z" user="LarsMouland_import" uid="4537757" lat="59.9691696" lon="10.5816800"/>
 <node id="4422628517" visible="true" version="1" changeset="42503216" timestamp="2016-09-28T19:37:21Z" user="LarsMouland_import" uid="4537757" lat="59.9696482" lon="10.5819003"/>
 <node id="4422628518" visible="true" version="1" changeset="42503216" timestamp="2016-09-28T19:37:21Z" user="LarsMouland_import" uid="4537757" lat="59.9697290" lon="10.5819594"/>
 <node id="4422628519" visible="true" version="1" changeset="42503216" timestamp="2016-09-28T19:37:21Z" user="LarsMouland_import" uid="4537757" lat="59.9698084" lon="10.5823760"/>
 <node id="4422628522" visible="true" version="1" changeset="42503216" timestamp="2016-09-28T19:37:21Z" user="LarsMouland_import" uid="4537757" lat="59.9709538" lon="10.5894525"/>
 <node id="4422628523" visible="true" version="1" changeset="42503216" timestamp="2016-09-28T19:37:21Z" user="LarsMouland_import" uid="4537757" lat="59.9713134" lon="10.5894160"/>
 <node id="4422628524" visible="true" version="1" changeset="42503216" timestamp="2016-09-28T19:37:21Z" user="LarsMouland_import" uid="4537757" lat="59.9716299" lon="10.5892341"/>
 <node id="4422628525" visible="true" version="1" changeset="42503216" timestamp="2016-09-28T19:37:21Z" user="LarsMouland_import" uid="4537757" lat="59.9721356" lon="10.5890075"/>
 <node id="4422628526" visible="true" version="1" changeset="42503216" timestamp="2016-09-28T19:37:21Z" user="LarsMouland_import" uid="4537757" lat="59.9730771" lon="10.5883896"/>
 <node id="4422628527" visible="true" version="1" changeset="42503216" timestamp="2016-09-28T19:37:22Z" user="LarsMouland_import" uid="4537757" lat="59.9736815" lon="10.5881676"/>
 <node id="4422628528" visible="true" version="1" changeset="42503216" timestamp="2016-09-28T19:37:22Z" user="LarsMouland_import" uid="4537757" lat="59.9741954" lon="10.5879953"/>
 <node id="4422628529" visible="true" version="1" changeset="42503216" timestamp="2016-09-28T19:37:22Z" user="LarsMouland_import" uid="4537757" lat="59.9746456" lon="10.5879093"/>
 <node id="4422628530" visible="true" version="1" changeset="42503216" timestamp="2016-09-28T19:37:22Z" user="LarsMouland_import" uid="4537757" lat="59.9749435" lon="10.5877800"/>
 <node id="4422628531" visible="true" version="1" changeset="42503216" timestamp="2016-09-28T19:37:22Z" user="LarsMouland_import" uid="4537757" lat="59.9759010" lon="10.5873244"/>
 <node id="4422628532" visible="true" version="1" changeset="42503216" timestamp="2016-09-28T19:37:22Z" user="LarsMouland_import" uid="4537757" lat="59.9765122" lon="10.5872819"/>
 <node id="4422628533" visible="true" version="1" changeset="42503216" timestamp="2016-09-28T19:37:22Z" user="LarsMouland_import" uid="4537757" lat="59.9766024" lon="10.5872503"/>
 <node id="4422632299" visible="true" version="1" changeset="42503296" timestamp="2016-09-28T19:41:16Z" user="LarsMouland_import" uid="4537757" lat="59.9608437" lon="10.5991647"/>
 <node id="4523645464" visible="true" version="1" changeset="43968215" timestamp="2016-11-26T17:41:30Z" user="vibrog" uid="11992" lat="59.9776377" lon="10.5865238"/>
 <node id="4523645465" visible="true" version="1" changeset="43968215" timestamp="2016-11-26T17:41:30Z" user="vibrog" uid="11992" lat="59.9775672" lon="10.5866096"/>
 <node id="4523645467" visible="true" version="2" changeset="114098893" timestamp="2021-11-22T13:34:01Z" user="mappedby" uid="6607932" lat="59.9708451" lon="10.5925448"/>
 <node id="4523645468" visible="true" version="1" changeset="43968215" timestamp="2016-11-26T17:41:30Z" user="vibrog" uid="11992" lat="59.9709835" lon="10.5925311"/>
 <node id="4523645469" visible="true" version="1" changeset="43968215" timestamp="2016-11-26T17:41:30Z" user="vibrog" uid="11992" lat="59.9708895" lon="10.5932226"/>
 <node id="4523645474" visible="true" version="1" changeset="43968215" timestamp="2016-11-26T17:41:30Z" user="vibrog" uid="11992" lat="59.9726228" lon="10.5904739"/>
 <node id="4535232067" visible="true" version="1" changeset="44130300" timestamp="2016-12-03T06:22:35Z" user="vibrog" uid="11992" lat="59.9681033" lon="10.5775649"/>
 <node id="4535232068" visible="true" version="1" changeset="44130300" timestamp="2016-12-03T06:22:35Z" user="vibrog" uid="11992" lat="59.9669046" lon="10.5787209"/>
 <node id="4535232069" visible="true" version="1" changeset="44130300" timestamp="2016-12-03T06:22:35Z" user="vibrog" uid="11992" lat="59.9678053" lon="10.5769158"/>
 <node id="4535232590" visible="true" version="2" changeset="116246835" timestamp="2022-01-17T10:17:28Z" user="larsalonian" uid="422573" lat="59.9702803" lon="10.5743425"/>
 <node id="4596998192" visible="true" version="1" changeset="45011149" timestamp="2017-01-08T20:29:13Z" user="vibrog" uid="11992" lat="59.9662909" lon="10.5796757"/>
 <node id="4596998193" visible="true" version="1" changeset="45011149" timestamp="2017-01-08T20:29:13Z" user="vibrog" uid="11992" lat="59.9663608" lon="10.5796328"/>
 <node id="4596998194" visible="true" version="1" changeset="45011149" timestamp="2017-01-08T20:29:13Z" user="vibrog" uid="11992" lat="59.9664601" lon="10.5795309"/>
 <node id="4596998195" visible="true" version="1" changeset="45011149" timestamp="2017-01-08T20:29:13Z" user="vibrog" uid="11992" lat="59.9665406" lon="10.5795309"/>
 <node id="4596998196" visible="true" version="1" changeset="45011149" timestamp="2017-01-08T20:29:13Z" user="vibrog" uid="11992" lat="59.9666400" lon="10.5795791"/>
 <node id="4596998197" visible="true" version="1" changeset="45011149" timestamp="2017-01-08T20:29:13Z" user="vibrog" uid="11992" lat="59.9667313" lon="10.5796972"/>
 <node id="4596998198" visible="true" version="1" changeset="45011149" timestamp="2017-01-08T20:29:13Z" user="vibrog" uid="11992" lat="59.9669421" lon="10.5860218"/>
 <node id="4596998199" visible="true" version="1" changeset="45011149" timestamp="2017-01-08T20:29:13Z" user="vibrog" uid="11992" lat="59.9668024" lon="10.5861613"/>
 <node id="4596998200" visible="true" version="1" changeset="45011149" timestamp="2017-01-08T20:29:13Z" user="vibrog" uid="11992" lat="59.9670038" lon="10.5857965"/>
 <node id="4596998201" visible="true" version="1" changeset="45011149" timestamp="2017-01-08T20:29:13Z" user="vibrog" uid="11992" lat="59.9669608" lon="10.5856087"/>
 <node id="4596998202" visible="true" version="1" changeset="45011149" timestamp="2017-01-08T20:29:13Z" user="vibrog" uid="11992" lat="59.9669152" lon="10.5853620"/>
 <node id="4596998203" visible="true" version="1" changeset="45011149" timestamp="2017-01-08T20:29:13Z" user="vibrog" uid="11992" lat="59.9659151" lon="10.5828836"/>
 <node id="4596998204" visible="true" version="1" changeset="45011149" timestamp="2017-01-08T20:29:13Z" user="vibrog" uid="11992" lat="59.9660923" lon="10.5831411"/>
 <node id="4596998205" visible="true" version="1" changeset="45011149" timestamp="2017-01-08T20:29:13Z" user="vibrog" uid="11992" lat="59.9663232" lon="10.5834844"/>
 <node id="4596998206" visible="true" version="1" changeset="45011149" timestamp="2017-01-08T20:29:13Z" user="vibrog" uid="11992" lat="59.9664091" lon="10.5838063"/>
 <node id="4596998207" visible="true" version="1" changeset="45011149" timestamp="2017-01-08T20:29:13Z" user="vibrog" uid="11992" lat="59.9665595" lon="10.5839726"/>
 <node id="4596998208" visible="true" version="1" changeset="45011149" timestamp="2017-01-08T20:29:13Z" user="vibrog" uid="11992" lat="59.9667165" lon="10.5840531"/>
 <node id="4596998209" visible="true" version="1" changeset="45011149" timestamp="2017-01-08T20:29:13Z" user="vibrog" uid="11992" lat="59.9668091" lon="10.5842730"/>
 <node id="4596998210" visible="true" version="1" changeset="45011149" timestamp="2017-01-08T20:29:13Z" user="vibrog" uid="11992" lat="59.9668763" lon="10.5845064"/>
 <node id="4596998211" visible="true" version="1" changeset="45011149" timestamp="2017-01-08T20:29:13Z" user="vibrog" uid="11992" lat="59.9668870" lon="10.5847451"/>
 <node id="4596998212" visible="true" version="1" changeset="45011149" timestamp="2017-01-08T20:29:13Z" user="vibrog" uid="11992" lat="59.9676435" lon="10.5851447"/>
 <node id="4596998213" visible="true" version="1" changeset="45011149" timestamp="2017-01-08T20:29:13Z" user="vibrog" uid="11992" lat="59.9675186" lon="10.5851286"/>
 <node id="4596998214" visible="true" version="1" changeset="45011149" timestamp="2017-01-08T20:29:13Z" user="vibrog" uid="11992" lat="59.9673844" lon="10.5850857"/>
 <node id="4596998215" visible="true" version="1" changeset="45011149" timestamp="2017-01-08T20:29:13Z" user="vibrog" uid="11992" lat="59.9672877" lon="10.5849677"/>
 <node id="4596998216" visible="true" version="1" changeset="45011149" timestamp="2017-01-08T20:29:13Z" user="vibrog" uid="11992" lat="59.9671964" lon="10.5849355"/>
 <node id="4596998217" visible="true" version="1" changeset="45011149" timestamp="2017-01-08T20:29:13Z" user="vibrog" uid="11992" lat="59.9668904" lon="10.5849865"/>
 <node id="4596998218" visible="true" version="1" changeset="45011149" timestamp="2017-01-08T20:29:13Z" user="vibrog" uid="11992" lat="59.9664393" lon="10.5850643"/>
 <node id="4596998219" visible="true" version="1" changeset="45011149" timestamp="2017-01-08T20:29:13Z" user="vibrog" uid="11992" lat="59.9660634" lon="10.5850857"/>
 <node id="4596998220" visible="true" version="1" changeset="45011149" timestamp="2017-01-08T20:29:13Z" user="vibrog" uid="11992" lat="59.9649250" lon="10.5856382"/>
 <node id="4596998221" visible="true" version="1" changeset="45011149" timestamp="2017-01-08T20:29:14Z" user="vibrog" uid="11992" lat="59.9650700" lon="10.5855202"/>
 <node id="4596998222" visible="true" version="1" changeset="45011149" timestamp="2017-01-08T20:29:14Z" user="vibrog" uid="11992" lat="59.9653170" lon="10.5853271"/>
 <node id="4596998223" visible="true" version="1" changeset="45011149" timestamp="2017-01-08T20:29:14Z" user="vibrog" uid="11992" lat="59.9655076" lon="10.5852520"/>
 <node id="4596998224" visible="true" version="1" changeset="45011149" timestamp="2017-01-08T20:29:14Z" user="vibrog" uid="11992" lat="59.9656311" lon="10.5852306"/>
 <node id="4596998225" visible="true" version="1" changeset="45011149" timestamp="2017-01-08T20:29:14Z" user="vibrog" uid="11992" lat="59.9658218" lon="10.5851125"/>
 <node id="4596998272" visible="true" version="1" changeset="45011149" timestamp="2017-01-08T20:29:14Z" user="vibrog" uid="11992" lat="59.9650673" lon="10.5840738"/>
 <node id="4597004597" visible="true" version="1" changeset="45011242" timestamp="2017-01-08T20:33:57Z" user="vibrog" uid="11992" lat="59.9677208" lon="10.5916068"/>
 <node id="4597004598" visible="true" version="1" changeset="45011242" timestamp="2017-01-08T20:33:57Z" user="vibrog" uid="11992" lat="59.9676432" lon="10.5914960"/>
 <node id="4597004599" visible="true" version="1" changeset="45011242" timestamp="2017-01-08T20:33:57Z" user="vibrog" uid="11992" lat="59.9675951" lon="10.5914126"/>
 <node id="4597004600" visible="true" version="1" changeset="45011242" timestamp="2017-01-08T20:33:57Z" user="vibrog" uid="11992" lat="59.9678018" lon="10.5911905"/>
 <node id="4597004601" visible="true" version="1" changeset="45011242" timestamp="2017-01-08T20:33:57Z" user="vibrog" uid="11992" lat="59.9677750" lon="10.5918825"/>
 <node id="4597004602" visible="true" version="1" changeset="45011242" timestamp="2017-01-08T20:33:57Z" user="vibrog" uid="11992" lat="59.9678234" lon="10.5920809"/>
 <node id="4939942633" visible="true" version="1" changeset="49882053" timestamp="2017-06-28T08:44:24Z" user="LarsMouland" uid="1614136" lat="59.9650727" lon="10.5860770"/>
 <node id="4939942634" visible="true" version="1" changeset="49882053" timestamp="2017-06-28T08:44:24Z" user="LarsMouland" uid="1614136" lat="59.9652419" lon="10.5861521"/>
 <node id="4939942635" visible="true" version="1" changeset="49882053" timestamp="2017-06-28T08:44:24Z" user="LarsMouland" uid="1614136" lat="59.9653305" lon="10.5862755"/>
 <node id="4939942636" visible="true" version="1" changeset="49882053" timestamp="2017-06-28T08:44:24Z" user="LarsMouland" uid="1614136" lat="59.9655077" lon="10.5863184"/>
 <node id="4939942637" visible="true" version="1" changeset="49882053" timestamp="2017-06-28T08:44:24Z" user="LarsMouland" uid="1614136" lat="59.9657413" lon="10.5868817"/>
 <node id="4939942638" visible="true" version="1" changeset="49882053" timestamp="2017-06-28T08:44:24Z" user="LarsMouland" uid="1614136" lat="59.9659856" lon="10.5871606"/>
 <node id="4939942639" visible="true" version="1" changeset="49882053" timestamp="2017-06-28T08:44:24Z" user="LarsMouland" uid="1614136" lat="59.9660420" lon="10.5873055"/>
 <node id="4939942640" visible="true" version="2" changeset="108572658" timestamp="2021-07-25T16:46:10Z" user="NKA" uid="3497659" lat="59.9660815" lon="10.5875217"/>
 <node id="4939942641" visible="true" version="1" changeset="49882053" timestamp="2017-06-28T08:44:24Z" user="LarsMouland" uid="1614136" lat="59.9661736" lon="10.5878795"/>
 <node id="4939942642" visible="true" version="1" changeset="49882053" timestamp="2017-06-28T08:44:24Z" user="LarsMouland" uid="1614136" lat="59.9662836" lon="10.5880404"/>
 <node id="4939942643" visible="true" version="1" changeset="49882053" timestamp="2017-06-28T08:44:24Z" user="LarsMouland" uid="1614136" lat="59.9663454" lon="10.5883837"/>
 <node id="4939942644" visible="true" version="2" changeset="59588573" timestamp="2018-06-06T05:31:12Z" user="Henningur" uid="7361057" lat="59.9664089" lon="10.5884228"/>
 <node id="4957008239" visible="true" version="1" changeset="50111848" timestamp="2017-07-07T15:35:38Z" user="vibrog" uid="11992" lat="59.9658521" lon="10.5643508"/>
 <node id="4958521747" visible="true" version="1" changeset="50132690" timestamp="2017-07-08T14:34:24Z" user="vibrog" uid="11992" lat="59.9663586" lon="10.5915189"/>
 <node id="4958521748" visible="true" version="1" changeset="50132690" timestamp="2017-07-08T14:34:24Z" user="vibrog" uid="11992" lat="59.9669624" lon="10.5917893">
  <tag k="natural" v="stone"/>
  <tag k="source" v="Bing"/>
 </node>
 <node id="4958521749" visible="true" version="1" changeset="50132690" timestamp="2017-07-08T14:34:24Z" user="vibrog" uid="11992" lat="59.9633399" lon="10.5981621"/>
 <node id="4958521751" visible="true" version="1" changeset="50132690" timestamp="2017-07-08T14:34:24Z" user="vibrog" uid="11992" lat="59.9630602" lon="10.5985099"/>
 <node id="5665584490" visible="true" version="1" changeset="59556778" timestamp="2018-06-05T05:51:45Z" user="Henningur" uid="7361057" lat="59.9670459" lon="10.5888410"/>
 <node id="5665584491" visible="true" version="1" changeset="59556778" timestamp="2018-06-05T05:51:45Z" user="Henningur" uid="7361057" lat="59.9669278" lon="10.5887766"/>
 <node id="5665584492" visible="true" version="1" changeset="59556778" timestamp="2018-06-05T05:51:45Z" user="Henningur" uid="7361057" lat="59.9668848" lon="10.5886049"/>
 <node id="5665584493" visible="true" version="1" changeset="59556778" timestamp="2018-06-05T05:51:45Z" user="Henningur" uid="7361057" lat="59.9669278" lon="10.5883260"/>
 <node id="5665584494" visible="true" version="1" changeset="59556778" timestamp="2018-06-05T05:51:45Z" user="Henningur" uid="7361057" lat="59.9668955" lon="10.5881758"/>
 <node id="5665584495" visible="true" version="1" changeset="59556778" timestamp="2018-06-05T05:51:45Z" user="Henningur" uid="7361057" lat="59.9667559" lon="10.5880899"/>
 <node id="5665584496" visible="true" version="1" changeset="59556778" timestamp="2018-06-05T05:51:45Z" user="Henningur" uid="7361057" lat="59.9666485" lon="10.5881114"/>
 <node id="5665584497" visible="true" version="1" changeset="59556778" timestamp="2018-06-05T05:51:45Z" user="Henningur" uid="7361057" lat="59.9665411" lon="10.5882187"/>
 <node id="5665584499" visible="true" version="1" changeset="59556778" timestamp="2018-06-05T05:51:45Z" user="Henningur" uid="7361057" lat="59.9662512" lon="10.5886264"/>
 <node id="5665584500" visible="true" version="1" changeset="59556778" timestamp="2018-06-05T05:51:45Z" user="Henningur" uid="7361057" lat="59.9661330" lon="10.5887980"/>
 <node id="5665584501" visible="true" version="1" changeset="59556778" timestamp="2018-06-05T05:51:45Z" user="Henningur" uid="7361057" lat="59.9660149" lon="10.5889697"/>
 <node id="5665584502" visible="true" version="1" changeset="59556778" timestamp="2018-06-05T05:51:45Z" user="Henningur" uid="7361057" lat="59.9658968" lon="10.5891628"/>
 <node id="5665584503" visible="true" version="1" changeset="59556778" timestamp="2018-06-05T05:51:45Z" user="Henningur" uid="7361057" lat="59.9657786" lon="10.5892272"/>
 <node id="5665584504" visible="true" version="1" changeset="59556778" timestamp="2018-06-05T05:51:45Z" user="Henningur" uid="7361057" lat="59.9657142" lon="10.5893345"/>
 <node id="5665584505" visible="true" version="1" changeset="59556778" timestamp="2018-06-05T05:51:45Z" user="Henningur" uid="7361057" lat="59.9655960" lon="10.5894847"/>
 <node id="5665584506" visible="true" version="1" changeset="59556778" timestamp="2018-06-05T05:51:45Z" user="Henningur" uid="7361057" lat="59.9653061" lon="10.5896564"/>
 <node id="5665584507" visible="true" version="1" changeset="59556778" timestamp="2018-06-05T05:51:45Z" user="Henningur" uid="7361057" lat="59.9651879" lon="10.5896778"/>
 <node id="5665584508" visible="true" version="1" changeset="59556778" timestamp="2018-06-05T05:51:45Z" user="Henningur" uid="7361057" lat="59.9650913" lon="10.5897636"/>
 <node id="5665584509" visible="true" version="1" changeset="59556778" timestamp="2018-06-05T05:51:45Z" user="Henningur" uid="7361057" lat="59.9650260" lon="10.5898007"/>
 <node id="5665584510" visible="true" version="2" changeset="59588573" timestamp="2018-06-06T05:31:12Z" user="Henningur" uid="7361057" lat="59.9642454" lon="10.5901678"/>
 <node id="5665584511" visible="true" version="2" changeset="108572658" timestamp="2021-07-25T16:46:10Z" user="NKA" uid="3497659" lat="59.9647137" lon="10.5899476"/>
 <node id="5668393967" visible="true" version="1" changeset="59588573" timestamp="2018-06-06T05:31:12Z" user="Henningur" uid="7361057" lat="59.9670954" lon="10.5889922"/>
 <node id="6515180835" visible="true" version="1" changeset="70837733" timestamp="2019-06-01T15:21:54Z" user="BredeA" uid="2912537" lat="59.9667105" lon="10.5932397"/>
 <node id="6515180836" visible="true" version="1" changeset="70837733" timestamp="2019-06-01T15:21:54Z" user="BredeA" uid="2912537" lat="59.9665964" lon="10.5933282"/>
 <node id="6515180837" visible="true" version="1" changeset="70837733" timestamp="2019-06-01T15:21:54Z" user="BredeA" uid="2912537" lat="59.9665037" lon="10.5934703"/>
 <node id="6515180838" visible="true" version="1" changeset="70837733" timestamp="2019-06-01T15:21:54Z" user="BredeA" uid="2912537" lat="59.9664030" lon="10.5935749"/>
 <node id="6515180839" visible="true" version="1" changeset="70837733" timestamp="2019-06-01T15:21:54Z" user="BredeA" uid="2912537" lat="59.9662245" lon="10.5937386"/>
 <node id="6515180840" visible="true" version="1" changeset="70837733" timestamp="2019-06-01T15:21:54Z" user="BredeA" uid="2912537" lat="59.9660527" lon="10.5938512"/>
 <node id="6515180841" visible="true" version="1" changeset="70837733" timestamp="2019-06-01T15:21:54Z" user="BredeA" uid="2912537" lat="59.9658889" lon="10.5939397"/>
 <node id="6515180842" visible="true" version="1" changeset="70837733" timestamp="2019-06-01T15:21:54Z" user="BredeA" uid="2912537" lat="59.9657842" lon="10.5940497"/>
 <node id="6515180843" visible="true" version="1" changeset="70837733" timestamp="2019-06-01T15:21:54Z" user="BredeA" uid="2912537" lat="59.9657144" lon="10.5942294"/>
 <node id="6515180844" visible="true" version="1" changeset="70837733" timestamp="2019-06-01T15:21:54Z" user="BredeA" uid="2912537" lat="59.9656405" lon="10.5944735"/>
 <node id="6515180845" visible="true" version="1" changeset="70837733" timestamp="2019-06-01T15:21:54Z" user="BredeA" uid="2912537" lat="59.9655345" lon="10.5946451"/>
 <node id="6515180846" visible="true" version="1" changeset="70837733" timestamp="2019-06-01T15:21:54Z" user="BredeA" uid="2912537" lat="59.9654324" lon="10.5949670"/>
 <node id="6515180847" visible="true" version="1" changeset="70837733" timestamp="2019-06-01T15:21:54Z" user="BredeA" uid="2912537" lat="59.9653411" lon="10.5951145"/>
 <node id="6515180848" visible="true" version="1" changeset="70837733" timestamp="2019-06-01T15:21:54Z" user="BredeA" uid="2912537" lat="59.9652163" lon="10.5953237"/>
 <node id="6515180849" visible="true" version="1" changeset="70837733" timestamp="2019-06-01T15:21:54Z" user="BredeA" uid="2912537" lat="59.9651612" lon="10.5955839"/>
 <node id="7152416834" visible="true" version="1" changeset="79939479" timestamp="2020-01-22T21:48:28Z" user="eivsol" uid="6655029" lat="59.9632942" lon="10.5982334"/>
 <node id="7152416847" visible="true" version="1" changeset="79939479" timestamp="2020-01-22T21:48:28Z" user="eivsol" uid="6655029" lat="59.9681556" lon="10.5958701"/>
 <node id="7152416862" visible="true" version="1" changeset="79939479" timestamp="2020-01-22T21:48:28Z" user="eivsol" uid="6655029" lat="59.9673265" lon="10.5961542"/>
 <node id="7152416863" visible="true" version="1" changeset="79939479" timestamp="2020-01-22T21:48:28Z" user="eivsol" uid="6655029" lat="59.9672574" lon="10.5961887"/>
 <node id="7710149291" visible="true" version="2" changeset="87914682" timestamp="2020-07-13T09:44:45Z" user="Thonarn" uid="252713" lat="59.9698850" lon="10.5743244"/>
 <node id="7710149292" visible="true" version="1" changeset="87914452" timestamp="2020-07-13T09:41:17Z" user="Thonarn" uid="252713" lat="59.9699244" lon="10.5741134"/>
 <node id="7710149293" visible="true" version="1" changeset="87914452" timestamp="2020-07-13T09:41:17Z" user="Thonarn" uid="252713" lat="59.9698984" lon="10.5739766"/>
 <node id="7710149294" visible="true" version="1" changeset="87914452" timestamp="2020-07-13T09:41:17Z" user="Thonarn" uid="252713" lat="59.9699853" lon="10.5736073"/>
 <node id="7710149295" visible="true" version="1" changeset="87914452" timestamp="2020-07-13T09:41:17Z" user="Thonarn" uid="252713" lat="59.9700131" lon="10.5734798"/>
 <node id="7710149296" visible="true" version="1" changeset="87914452" timestamp="2020-07-13T09:41:17Z" user="Thonarn" uid="252713" lat="59.9701336" lon="10.5733911"/>
 <node id="7710149297" visible="true" version="1" changeset="87914452" timestamp="2020-07-13T09:41:17Z" user="Thonarn" uid="252713" lat="59.9702421" lon="10.5731028"/>
 <node id="7710149298" visible="true" version="1" changeset="87914452" timestamp="2020-07-13T09:41:17Z" user="Thonarn" uid="252713" lat="59.9703175" lon="10.5729730"/>
 <node id="7710149299" visible="true" version="1" changeset="87914452" timestamp="2020-07-13T09:41:17Z" user="Thonarn" uid="252713" lat="59.9703429" lon="10.5727703"/>
 <node id="7710149300" visible="true" version="1" changeset="87914452" timestamp="2020-07-13T09:41:17Z" user="Thonarn" uid="252713" lat="59.9703798" lon="10.5725178"/>
 <node id="7710149301" visible="true" version="1" changeset="87914452" timestamp="2020-07-13T09:41:17Z" user="Thonarn" uid="252713" lat="59.9703645" lon="10.5722307"/>
 <node id="7710149302" visible="true" version="1" changeset="87914452" timestamp="2020-07-13T09:41:17Z" user="Thonarn" uid="252713" lat="59.9704214" lon="10.5720792"/>
 <node id="7710149303" visible="true" version="1" changeset="87914452" timestamp="2020-07-13T09:41:17Z" user="Thonarn" uid="252713" lat="59.9704526" lon="10.5717423"/>
 <node id="7710149304" visible="true" version="1" changeset="87914452" timestamp="2020-07-13T09:41:17Z" user="Thonarn" uid="252713" lat="59.9705204" lon="10.5715033"/>
 <node id="7710149305" visible="true" version="1" changeset="87914452" timestamp="2020-07-13T09:41:17Z" user="Thonarn" uid="252713" lat="59.9705670" lon="10.5714932"/>
 <node id="7710149306" visible="true" version="1" changeset="87914452" timestamp="2020-07-13T09:41:17Z" user="Thonarn" uid="252713" lat="59.9706953" lon="10.5712827"/>
 <node id="7710149307" visible="true" version="1" changeset="87914452" timestamp="2020-07-13T09:41:17Z" user="Thonarn" uid="252713" lat="59.9707930" lon="10.5712245"/>
 <node id="7710149308" visible="true" version="1" changeset="87914452" timestamp="2020-07-13T09:41:17Z" user="Thonarn" uid="252713" lat="59.9708628" lon="10.5712879"/>
 <node id="7710149309" visible="true" version="1" changeset="87914452" timestamp="2020-07-13T09:41:17Z" user="Thonarn" uid="252713" lat="59.9709579" lon="10.5710852"/>
 <node id="7710149310" visible="true" version="1" changeset="87914452" timestamp="2020-07-13T09:41:17Z" user="Thonarn" uid="252713" lat="59.9712115" lon="10.5708824"/>
 <node id="7710149311" visible="true" version="1" changeset="87914452" timestamp="2020-07-13T09:41:17Z" user="Thonarn" uid="252713" lat="59.9713447" lon="10.5709078"/>
 <node id="7710149312" visible="true" version="1" changeset="87914452" timestamp="2020-07-13T09:41:17Z" user="Thonarn" uid="252713" lat="59.9714208" lon="10.5708318"/>
 <node id="7710149313" visible="true" version="2" changeset="87914682" timestamp="2020-07-13T09:44:45Z" user="Thonarn" uid="252713" lat="59.9714398" lon="10.5707408"/>
 <node id="7710149314" visible="true" version="1" changeset="87914452" timestamp="2020-07-13T09:41:17Z" user="Thonarn" uid="252713" lat="59.9715159" lon="10.5706670"/>
 <node id="7710149360" visible="true" version="1" changeset="87914452" timestamp="2020-07-13T09:41:17Z" user="Thonarn" uid="252713" lat="59.9714662" lon="10.5706992"/>
 <node id="7710149361" visible="true" version="1" changeset="87914452" timestamp="2020-07-13T09:41:17Z" user="Thonarn" uid="252713" lat="59.9715028" lon="10.5706927"/>
 <node id="7710149362" visible="true" version="1" changeset="87914452" timestamp="2020-07-13T09:41:17Z" user="Thonarn" uid="252713" lat="59.9713766" lon="10.5708593"/>
 <node id="7710149363" visible="true" version="1" changeset="87914452" timestamp="2020-07-13T09:41:17Z" user="Thonarn" uid="252713" lat="59.9713996" lon="10.5708577"/>
 <node id="7710149364" visible="true" version="1" changeset="87914452" timestamp="2020-07-13T09:41:17Z" user="Thonarn" uid="252713" lat="59.9713898" lon="10.5708481"/>
 <node id="7710149365" visible="true" version="1" changeset="87914452" timestamp="2020-07-13T09:41:17Z" user="Thonarn" uid="252713" lat="59.9712781" lon="10.5708960"/>
 <node id="7710149366" visible="true" version="1" changeset="87914452" timestamp="2020-07-13T09:41:17Z" user="Thonarn" uid="252713" lat="59.9713101" lon="10.5709210"/>
 <node id="7710149367" visible="true" version="1" changeset="87914452" timestamp="2020-07-13T09:41:17Z" user="Thonarn" uid="252713" lat="59.9712431" lon="10.5708709"/>
 <node id="7710149368" visible="true" version="1" changeset="87914452" timestamp="2020-07-13T09:41:17Z" user="Thonarn" uid="252713" lat="59.9710856" lon="10.5709873"/>
 <node id="7710149369" visible="true" version="1" changeset="87914452" timestamp="2020-07-13T09:41:17Z" user="Thonarn" uid="252713" lat="59.9711529" lon="10.5709436"/>
 <node id="7710149370" visible="true" version="1" changeset="87914452" timestamp="2020-07-13T09:41:17Z" user="Thonarn" uid="252713" lat="59.9709060" lon="10.5711726"/>
 <node id="7710149371" visible="true" version="1" changeset="87914452" timestamp="2020-07-13T09:41:17Z" user="Thonarn" uid="252713" lat="59.9708201" lon="10.5712849"/>
 <node id="7710149372" visible="true" version="1" changeset="87914452" timestamp="2020-07-13T09:41:17Z" user="Thonarn" uid="252713" lat="59.9708401" lon="10.5712994"/>
 <node id="7710149373" visible="true" version="1" changeset="87914452" timestamp="2020-07-13T09:41:17Z" user="Thonarn" uid="252713" lat="59.9708013" lon="10.5712573"/>
 <node id="7710149374" visible="true" version="1" changeset="87914452" timestamp="2020-07-13T09:41:17Z" user="Thonarn" uid="252713" lat="59.9706327" lon="10.5713919"/>
 <node id="7710149375" visible="true" version="1" changeset="87914452" timestamp="2020-07-13T09:41:17Z" user="Thonarn" uid="252713" lat="59.9705428" lon="10.5715217"/>
 <node id="7710149376" visible="true" version="1" changeset="87914452" timestamp="2020-07-13T09:41:17Z" user="Thonarn" uid="252713" lat="59.9706011" lon="10.5714478"/>
 <node id="7710149377" visible="true" version="1" changeset="87914452" timestamp="2020-07-13T09:41:17Z" user="Thonarn" uid="252713" lat="59.9705862" lon="10.5714827"/>
 <node id="7710149378" visible="true" version="1" changeset="87914452" timestamp="2020-07-13T09:41:17Z" user="Thonarn" uid="252713" lat="59.9706186" lon="10.5714276"/>
 <node id="7710149379" visible="true" version="1" changeset="87914452" timestamp="2020-07-13T09:41:17Z" user="Thonarn" uid="252713" lat="59.9704363" lon="10.5719098"/>
 <node id="7710149380" visible="true" version="1" changeset="87914452" timestamp="2020-07-13T09:41:17Z" user="Thonarn" uid="252713" lat="59.9704349" lon="10.5718252"/>
 <node id="7710149381" visible="true" version="1" changeset="87914452" timestamp="2020-07-13T09:41:17Z" user="Thonarn" uid="252713" lat="59.9704336" lon="10.5719962"/>
 <node id="7710149382" visible="true" version="1" changeset="87914452" timestamp="2020-07-13T09:41:17Z" user="Thonarn" uid="252713" lat="59.9703820" lon="10.5721428"/>
 <node id="7710149383" visible="true" version="1" changeset="87914452" timestamp="2020-07-13T09:41:17Z" user="Thonarn" uid="252713" lat="59.9703653" lon="10.5726440"/>
 <node id="7710149384" visible="true" version="1" changeset="87914452" timestamp="2020-07-13T09:41:17Z" user="Thonarn" uid="252713" lat="59.9702891" lon="10.5730645"/>
 <node id="7710152085" visible="true" version="1" changeset="87914452" timestamp="2020-07-13T09:41:17Z" user="Thonarn" uid="252713" lat="59.9702645" lon="10.5730715"/>
 <node id="7710152086" visible="true" version="1" changeset="87914452" timestamp="2020-07-13T09:41:17Z" user="Thonarn" uid="252713" lat="59.9700738" lon="10.5734538"/>
 <node id="7710152087" visible="true" version="1" changeset="87914452" timestamp="2020-07-13T09:41:17Z" user="Thonarn" uid="252713" lat="59.9699918" lon="10.5735392"/>
 <node id="7710152088" visible="true" version="1" changeset="87914452" timestamp="2020-07-13T09:41:17Z" user="Thonarn" uid="252713" lat="59.9699405" lon="10.5737924"/>
 <node id="7710152089" visible="true" version="1" changeset="87914452" timestamp="2020-07-13T09:41:17Z" user="Thonarn" uid="252713" lat="59.9699190" lon="10.5738810"/>
 <node id="7710152090" visible="true" version="1" changeset="87914452" timestamp="2020-07-13T09:41:17Z" user="Thonarn" uid="252713" lat="59.9699183" lon="10.5739201"/>
 <node id="7710152091" visible="true" version="1" changeset="87914452" timestamp="2020-07-13T09:41:17Z" user="Thonarn" uid="252713" lat="59.9698953" lon="10.5739310"/>
 <node id="7710152092" visible="true" version="1" changeset="87914452" timestamp="2020-07-13T09:41:17Z" user="Thonarn" uid="252713" lat="59.9699248" lon="10.5742349"/>
 <node id="7710152093" visible="true" version="1" changeset="87914452" timestamp="2020-07-13T09:41:17Z" user="Thonarn" uid="252713" lat="59.9699172" lon="10.5742879"/>
 <node id="8343547281" visible="true" version="1" changeset="97864291" timestamp="2021-01-20T23:18:45Z" user="Ojan" uid="91295" lat="59.9711631" lon="10.5792171"/>
 <node id="8343547282" visible="true" version="1" changeset="97864291" timestamp="2021-01-20T23:18:45Z" user="Ojan" uid="91295" lat="59.9710423" lon="10.5794397"/>
 <node id="8343547283" visible="true" version="1" changeset="97864291" timestamp="2021-01-20T23:18:45Z" user="Ojan" uid="91295" lat="59.9709362" lon="10.5793083"/>
 <node id="8343547284" visible="true" version="1" changeset="97864291" timestamp="2021-01-20T23:18:45Z" user="Ojan" uid="91295" lat="59.9713134" lon="10.5790240"/>
 <node id="8343547285" visible="true" version="1" changeset="97864291" timestamp="2021-01-20T23:18:45Z" user="Ojan" uid="91295" lat="59.9712463" lon="10.5787718"/>
 <node id="8343547286" visible="true" version="1" changeset="97864291" timestamp="2021-01-20T23:18:45Z" user="Ojan" uid="91295" lat="59.9713255" lon="10.5783507"/>
 <node id="8343547287" visible="true" version="1" changeset="97864291" timestamp="2021-01-20T23:18:45Z" user="Ojan" uid="91295" lat="59.9711416" lon="10.5779913"/>
 <node id="8343547288" visible="true" version="1" changeset="97864291" timestamp="2021-01-20T23:18:45Z" user="Ojan" uid="91295" lat="59.9709591" lon="10.5777714"/>
 <node id="8343547289" visible="true" version="1" changeset="97864291" timestamp="2021-01-20T23:18:45Z" user="Ojan" uid="91295" lat="59.9708732" lon="10.5780369"/>
 <node id="8343547290" visible="true" version="1" changeset="97864291" timestamp="2021-01-20T23:18:45Z" user="Ojan" uid="91295" lat="59.9707148" lon="10.5792841"/>
 <node id="8343547291" visible="true" version="1" changeset="97864291" timestamp="2021-01-20T23:18:45Z" user="Ojan" uid="91295" lat="59.9707819" lon="10.5797186"/>
 <node id="8343547292" visible="true" version="1" changeset="97864291" timestamp="2021-01-20T23:18:45Z" user="Ojan" uid="91295" lat="59.9705456" lon="10.5797508"/>
 <node id="8343547293" visible="true" version="1" changeset="97864291" timestamp="2021-01-20T23:18:45Z" user="Ojan" uid="91295" lat="59.9704034" lon="10.5793592"/>
 <node id="8343547294" visible="true" version="1" changeset="97864291" timestamp="2021-01-20T23:18:45Z" user="Ojan" uid="91295" lat="59.9707081" lon="10.5781040"/>
 <node id="8343547295" visible="true" version="1" changeset="97864291" timestamp="2021-01-20T23:18:45Z" user="Ojan" uid="91295" lat="59.9707564" lon="10.5769050"/>
 <node id="8343547296" visible="true" version="1" changeset="97864291" timestamp="2021-01-20T23:18:45Z" user="Ojan" uid="91295" lat="59.9703107" lon="10.5763364"/>
 <node id="8343547297" visible="true" version="1" changeset="97864291" timestamp="2021-01-20T23:18:45Z" user="Ojan" uid="91295" lat="59.9702758" lon="10.5759984"/>
 <node id="8343547298" visible="true" version="1" changeset="97864291" timestamp="2021-01-20T23:18:45Z" user="Ojan" uid="91295" lat="59.9690476" lon="10.5795416"/>
 <node id="8343547299" visible="true" version="1" changeset="97864291" timestamp="2021-01-20T23:18:45Z" user="Ojan" uid="91295" lat="59.9692490" lon="10.5797535"/>
 <node id="8343547300" visible="true" version="1" changeset="97864291" timestamp="2021-01-20T23:18:45Z" user="Ojan" uid="91295" lat="59.9694772" lon="10.5796704"/>
 <node id="8343547301" visible="true" version="1" changeset="97864291" timestamp="2021-01-20T23:18:45Z" user="Ojan" uid="91295" lat="59.9690449" lon="10.5791822"/>
 <node id="8343547302" visible="true" version="1" changeset="97864291" timestamp="2021-01-20T23:18:45Z" user="Ojan" uid="91295" lat="59.9694463" lon="10.5786645"/>
 <node id="8343547303" visible="true" version="1" changeset="97864291" timestamp="2021-01-20T23:18:45Z" user="Ojan" uid="91295" lat="59.9695067" lon="10.5784982"/>
 <node id="8343547304" visible="true" version="1" changeset="97864291" timestamp="2021-01-20T23:18:45Z" user="Ojan" uid="91295" lat="59.9698154" lon="10.5794236"/>
 <node id="8343547305" visible="true" version="1" changeset="97864291" timestamp="2021-01-20T23:18:45Z" user="Ojan" uid="91295" lat="59.9699349" lon="10.5795577"/>
 <node id="8343547306" visible="true" version="1" changeset="97864291" timestamp="2021-01-20T23:18:45Z" user="Ojan" uid="91295" lat="59.9696960" lon="10.5782890"/>
 <node id="8343547307" visible="true" version="1" changeset="97864291" timestamp="2021-01-20T23:18:45Z" user="Ojan" uid="91295" lat="59.9696825" lon="10.5779752"/>
 <node id="8343547308" visible="true" version="1" changeset="97864291" timestamp="2021-01-20T23:18:45Z" user="Ojan" uid="91295" lat="59.9693926" lon="10.5782059"/>
 <node id="8343547309" visible="true" version="1" changeset="97864291" timestamp="2021-01-20T23:18:45Z" user="Ojan" uid="91295" lat="59.9687093" lon="10.5778009"/>
 <node id="8343547310" visible="true" version="1" changeset="97864291" timestamp="2021-01-20T23:18:45Z" user="Ojan" uid="91295" lat="59.9691590" lon="10.5779430"/>
 <node id="8343547311" visible="true" version="1" changeset="97864291" timestamp="2021-01-20T23:18:45Z" user="Ojan" uid="91295" lat="59.9691912" lon="10.5764705"/>
 <node id="8343547312" visible="true" version="1" changeset="97864291" timestamp="2021-01-20T23:18:45Z" user="Ojan" uid="91295" lat="59.9688892" lon="10.5766663"/>
 <node id="8343547313" visible="true" version="1" changeset="97864291" timestamp="2021-01-20T23:18:45Z" user="Ojan" uid="91295" lat="59.9695241" lon="10.5762908"/>
 <node id="8343547314" visible="true" version="1" changeset="97864291" timestamp="2021-01-20T23:18:45Z" user="Ojan" uid="91295" lat="59.9706564" lon="10.5760936"/>
 <node id="8343547315" visible="true" version="1" changeset="97864291" timestamp="2021-01-20T23:18:45Z" user="Ojan" uid="91295" lat="59.9711852" lon="10.5752729"/>
 <node id="8343547316" visible="true" version="1" changeset="97864291" timestamp="2021-01-20T23:18:45Z" user="Ojan" uid="91295" lat="59.9713510" lon="10.5752876"/>
 <node id="8343547317" visible="true" version="1" changeset="97864291" timestamp="2021-01-20T23:18:45Z" user="Ojan" uid="91295" lat="59.9718101" lon="10.5753762"/>
 <node id="8343547318" visible="true" version="1" changeset="97864291" timestamp="2021-01-20T23:18:45Z" user="Ojan" uid="91295" lat="59.9715671" lon="10.5754057"/>
 <node id="8343547319" visible="true" version="1" changeset="97864291" timestamp="2021-01-20T23:18:45Z" user="Ojan" uid="91295" lat="59.9721181" lon="10.5754861"/>
 <node id="8343547320" visible="true" version="1" changeset="97864291" timestamp="2021-01-20T23:18:45Z" user="Ojan" uid="91295" lat="59.9722866" lon="10.5755116"/>
 <node id="8343547321" visible="true" version="1" changeset="97864291" timestamp="2021-01-20T23:18:45Z" user="Ojan" uid="91295" lat="59.9726322" lon="10.5754928"/>
 <node id="8343547322" visible="true" version="1" changeset="97864291" timestamp="2021-01-20T23:18:45Z" user="Ojan" uid="91295" lat="59.9727369" lon="10.5753627"/>
 <node id="8763808680" visible="true" version="1" changeset="105272084" timestamp="2021-05-25T07:51:00Z" user="LarsMouland" uid="1614136" lat="59.9718487" lon="10.5923064"/>
 <node id="8770207969" visible="true" version="1" changeset="105380267" timestamp="2021-05-26T21:17:35Z" user="Øystein Bjørke" uid="1622854" lat="59.9674351" lon="10.5959247"/>
 <node id="8770207970" visible="true" version="1" changeset="105380267" timestamp="2021-05-26T21:17:35Z" user="Øystein Bjørke" uid="1622854" lat="59.9675170" lon="10.5957584"/>
 <node id="8770207971" visible="true" version="1" changeset="105380267" timestamp="2021-05-26T21:17:35Z" user="Øystein Bjørke" uid="1622854" lat="59.9676217" lon="10.5956136"/>
 <node id="8770207972" visible="true" version="1" changeset="105380267" timestamp="2021-05-26T21:17:35Z" user="Øystein Bjørke" uid="1622854" lat="59.9677546" lon="10.5955465"/>
 <node id="8770207973" visible="true" version="1" changeset="105380267" timestamp="2021-05-26T21:17:35Z" user="Øystein Bjørke" uid="1622854" lat="59.9678687" lon="10.5955358"/>
 <node id="8770207974" visible="true" version="1" changeset="105380267" timestamp="2021-05-26T21:17:35Z" user="Øystein Bjørke" uid="1622854" lat="59.9680059" lon="10.5953961"/>
 <node id="8770207975" visible="true" version="1" changeset="105380267" timestamp="2021-05-26T21:17:35Z" user="Øystein Bjørke" uid="1622854" lat="59.9673416" lon="10.5964724"/>
 <node id="8770207979" visible="true" version="1" changeset="105380267" timestamp="2021-05-26T21:17:35Z" user="Øystein Bjørke" uid="1622854" lat="59.9665630" lon="10.5955861"/>
 <node id="8770208000" visible="true" version="1" changeset="105380267" timestamp="2021-05-26T21:17:35Z" user="Øystein Bjørke" uid="1622854" lat="59.9643982" lon="10.5973880"/>
 <node id="8949029109" visible="true" version="1" changeset="108572658" timestamp="2021-07-25T16:46:10Z" user="NKA" uid="3497659" lat="59.9730999" lon="10.5874112"/>
 <node id="8949029110" visible="true" version="1" changeset="108572658" timestamp="2021-07-25T16:46:10Z" user="NKA" uid="3497659" lat="59.9729255" lon="10.5890098"/>
 <node id="8949029111" visible="true" version="1" changeset="108572658" timestamp="2021-07-25T16:46:10Z" user="NKA" uid="3497659" lat="59.9726073" lon="10.5891788"/>
 <node id="8949029112" visible="true" version="1" changeset="108572658" timestamp="2021-07-25T16:46:10Z" user="NKA" uid="3497659" lat="59.9721832" lon="10.5893290"/>
 <node id="8949029113" visible="true" version="1" changeset="108572658" timestamp="2021-07-25T16:46:10Z" user="NKA" uid="3497659" lat="59.9719000" lon="10.5895677"/>
 <node id="8949029114" visible="true" version="1" changeset="108572658" timestamp="2021-07-25T16:46:10Z" user="NKA" uid="3497659" lat="59.9716825" lon="10.5898681"/>
 <node id="8949029115" visible="true" version="1" changeset="108572658" timestamp="2021-07-25T16:46:10Z" user="NKA" uid="3497659" lat="59.9716168" lon="10.5900478"/>
 <node id="8949029116" visible="true" version="1" changeset="108572658" timestamp="2021-07-25T16:46:10Z" user="NKA" uid="3497659" lat="59.9715349" lon="10.5903804"/>
 <node id="8949029117" visible="true" version="1" changeset="108572658" timestamp="2021-07-25T16:46:10Z" user="NKA" uid="3497659" lat="59.9711054" lon="10.5913353"/>
 <node id="8949029118" visible="true" version="1" changeset="108572658" timestamp="2021-07-25T16:46:10Z" user="NKA" uid="3497659" lat="59.9711081" lon="10.5921292"/>
 <node id="8949029119" visible="true" version="1" changeset="108572658" timestamp="2021-07-25T16:46:10Z" user="NKA" uid="3497659" lat="59.9711980" lon="10.5953157"/>
 <node id="8949029120" visible="true" version="1" changeset="108572658" timestamp="2021-07-25T16:46:10Z" user="NKA" uid="3497659" lat="59.9711524" lon="10.5960104"/>
 <node id="8949029121" visible="true" version="1" changeset="108572658" timestamp="2021-07-25T16:46:10Z" user="NKA" uid="3497659" lat="59.9709779" lon="10.5970269"/>
 <node id="8949029122" visible="true" version="1" changeset="108572658" timestamp="2021-07-25T16:46:10Z" user="NKA" uid="3497659" lat="59.9712302" lon="10.5978316"/>
 <node id="8949029123" visible="true" version="1" changeset="108572658" timestamp="2021-07-25T16:46:10Z" user="NKA" uid="3497659" lat="59.9711537" lon="10.5975875"/>
 <node id="8949029124" visible="true" version="1" changeset="108572658" timestamp="2021-07-25T16:46:10Z" user="NKA" uid="3497659" lat="59.9713940" lon="10.5990896"/>
 <node id="9274993089" visible="true" version="1" changeset="114098893" timestamp="2021-11-22T13:34:01Z" user="mappedby" uid="6607932" lat="59.9678794" lon="10.5908006"/>
 <node id="9274993090" visible="true" version="1" changeset="114098893" timestamp="2021-11-22T13:34:01Z" user="mappedby" uid="6607932" lat="59.9679378" lon="10.5909028"/>
 <node id="9274993091" visible="true" version="1" changeset="114098893" timestamp="2021-11-22T13:34:01Z" user="mappedby" uid="6607932" lat="59.9680022" lon="10.5910173"/>
 <node id="9274993092" visible="true" version="1" changeset="114098893" timestamp="2021-11-22T13:34:01Z" user="mappedby" uid="6607932" lat="59.9680159" lon="10.5911270"/>
 <node id="9274993093" visible="true" version="1" changeset="114098893" timestamp="2021-11-22T13:34:01Z" user="mappedby" uid="6607932" lat="59.9680155" lon="10.5912351"/>
 <node id="9274993094" visible="true" version="1" changeset="114098893" timestamp="2021-11-22T13:34:01Z" user="mappedby" uid="6607932" lat="59.9681420" lon="10.5912668"/>
 <node id="9274993095" visible="true" version="1" changeset="114098893" timestamp="2021-11-22T13:34:01Z" user="mappedby" uid="6607932" lat="59.9680817" lon="10.5913233"/>
 <node id="9274993096" visible="true" version="1" changeset="114098893" timestamp="2021-11-22T13:34:01Z" user="mappedby" uid="6607932" lat="59.9683496" lon="10.5917372"/>
 <node id="9274993097" visible="true" version="1" changeset="114098893" timestamp="2021-11-22T13:34:01Z" user="mappedby" uid="6607932" lat="59.9683923" lon="10.5922082"/>
 <node id="9274993098" visible="true" version="1" changeset="114098893" timestamp="2021-11-22T13:34:01Z" user="mappedby" uid="6607932" lat="59.9684313" lon="10.5922476"/>
 <node id="9274993099" visible="true" version="1" changeset="114098893" timestamp="2021-11-22T13:34:01Z" user="mappedby" uid="6607932" lat="59.9684601" lon="10.5922141"/>
 <node id="9274993100" visible="true" version="1" changeset="114098893" timestamp="2021-11-22T13:34:01Z" user="mappedby" uid="6607932" lat="59.9684907" lon="10.5922482"/>
 <node id="9274993101" visible="true" version="1" changeset="114098893" timestamp="2021-11-22T13:34:01Z" user="mappedby" uid="6607932" lat="59.9684767" lon="10.5922907"/>
 <node id="9274993102" visible="true" version="1" changeset="114098893" timestamp="2021-11-22T13:34:01Z" user="mappedby" uid="6607932" lat="59.9690650" lon="10.5937539"/>
 <node id="9274993103" visible="true" version="1" changeset="114098893" timestamp="2021-11-22T13:34:01Z" user="mappedby" uid="6607932" lat="59.9689287" lon="10.5935534"/>
 <node id="9274993104" visible="true" version="1" changeset="114098893" timestamp="2021-11-22T13:34:01Z" user="mappedby" uid="6607932" lat="59.9690234" lon="10.5935831"/>
 <node id="9274993105" visible="true" version="1" changeset="114098893" timestamp="2021-11-22T13:34:01Z" user="mappedby" uid="6607932" lat="59.9690485" lon="10.5937009"/>
 <node id="9274993106" visible="true" version="1" changeset="114098893" timestamp="2021-11-22T13:34:01Z" user="mappedby" uid="6607932" lat="59.9704373" lon="10.5953368"/>
 <node id="9274993107" visible="true" version="1" changeset="114098893" timestamp="2021-11-22T13:34:01Z" user="mappedby" uid="6607932" lat="59.9703720" lon="10.5954273"/>
 <node id="9274993108" visible="true" version="1" changeset="114098893" timestamp="2021-11-22T13:34:01Z" user="mappedby" uid="6607932" lat="59.9703102" lon="10.5954920"/>
 <node id="9274993109" visible="true" version="1" changeset="114098893" timestamp="2021-11-22T13:34:01Z" user="mappedby" uid="6607932" lat="59.9708753" lon="10.5938710"/>
 <node id="9274993110" visible="true" version="1" changeset="114098893" timestamp="2021-11-22T13:34:01Z" user="mappedby" uid="6607932" lat="59.9708709" lon="10.5935503"/>
 <node id="9274993111" visible="true" version="1" changeset="114098893" timestamp="2021-11-22T13:34:01Z" user="mappedby" uid="6607932" lat="59.9708270" lon="10.5942324"/>
 <node id="9274993112" visible="true" version="1" changeset="114098893" timestamp="2021-11-22T13:34:01Z" user="mappedby" uid="6607932" lat="59.9708719" lon="10.5929084"/>
 <node id="9274993113" visible="true" version="1" changeset="114098893" timestamp="2021-11-22T13:34:01Z" user="mappedby" uid="6607932" lat="59.9707357" lon="10.5909529"/>
 <node id="9274993114" visible="true" version="1" changeset="114098893" timestamp="2021-11-22T13:34:01Z" user="mappedby" uid="6607932" lat="59.9703789" lon="10.5862307"/>
 <node id="9274993115" visible="true" version="1" changeset="114098893" timestamp="2021-11-22T13:34:01Z" user="mappedby" uid="6607932" lat="59.9681316" lon="10.5777569"/>
 <node id="9274993116" visible="true" version="1" changeset="114098893" timestamp="2021-11-22T13:34:01Z" user="mappedby" uid="6607932" lat="59.9669598" lon="10.5723655"/>
 <node id="9275014517" visible="true" version="1" changeset="114098893" timestamp="2021-11-22T13:34:01Z" user="mappedby" uid="6607932" lat="59.9670815" lon="10.5722694"/>
 <node id="9275014518" visible="true" version="1" changeset="114098893" timestamp="2021-11-22T13:34:01Z" user="mappedby" uid="6607932" lat="59.9671195" lon="10.5724351"/>
 <node id="9275014519" visible="true" version="1" changeset="114098893" timestamp="2021-11-22T13:34:01Z" user="mappedby" uid="6607932" lat="59.9661908" lon="10.5780497"/>
 <node id="9275014520" visible="true" version="1" changeset="114098893" timestamp="2021-11-22T13:34:01Z" user="mappedby" uid="6607932" lat="59.9674720" lon="10.5874781"/>
 <node id="9275014521" visible="true" version="1" changeset="114098893" timestamp="2021-11-22T13:34:01Z" user="mappedby" uid="6607932" lat="59.9674706" lon="10.5874587"/>
 <node id="9275014522" visible="true" version="1" changeset="114098893" timestamp="2021-11-22T13:34:01Z" user="mappedby" uid="6607932" lat="59.9674454" lon="10.5874502"/>
 <node id="9275014523" visible="true" version="1" changeset="114098893" timestamp="2021-11-22T13:34:01Z" user="mappedby" uid="6607932" lat="59.9673839" lon="10.5871036"/>
 <node id="9275014524" visible="true" version="2" changeset="134342025" timestamp="2023-03-31T11:55:55Z" user="PulisakZ" uid="9026132" lat="59.9676258" lon="10.5877216"/>
 <node id="9275014525" visible="true" version="1" changeset="114098893" timestamp="2021-11-22T13:34:01Z" user="mappedby" uid="6607932" lat="59.9678237" lon="10.5889086"/>
 <node id="9275014526" visible="true" version="1" changeset="114098893" timestamp="2021-11-22T13:34:01Z" user="mappedby" uid="6607932" lat="59.9678643" lon="10.5888899"/>
 <node id="9275014527" visible="true" version="1" changeset="114098893" timestamp="2021-11-22T13:34:01Z" user="mappedby" uid="6607932" lat="59.9678766" lon="10.5889500"/>
 <node id="9275014528" visible="true" version="1" changeset="114098893" timestamp="2021-11-22T13:34:01Z" user="mappedby" uid="6607932" lat="59.9678684" lon="10.5890849"/>
 <node id="9275014529" visible="true" version="1" changeset="114098893" timestamp="2021-11-22T13:34:01Z" user="mappedby" uid="6607932" lat="59.9678526" lon="10.5891065"/>
 <node id="9275014530" visible="true" version="1" changeset="114098893" timestamp="2021-11-22T13:34:01Z" user="mappedby" uid="6607932" lat="59.9678441" lon="10.5890796"/>
 <node id="9275014531" visible="true" version="1" changeset="114098893" timestamp="2021-11-22T13:34:01Z" user="mappedby" uid="6607932" lat="59.9678307" lon="10.5890545"/>
 <node id="9275014532" visible="true" version="1" changeset="114098893" timestamp="2021-11-22T13:34:01Z" user="mappedby" uid="6607932" lat="59.9682766" lon="10.5722615">
  <tag k="ford" v="yes"/>
 </node>
 <node id="9409935326" visible="true" version="1" changeset="116018671" timestamp="2022-01-11T10:47:40Z" user="mappedby" uid="6607932" lat="59.9663264" lon="10.5914063">
  <tag k="highway" v="street_lamp"/>
 </node>
 <node id="9424966163" visible="true" version="1" changeset="116246835" timestamp="2022-01-17T10:17:28Z" user="larsalonian" uid="422573" lat="59.9700329" lon="10.5747740"/>
 <node id="9906314282" visible="true" version="1" changeset="123986005" timestamp="2022-07-23T18:16:56Z" user="Berau" uid="11555765" lat="59.9708748" lon="10.5938320"/>
 <node id="9906314283" visible="true" version="1" changeset="123986005" timestamp="2022-07-23T18:16:56Z" user="Berau" uid="11555765" lat="59.9708288" lon="10.5938337"/>
 <node id="9906314284" visible="true" version="1" changeset="123986005" timestamp="2022-07-23T18:16:56Z" user="Berau" uid="11555765" lat="59.9708750" lon="10.5938467"/>
 <node id="9906314285" visible="true" version="1" changeset="123986005" timestamp="2022-07-23T18:16:56Z" user="Berau" uid="11555765" lat="59.9707636" lon="10.5938256"/>
 <node id="9906314286" visible="true" version="1" changeset="123986005" timestamp="2022-07-23T18:16:56Z" user="Berau" uid="11555765" lat="59.9708284" lon="10.5938673"/>
 <node id="9906314287" visible="true" version="1" changeset="123986005" timestamp="2022-07-23T18:16:56Z" user="Berau" uid="11555765" lat="59.9708307" lon="10.5938506"/>
 <node id="9906314288" visible="true" version="1" changeset="123986005" timestamp="2022-07-23T18:16:56Z" user="Berau" uid="11555765" lat="59.9708287" lon="10.5938201"/>
 <node id="9906314289" visible="true" version="1" changeset="123986005" timestamp="2022-07-23T18:16:56Z" user="Berau" uid="11555765" lat="59.9707662" lon="10.5938682"/>
 <node id="10106929724" visible="true" version="1" changeset="127630585" timestamp="2022-10-16T18:01:50Z" user="Noen" uid="605010" lat="59.9587548" lon="10.6025590"/>
 <node id="10106929725" visible="true" version="1" changeset="127630585" timestamp="2022-10-16T18:01:50Z" user="Noen" uid="605010" lat="59.9586776" lon="10.6025778"/>
 <node id="10775509609" visible="true" version="1" changeset="134342025" timestamp="2023-03-31T11:55:55Z" user="PulisakZ" uid="9026132" lat="59.9675795" lon="10.5875896"/>
 <node id="10775509610" visible="true" version="1" changeset="134342025" timestamp="2023-03-31T11:55:55Z" user="PulisakZ" uid="9026132" lat="59.9675507" lon="10.5875390"/>
 <node id="10775509611" visible="true" version="1" changeset="134342025" timestamp="2023-03-31T11:55:55Z" user="PulisakZ" uid="9026132" lat="59.9675061" lon="10.5874988"/>
 <node id="10775509612" visible="true" version="1" changeset="134342025" timestamp="2023-03-31T11:55:55Z" user="PulisakZ" uid="9026132" lat="59.9672901" lon="10.5889193"/>
 <node id="10775509613" visible="true" version="1" changeset="134342025" timestamp="2023-03-31T11:55:55Z" user="PulisakZ" uid="9026132" lat="59.9673921" lon="10.5881768">
  <tag k="ford" v="yes"/>
 </node>
 <node id="12844784995" visible="true" version="1" changeset="166406319" timestamp="2025-05-17T19:33:07Z" user="Romwriter" uid="29680" lat="59.9683567" lon="10.5864502"/>
 <node id="12844784996" visible="true" version="1" changeset="166406319" timestamp="2025-05-17T19:33:07Z" user="Romwriter" uid="29680" lat="59.9676743" lon="10.5731714"/>
 <node id="13367063730" visible="true" version="1" changeset="175759873" timestamp="2025-12-10T13:32:48Z" user="LandskapsLars" uid="22387387" lat="59.9661252" lon="10.5665115"/>
 <node id="13367063731" visible="true" version="1" changeset="175759873" timestamp="2025-12-10T13:32:48Z" user="LandskapsLars" uid="22387387" lat="59.9661923" lon="10.5666669"/>
 <node id="13367063732" visible="true" version="1" changeset="175759873" timestamp="2025-12-10T13:32:48Z" user="LandskapsLars" uid="22387387" lat="59.9663250" lon="10.5667142"/>
 <node id="13404374426" visible="true" version="1" changeset="176396560" timestamp="2025-12-25T14:17:00Z" user="LandskapsLars" uid="22387387" lat="59.9707139" lon="10.5940428"/>
 <node id="13404374427" visible="true" version="1" changeset="176396560" timestamp="2025-12-25T14:17:00Z" user="LandskapsLars" uid="22387387" lat="59.9707341" lon="10.5919321"/>
 <node id="13404374428" visible="true" version="1" changeset="176396560" timestamp="2025-12-25T14:17:00Z" user="LandskapsLars" uid="22387387" lat="59.9708656" lon="10.5919721"/>
 <way id="27564353" visible="true" version="30" changeset="176396560" timestamp="2025-12-25T14:17:00Z" user="LandskapsLars" uid="22387387">
  <nd ref="597439164"/>
  <nd ref="597439163"/>
  <nd ref="851610123"/>
  <nd ref="851609837"/>
  <nd ref="597439161"/>
  <nd ref="597439166"/>
  <nd ref="597439165"/>
  <nd ref="302650579"/>
  <nd ref="302650581"/>
  <nd ref="4422628522"/>
  <nd ref="597439167"/>
  <nd ref="597439304"/>
  <nd ref="9274993113"/>
  <nd ref="2289211846"/>
  <nd ref="13404374428"/>
  <nd ref="2289211845"/>
  <nd ref="4523645467"/>
  <nd ref="9274993112"/>
  <nd ref="4523645469"/>
  <nd ref="9274993110"/>
  <nd ref="9906314282"/>
  <nd ref="9906314284"/>
  <nd ref="9274993109"/>
  <nd ref="302650585"/>
  <nd ref="9274993111"/>
  <nd ref="597439307"/>
  <nd ref="597439310"/>
  <nd ref="597439309"/>
  <nd ref="9274993106"/>
  <nd ref="9274993107"/>
  <nd ref="9274993108"/>
  <nd ref="2289211844"/>
  <nd ref="302650537"/>
  <nd ref="597439308"/>
  <nd ref="851611021"/>
  <nd ref="302650538"/>
  <nd ref="2289211843"/>
  <nd ref="851609938"/>
  <nd ref="2289211842"/>
  <nd ref="9274993102"/>
  <nd ref="9274993105"/>
  <nd ref="9274993104"/>
  <nd ref="302650539"/>
  <nd ref="9274993103"/>
  <nd ref="851614056"/>
  <nd ref="2325387934"/>
  <nd ref="2289211840"/>
  <nd ref="2289211841"/>
  <nd ref="9274993101"/>
  <nd ref="9274993100"/>
  <nd ref="9274993099"/>
  <nd ref="9274993098"/>
  <nd ref="9274993097"/>
  <nd ref="302650541"/>
  <nd ref="9274993096"/>
  <nd ref="302650543"/>
  <nd ref="9274993094"/>
  <nd ref="9274993095"/>
  <nd ref="9274993093"/>
  <nd ref="2324610668"/>
  <nd ref="9274993092"/>
  <nd ref="9274993091"/>
  <nd ref="2289211838"/>
  <nd ref="9274993090"/>
  <nd ref="9274993089"/>
  <nd ref="302650544"/>
  <nd ref="2291068963"/>
  <nd ref="2289211830"/>
  <nd ref="316832141"/>
  <nd ref="302650546"/>
  <nd ref="595745272"/>
  <nd ref="595745267"/>
  <nd ref="2289211828"/>
  <nd ref="2289211824"/>
  <nd ref="9275014524"/>
  <nd ref="2289211820"/>
  <nd ref="10775509609"/>
  <nd ref="2289211819"/>
  <nd ref="10775509610"/>
  <nd ref="10775509611"/>
  <nd ref="9275014520"/>
  <nd ref="9275014521"/>
  <nd ref="9275014522"/>
  <nd ref="2289211803"/>
  <nd ref="9275014523"/>
  <nd ref="851614950"/>
  <nd ref="2289211799"/>
  <nd ref="2289211804"/>
  <nd ref="851613734"/>
  <nd ref="2289211821"/>
  <nd ref="2289211825"/>
  <nd ref="2289211810"/>
  <nd ref="851610647"/>
  <nd ref="851610876"/>
  <nd ref="598973024"/>
  <nd ref="2289211837"/>
  <nd ref="2289211839"/>
  <nd ref="302650549"/>
  <nd ref="2289211836"/>
  <nd ref="2289211833"/>
  <nd ref="2289211835"/>
  <nd ref="302650550"/>
  <nd ref="4422628497"/>
  <nd ref="302650551"/>
  <nd ref="2289211800"/>
  <nd ref="612389146"/>
  <nd ref="2289211792"/>
  <nd ref="597439104"/>
  <nd ref="597439106"/>
  <nd ref="2289211790"/>
  <nd ref="2289211789"/>
  <nd ref="302650553"/>
  <nd ref="597439105"/>
  <nd ref="2314267492"/>
  <nd ref="597439103"/>
  <nd ref="597439100"/>
  <nd ref="597439099"/>
  <nd ref="597439098"/>
  <nd ref="9275014519"/>
  <nd ref="597439101"/>
  <nd ref="302650556"/>
  <nd ref="2314267491"/>
  <nd ref="851611756"/>
  <nd ref="2314267493"/>
  <nd ref="598973023"/>
  <nd ref="851614644"/>
  <nd ref="2315235337"/>
  <nd ref="2314267495"/>
  <nd ref="2314267494"/>
  <nd ref="851611307"/>
  <nd ref="851610072"/>
  <nd ref="851612688"/>
  <nd ref="9275014518"/>
  <nd ref="302650559"/>
  <nd ref="9275014517"/>
  <nd ref="9274993116"/>
  <nd ref="2314267497"/>
  <nd ref="851613471"/>
  <nd ref="2314267499"/>
  <nd ref="2314267498"/>
  <nd ref="851612308"/>
  <nd ref="302650561"/>
  <nd ref="2315257172"/>
  <nd ref="2314267500"/>
  <nd ref="851610758"/>
  <nd ref="2314267501"/>
  <nd ref="2314267502"/>
  <nd ref="851611962"/>
  <nd ref="851613198"/>
  <nd ref="851614241"/>
  <nd ref="851611544"/>
  <nd ref="1039384622"/>
  <nd ref="2314267503"/>
  <nd ref="851612889"/>
  <nd ref="851611014"/>
  <nd ref="302650567"/>
  <nd ref="851610314"/>
  <nd ref="2315235336"/>
  <nd ref="4422628498"/>
  <nd ref="4422628500"/>
  <nd ref="597439097"/>
  <nd ref="4422628501"/>
  <nd ref="4422628502"/>
  <nd ref="597439111"/>
  <nd ref="9274993115"/>
  <nd ref="597439110"/>
  <nd ref="597439109"/>
  <nd ref="302650569"/>
  <nd ref="4422628499"/>
  <nd ref="597439108"/>
  <nd ref="4422628503"/>
  <nd ref="2317730157"/>
  <nd ref="4422628505"/>
  <nd ref="597439107"/>
  <nd ref="4422628506"/>
  <nd ref="597439139"/>
  <nd ref="4422628507"/>
  <nd ref="597439137"/>
  <nd ref="4422628508"/>
  <nd ref="4422628509"/>
  <nd ref="4422628510"/>
  <nd ref="597439135"/>
  <nd ref="2317730161"/>
  <nd ref="4422628513"/>
  <nd ref="4422628512"/>
  <nd ref="302650571"/>
  <nd ref="4422628514"/>
  <nd ref="4422628515"/>
  <nd ref="2317730164"/>
  <nd ref="597439154"/>
  <nd ref="2317730166"/>
  <nd ref="4422628517"/>
  <nd ref="4422628518"/>
  <nd ref="2317730168"/>
  <nd ref="851613898"/>
  <nd ref="4422628519"/>
  <nd ref="597439153"/>
  <nd ref="302650572"/>
  <nd ref="597439152"/>
  <nd ref="598973025"/>
  <nd ref="2289211816"/>
  <nd ref="302650574"/>
  <nd ref="2325109837"/>
  <nd ref="597439155"/>
  <nd ref="2289211834"/>
  <nd ref="302650577"/>
  <nd ref="597439156"/>
  <nd ref="597439158"/>
  <nd ref="597439168"/>
  <nd ref="597439159"/>
  <nd ref="597439157"/>
  <nd ref="597439160"/>
  <nd ref="597439303"/>
  <nd ref="9274993114"/>
  <nd ref="597439164"/>
  <tag k="source" v="Kartverket N50"/>
 </way>
 <way id="28818276" visible="true" version="11" changeset="26442797" timestamp="2014-10-30T16:58:10Z" user="vibrog" uid="11992">
  <nd ref="316832171"/>
  <nd ref="316832169"/>
  <nd ref="2324610673"/>
  <nd ref="316832168"/>
  <nd ref="2324610671"/>
  <nd ref="316832166"/>
  <nd ref="2325387943"/>
  <tag k="highway" v="path"/>
  <tag k="mtb:scale" v="2"/>
  <tag k="source" v="survey"/>
  <tag k="surface" v="unpaved"/>
  <tag k="trailblazed" v="yes"/>
 </way>
 <way id="28857064" visible="true" version="18" changeset="115819700" timestamp="2022-01-06T06:04:42Z" user="woodpeck_repair" uid="145231">
  <nd ref="306815424"/>
  <nd ref="2934451375"/>
  <nd ref="595745535"/>
  <tag k="highway" v="path"/>
  <tag k="mtb:scale" v="1"/>
  <tag k="piste:grooming" v="classic+skating"/>
  <tag k="piste:type" v="nordic"/>
  <tag k="source" v="survey"/>
  <tag k="surface" v="unpaved"/>
  <tag k="trailblazed" v="yes"/>
 </way>
 <way id="43796253" visible="true" version="15" changeset="108572658" timestamp="2021-07-25T16:46:10Z" user="NKA" uid="3497659">
  <nd ref="552244330"/>
  <nd ref="863942461"/>
  <nd ref="596443921"/>
  <nd ref="596443991"/>
  <nd ref="596443996"/>
  <nd ref="1039417087"/>
  <nd ref="1039417142"/>
  <nd ref="596443994"/>
  <nd ref="1039417135"/>
  <nd ref="596443985"/>
  <nd ref="1039417108"/>
  <nd ref="2428570612"/>
  <nd ref="596443989"/>
  <nd ref="4523645464"/>
  <nd ref="4523645465"/>
  <nd ref="596443978"/>
  <nd ref="596443983"/>
  <nd ref="596443980"/>
  <nd ref="552244324"/>
  <nd ref="863941893"/>
  <nd ref="596443963"/>
  <nd ref="596443954"/>
  <nd ref="596443960"/>
  <nd ref="555080971"/>
  <nd ref="596443950"/>
  <nd ref="555080985"/>
  <nd ref="596443970"/>
  <nd ref="596443975"/>
  <nd ref="555080996"/>
  <nd ref="598203868"/>
  <nd ref="596443972"/>
  <nd ref="596443910"/>
  <nd ref="555080944"/>
  <nd ref="596443913"/>
  <nd ref="555080959"/>
  <nd ref="555081005"/>
  <nd ref="595745552"/>
  <nd ref="595745551"/>
  <nd ref="596444454"/>
  <nd ref="555081016"/>
  <nd ref="597439311"/>
  <nd ref="597439312"/>
  <nd ref="555081027"/>
  <nd ref="596444471"/>
  <nd ref="8763808680"/>
  <nd ref="596444463"/>
  <nd ref="595745550"/>
  <nd ref="863942335"/>
  <nd ref="863942264"/>
  <nd ref="595745524"/>
  <nd ref="595745523"/>
  <nd ref="595745545"/>
  <nd ref="595745547"/>
  <nd ref="306815424"/>
  <tag k="class:bicycle:mtb" v="1"/>
  <tag k="highway" v="path"/>
  <tag k="mtb:scale" v="1"/>
  <tag k="name" v="Østernseterveien"/>
  <tag k="surface" v="ground"/>
  <tag k="trailblazed" v="yes"/>
 </way>
 <way id="43858510" visible="true" version="9" changeset="32883418" timestamp="2015-07-26T06:50:55Z" user="Tractor" uid="395141">
  <nd ref="306815438"/>
  <nd ref="598203851"/>
  <nd ref="317259666"/>
  <nd ref="1039417145"/>
  <nd ref="598203844"/>
  <nd ref="356729745"/>
  <nd ref="356729742"/>
  <nd ref="598203850"/>
  <nd ref="317259667"/>
  <nd ref="597439162"/>
  <nd ref="1039384435"/>
  <nd ref="317259668"/>
  <nd ref="302650578"/>
  <tag k="highway" v="path"/>
  <tag k="piste:grooming" v="classic"/>
  <tag k="piste:type" v="nordic"/>
  <tag k="source" v="survey"/>
  <tag k="surface" v="unpaved"/>
  <tag k="trail_visibility" v="intermediate"/>
 </way>
 <way id="46618652" visible="true" version="5" changeset="43968215" timestamp="2016-11-26T17:41:37Z" user="vibrog" uid="11992">
  <nd ref="306815424"/>
  <nd ref="597439306"/>
  <nd ref="4523645468"/>
  <nd ref="597439305"/>
  <nd ref="1039384364"/>
  <nd ref="1039384752"/>
  <nd ref="317259669"/>
  <nd ref="1039384361"/>
  <nd ref="1039384738"/>
  <nd ref="317259668"/>
  <tag k="highway" v="path"/>
  <tag k="source" v="survey;Bing;extrapolation"/>
  <tag k="surface" v="unpaved"/>
 </way>
 <way id="46618656" visible="true" version="16" changeset="108572658" timestamp="2021-07-25T16:46:10Z" user="NKA" uid="3497659">
  <nd ref="306815424"/>
  <nd ref="603091784"/>
  <nd ref="306815425"/>
  <nd ref="8949029118"/>
  <nd ref="306815426"/>
  <nd ref="8949029117"/>
  <nd ref="306815427"/>
  <nd ref="306815428"/>
  <nd ref="306815429"/>
  <nd ref="8949029116"/>
  <nd ref="8949029115"/>
  <nd ref="8949029114"/>
  <nd ref="306815430"/>
  <nd ref="8949029113"/>
  <nd ref="306815431"/>
  <nd ref="8949029112"/>
  <nd ref="306815432"/>
  <nd ref="8949029111"/>
  <nd ref="317263240"/>
  <nd ref="8949029110"/>
  <nd ref="306815435"/>
  <nd ref="598203864"/>
  <nd ref="306815436"/>
  <nd ref="864089809"/>
  <nd ref="306815437"/>
  <nd ref="306815438"/>
  <nd ref="864089821"/>
  <nd ref="8949029109"/>
  <nd ref="556207538"/>
  <nd ref="306815439"/>
  <nd ref="2340954657"/>
  <nd ref="306815441"/>
  <nd ref="306815442"/>
  <tag k="highway" v="unclassified"/>
  <tag k="motor_vehicle" v="private"/>
  <tag k="name" v="Brunkollveien"/>
  <tag k="snowplowing" v="yes"/>
  <tag k="surface" v="gravel"/>
  <tag k="trailblazed" v="yes"/>
 </way>
 <way id="46618683" visible="true" version="26" changeset="115811907" timestamp="2022-01-05T22:54:59Z" user="woodpeck_repair" uid="145231">
  <nd ref="556803030"/>
  <nd ref="4958521751"/>
  <nd ref="603091778"/>
  <nd ref="7152416834"/>
  <nd ref="4958521749"/>
  <nd ref="556803011"/>
  <nd ref="2337831585"/>
  <nd ref="556803905"/>
  <nd ref="556803886"/>
  <nd ref="8770208000"/>
  <nd ref="603091782"/>
  <nd ref="2291068877"/>
  <nd ref="556803952"/>
  <nd ref="556803932"/>
  <nd ref="597439276"/>
  <nd ref="556803635"/>
  <nd ref="556803622"/>
  <nd ref="597439253"/>
  <nd ref="608420661"/>
  <nd ref="8770207979"/>
  <nd ref="556803847"/>
  <nd ref="608420665"/>
  <nd ref="603091780"/>
  <nd ref="556803823"/>
  <nd ref="597439260"/>
  <nd ref="7152416863"/>
  <nd ref="8770207975"/>
  <nd ref="603091783"/>
  <nd ref="556803972"/>
  <nd ref="595745503"/>
  <nd ref="595745501"/>
  <nd ref="556210400"/>
  <tag k="highway" v="track"/>
  <tag k="lit" v="yes"/>
  <tag k="mtb:scale" v="0"/>
  <tag k="piste:grooming" v="classic+skating"/>
  <tag k="piste:lanes" v="3"/>
  <tag k="piste:type" v="nordic"/>
  <tag k="source" v="survey"/>
  <tag k="surface" v="unpaved"/>
  <tag k="tracktype" v="grade3"/>
 </way>
 <way id="46618722" visible="true" version="2" changeset="16342116" timestamp="2013-05-29T18:54:54Z" user="vibrog" uid="11992">
  <nd ref="556210589"/>
  <nd ref="595745530"/>
  <nd ref="595745532"/>
  <nd ref="595745526"/>
  <nd ref="316832169"/>
  <tag k="foot" v="yes"/>
  <tag k="highway" v="path"/>
  <tag k="source" v="survey"/>
  <tag k="surface" v="unpaved"/>
  <tag k="trail_visibility" v="intermediate"/>
 </way>
 <way id="46673109" visible="true" version="8" changeset="108572658" timestamp="2021-07-25T16:46:10Z" user="NKA" uid="3497659">
  <nd ref="306815413"/>
  <nd ref="306815414"/>
  <nd ref="918403435"/>
  <nd ref="8949029124"/>
  <nd ref="306815415"/>
  <nd ref="306815416"/>
  <nd ref="8949029122"/>
  <nd ref="8949029123"/>
  <nd ref="306815417"/>
  <nd ref="8949029121"/>
  <nd ref="306815418"/>
  <nd ref="918403613"/>
  <nd ref="306815419"/>
  <nd ref="8949029120"/>
  <nd ref="306815420"/>
  <nd ref="306815421"/>
  <nd ref="2934451377"/>
  <nd ref="8949029119"/>
  <nd ref="306815422"/>
  <nd ref="306815423"/>
  <nd ref="2934451376"/>
  <nd ref="317259651"/>
  <nd ref="306815424"/>
  <tag k="highway" v="unclassified"/>
  <tag k="motor_vehicle" v="private"/>
  <tag k="mtb:scale" v="1"/>
  <tag k="snowplowing" v="yes"/>
  <tag k="surface" v="gravel"/>
  <tag k="trailblazed" v="yes"/>
 </way>
 <way id="46677623" visible="true" version="3" changeset="26518530" timestamp="2014-11-03T05:22:39Z" user="vibrog" uid="11992">
  <nd ref="316832179"/>
  <nd ref="596506172"/>
  <nd ref="596506175"/>
  <nd ref="596506179"/>
  <nd ref="596506182"/>
  <nd ref="2324610672"/>
  <nd ref="316832168"/>
  <tag k="highway" v="path"/>
  <tag k="source" v="survey"/>
  <tag k="surface" v="unpaved"/>
  <tag k="trail_visibility" v="intermediate"/>
 </way>
 <way id="46738210" visible="true" version="7" changeset="85787749" timestamp="2020-05-26T18:54:18Z" user="eivsol" uid="6655029">
  <nd ref="2291068931"/>
  <nd ref="2291068940"/>
  <tag k="highway" v="path"/>
  <tag k="mtb:scale" v="2"/>
  <tag k="source" v="survey"/>
  <tag k="surface" v="unpaved"/>
 </way>
 <way id="46738212" visible="true" version="10" changeset="127668242" timestamp="2022-10-17T11:58:12Z" user="Noen" uid="605010">
  <nd ref="2289211794"/>
  <nd ref="597439145"/>
  <nd ref="596506094"/>
  <nd ref="597439150"/>
  <nd ref="596506091"/>
  <nd ref="596506088"/>
  <nd ref="596506087"/>
  <nd ref="306860405"/>
  <tag k="highway" v="track"/>
  <tag k="mtb:scale" v="0"/>
  <tag k="piste:grooming" v="classic"/>
  <tag k="piste:type" v="nordic"/>
  <tag k="source" v="survey"/>
  <tag k="surface" v="compacted"/>
  <tag k="tracktype" v="grade2"/>
  <tag k="trailblazed" v="yes"/>
 </way>
 <way id="46738220" visible="true" version="7" changeset="44130300" timestamp="2016-12-03T06:22:39Z" user="vibrog" uid="11992">
  <nd ref="556798142"/>
  <nd ref="612389144"/>
  <nd ref="4535232068"/>
  <nd ref="612389145"/>
  <nd ref="556799199"/>
  <nd ref="612389147"/>
  <nd ref="642225381"/>
  <nd ref="642225382"/>
  <tag k="piste:grooming" v="scooter"/>
  <tag k="piste:type" v="nordic"/>
  <tag k="source" v="survey"/>
 </way>
 <way id="46738221" visible="true" version="9" changeset="183739952" timestamp="2026-06-06T13:57:38Z" user="MatsR" uid="378549">
  <nd ref="556802908"/>
  <nd ref="2627186350"/>
  <nd ref="603091771"/>
  <nd ref="556802836"/>
  <nd ref="2627186346"/>
  <nd ref="556799199"/>
  <nd ref="2627186321"/>
  <nd ref="642055139"/>
  <nd ref="556798149"/>
  <nd ref="2627186311"/>
  <nd ref="2627186318"/>
  <nd ref="2627186325"/>
  <tag k="piste:grooming" v="scooter"/>
  <tag k="piste:lit" v="no"/>
  <tag k="piste:type" v="nordic"/>
  <tag k="source" v="survey"/>
 </way>
 <way id="46738222" visible="true" version="6" changeset="50111848" timestamp="2017-07-07T15:35:40Z" user="vibrog" uid="11992">
  <nd ref="556799012"/>
  <nd ref="597439134"/>
  <nd ref="4596998272"/>
  <nd ref="556799034"/>
  <nd ref="556799059"/>
  <nd ref="556799135"/>
  <nd ref="556799142"/>
  <nd ref="603091766"/>
  <nd ref="603091765"/>
  <nd ref="603091764"/>
  <nd ref="603091763"/>
  <nd ref="603091768"/>
  <nd ref="556798139"/>
  <tag k="highway" v="path"/>
  <tag k="piste:grooming" v="classic"/>
  <tag k="piste:type" v="nordic"/>
  <tag k="source" v="survey"/>
  <tag k="surface" v="mud"/>
  <tag k="trail_visibility" v="bad"/>
 </way>
 <way id="46738224" visible="true" version="7" changeset="44130300" timestamp="2016-12-03T06:22:39Z" user="vibrog" uid="11992">
  <nd ref="556798139"/>
  <nd ref="603091760"/>
  <nd ref="556798142"/>
  <nd ref="4535232069"/>
  <nd ref="2627186325"/>
  <nd ref="2627186329"/>
  <nd ref="2627186333"/>
  <nd ref="1039384314"/>
  <tag k="piste:grooming" v="scooter"/>
  <tag k="piste:type" v="nordic"/>
  <tag k="source" v="survey"/>
 </way>
 <way id="46738225" visible="true" version="4" changeset="183740150" timestamp="2026-06-06T14:02:50Z" user="MatsR" uid="378549">
  <nd ref="316832141"/>
  <nd ref="2289211827"/>
  <nd ref="597439151"/>
  <nd ref="596506091"/>
  <tag k="highway" v="path"/>
  <tag k="source" v="survey"/>
  <tag k="surface" v="ground"/>
 </way>
 <way id="46738227" visible="true" version="10" changeset="138157151" timestamp="2023-07-05T17:33:13Z" user="lars" uid="128123">
  <nd ref="306860405"/>
  <nd ref="306860407"/>
  <nd ref="1039417099"/>
  <nd ref="316832141"/>
  <tag k="highway" v="track"/>
  <tag k="lit" v="no"/>
  <tag k="mtb:scale" v="0"/>
  <tag k="piste:grooming" v="classic"/>
  <tag k="piste:type" v="nordic"/>
  <tag k="source" v="survey"/>
  <tag k="surface" v="gravel"/>
  <tag k="tracktype" v="grade2"/>
 </way>
 <way id="46738239" visible="true" version="7" changeset="105380267" timestamp="2021-05-26T21:17:35Z" user="Øystein Bjørke" uid="1622854">
  <nd ref="316832188"/>
  <nd ref="597439272"/>
  <nd ref="7152416847"/>
  <nd ref="597439271"/>
  <nd ref="597439270"/>
  <nd ref="8770207974"/>
  <nd ref="597439269"/>
  <nd ref="597439266"/>
  <nd ref="597439265"/>
  <nd ref="597439264"/>
  <nd ref="597439263"/>
  <nd ref="597439267"/>
  <nd ref="597439262"/>
  <nd ref="2291068962"/>
  <nd ref="597439252"/>
  <nd ref="2291068960"/>
  <nd ref="4597004597"/>
  <tag k="highway" v="path"/>
  <tag k="mtb:scale" v="1"/>
  <tag k="source" v="survey;extrapolation"/>
  <tag k="surface" v="unpaved"/>
  <tag k="trail_visibility" v="intermediate"/>
 </way>
 <way id="46738243" visible="true" version="6" changeset="56944894" timestamp="2018-03-06T19:05:55Z" user="Tractor" uid="395141">
  <nd ref="603091780"/>
  <nd ref="608420662"/>
  <nd ref="2291068944"/>
  <nd ref="597439261"/>
  <nd ref="597439267"/>
  <nd ref="597439268"/>
  <nd ref="2324610666"/>
  <tag k="highway" v="path"/>
  <tag k="piste:abandoned" v="yes"/>
  <tag k="source" v="survey;extrapolation"/>
  <tag k="surface" v="peat"/>
  <tag k="trail_visibility" v="bad"/>
 </way>
 <way id="46738244" visible="true" version="13" changeset="104748625" timestamp="2021-05-15T20:47:16Z" user="Øystein Bjørke" uid="1622854">
  <nd ref="556803823"/>
  <nd ref="608420662"/>
  <nd ref="556803779"/>
  <nd ref="556803656"/>
  <nd ref="2291068926"/>
  <nd ref="597439248"/>
  <nd ref="556803676"/>
  <nd ref="2324610662"/>
  <nd ref="597439249"/>
  <nd ref="4958521747"/>
  <nd ref="556803695"/>
  <tag k="highway" v="track"/>
  <tag k="lit" v="yes"/>
  <tag k="mtb:scale" v="1"/>
  <tag k="piste:grooming" v="backcountry"/>
  <tag k="piste:type" v="nordic"/>
  <tag k="source" v="survey"/>
  <tag k="surface" v="bark"/>
  <tag k="tracktype" v="grade5"/>
 </way>
 <way id="46835484" visible="true" version="10" changeset="115811907" timestamp="2022-01-05T23:10:51Z" user="woodpeck_repair" uid="145231">
  <nd ref="598203859"/>
  <nd ref="598203860"/>
  <nd ref="556802936"/>
  <nd ref="556802939"/>
  <nd ref="556802952"/>
  <nd ref="603091772"/>
  <nd ref="598203857"/>
  <nd ref="556802933"/>
  <nd ref="4523645474"/>
  <nd ref="556804061"/>
  <nd ref="603091788"/>
  <nd ref="556804088"/>
  <nd ref="556804115"/>
  <nd ref="603091790"/>
  <nd ref="556803999"/>
  <nd ref="556804013"/>
  <nd ref="556804014"/>
  <nd ref="556804016"/>
  <nd ref="306815425"/>
  <tag k="highway" v="track"/>
  <tag k="piste:grooming" v="classic+skating"/>
  <tag k="piste:type" v="nordic"/>
  <tag k="surface" v="bark"/>
  <tag k="tracktype" v="grade5"/>
 </way>
 <way id="46835498" visible="true" version="6" changeset="183739952" timestamp="2026-06-06T13:57:26Z" user="MatsR" uid="378549">
  <nd ref="316832141"/>
  <nd ref="556802908"/>
  <nd ref="612389147"/>
  <nd ref="302650578"/>
  <tag k="piste:grooming" v="scooter"/>
  <tag k="piste:lit" v="no"/>
  <tag k="piste:type" v="nordic"/>
  <tag k="source" v="survey"/>
 </way>
 <way id="46835502" visible="true" version="7" changeset="134342025" timestamp="2023-03-31T11:55:55Z" user="PulisakZ" uid="9026132">
  <nd ref="2291068943"/>
  <nd ref="2291068949"/>
  <nd ref="2291068950"/>
  <nd ref="2291068951"/>
  <nd ref="2291068945"/>
  <nd ref="598204676"/>
  <nd ref="2291068923"/>
  <nd ref="2291068919"/>
  <nd ref="598203895"/>
  <nd ref="2291068909"/>
  <nd ref="598203894"/>
  <nd ref="2291068884"/>
  <nd ref="2291068872"/>
  <nd ref="2291068853"/>
  <nd ref="2291068847"/>
  <nd ref="2291068843"/>
  <nd ref="598203896"/>
  <nd ref="598203891"/>
  <nd ref="2291068814"/>
  <nd ref="2291068808"/>
  <nd ref="598203890"/>
  <nd ref="2291068804"/>
  <nd ref="598203882"/>
  <nd ref="598203883"/>
  <nd ref="2291068781"/>
  <nd ref="2291068776"/>
  <nd ref="2291068771"/>
  <nd ref="2291068758"/>
  <nd ref="2291068752"/>
  <nd ref="2291068744"/>
  <nd ref="2291068738"/>
  <nd ref="598203881"/>
  <nd ref="2291068742"/>
  <nd ref="2291068745"/>
  <nd ref="2291068749"/>
  <nd ref="2291068753"/>
  <nd ref="2291068757"/>
  <nd ref="2291068754"/>
  <nd ref="598204677"/>
  <nd ref="2291068763"/>
  <nd ref="2291068773"/>
  <nd ref="2291068769"/>
  <nd ref="2291068778"/>
  <nd ref="4422632299"/>
  <nd ref="2291068774"/>
  <nd ref="2291068764"/>
  <nd ref="2291068762"/>
  <nd ref="2291068767"/>
  <nd ref="2291068768"/>
  <nd ref="2291068765"/>
  <nd ref="2291068760"/>
  <nd ref="2291068755"/>
  <nd ref="2291068751"/>
  <nd ref="2291068741"/>
  <nd ref="2291068737"/>
  <nd ref="2291068732"/>
  <nd ref="2291068729"/>
  <nd ref="2291068710"/>
  <nd ref="10106929724"/>
  <nd ref="10106929725"/>
  <nd ref="2291068692"/>
  <nd ref="2291068680"/>
  <nd ref="2291068673"/>
  <nd ref="2291068672"/>
  <nd ref="2291068669"/>
  <nd ref="2291068671"/>
  <nd ref="2291068662"/>
  <nd ref="2291068653"/>
  <nd ref="2291068650"/>
  <nd ref="2291068642"/>
  <nd ref="2291068632"/>
  <nd ref="2291068621"/>
  <nd ref="2291068609"/>
  <nd ref="2291068604"/>
  <nd ref="2291068603"/>
  <nd ref="2291068602"/>
  <nd ref="2291068601"/>
  <nd ref="2291068600"/>
  <tag k="name" v="Østernbekken"/>
  <tag k="source" v="bing;extrapolation"/>
  <tag k="waterway" v="stream"/>
 </way>
 <way id="47368688" visible="true" version="4" changeset="183739952" timestamp="2026-06-06T13:57:22Z" user="MatsR" uid="378549">
  <nd ref="556802908"/>
  <nd ref="642225382"/>
  <nd ref="306815424"/>
  <tag k="piste:grooming" v="scooter"/>
  <tag k="piste:lit" v="no"/>
  <tag k="piste:type" v="nordic"/>
  <tag k="source" v="survey"/>
 </way>
 <way id="47368690" visible="true" version="9" changeset="116246835" timestamp="2022-01-17T10:17:28Z" user="larsalonian" uid="422573">
  <nd ref="603091721"/>
  <nd ref="556798110"/>
  <nd ref="556798111"/>
  <nd ref="556798113"/>
  <nd ref="556798043"/>
  <nd ref="556798061"/>
  <nd ref="556798081"/>
  <nd ref="556798102"/>
  <nd ref="603091720"/>
  <nd ref="556798303"/>
  <nd ref="556798324"/>
  <nd ref="556798345"/>
  <nd ref="556798369"/>
  <nd ref="556798385"/>
  <nd ref="556798396"/>
  <nd ref="556798402"/>
  <nd ref="2507707512"/>
  <nd ref="556798425"/>
  <nd ref="556798442"/>
  <nd ref="556798464"/>
  <nd ref="556798200"/>
  <nd ref="556798226"/>
  <nd ref="556798251"/>
  <nd ref="2627186388"/>
  <nd ref="2627186383"/>
  <nd ref="556798253"/>
  <nd ref="603091761"/>
  <nd ref="556798271"/>
  <nd ref="603091762"/>
  <nd ref="556798295"/>
  <nd ref="4535232590"/>
  <nd ref="556798486"/>
  <nd ref="2291106403"/>
  <nd ref="9424966163"/>
  <nd ref="2627186379"/>
  <nd ref="556798513"/>
  <nd ref="2627186375"/>
  <nd ref="556798542"/>
  <nd ref="556798617"/>
  <nd ref="2627186371"/>
  <nd ref="2627186367"/>
  <nd ref="2627186363"/>
  <nd ref="642055157"/>
  <nd ref="642055154"/>
  <nd ref="642055151"/>
  <nd ref="642055148"/>
  <nd ref="642055145"/>
  <nd ref="642055142"/>
  <nd ref="642055136"/>
  <nd ref="2627186359"/>
  <nd ref="642055134"/>
  <nd ref="2627186355"/>
  <nd ref="556798136"/>
  <nd ref="2627186342"/>
  <nd ref="2627186338"/>
  <nd ref="1039384314"/>
  <tag k="man_made" v="cutline"/>
  <tag k="piste:grooming" v="classic"/>
  <tag k="piste:type" v="nordic"/>
  <tag k="source" v="survey"/>
 </way>
 <way id="47368706" visible="true" version="7" changeset="56942008" timestamp="2018-03-06T17:21:40Z" user="Tractor" uid="395141">
  <nd ref="595745535"/>
  <nd ref="556210625"/>
  <nd ref="556210644"/>
  <nd ref="317259650"/>
  <nd ref="595745548"/>
  <nd ref="317259649"/>
  <nd ref="595745549"/>
  <nd ref="556210771"/>
  <nd ref="918409062"/>
  <nd ref="2324610683"/>
  <nd ref="317259648"/>
  <nd ref="2324610682"/>
  <nd ref="556210608"/>
  <nd ref="556210589"/>
  <nd ref="2324610676"/>
  <nd ref="316832171"/>
  <tag k="highway" v="path"/>
  <tag k="mtb:scale" v="2"/>
  <tag k="surface" v="unpaved"/>
  <tag k="trailblazed" v="yes"/>
 </way>
 <way id="47368709" visible="true" version="10" changeset="115819700" timestamp="2022-01-06T05:02:23Z" user="woodpeck_repair" uid="145231">
  <nd ref="595745535"/>
  <nd ref="603091785"/>
  <nd ref="556210680"/>
  <nd ref="603091786"/>
  <nd ref="556210712"/>
  <nd ref="556210726"/>
  <nd ref="556210749"/>
  <nd ref="2324610684"/>
  <nd ref="556210497"/>
  <nd ref="556210523"/>
  <nd ref="595745534"/>
  <nd ref="2324610678"/>
  <nd ref="556210798"/>
  <nd ref="556210827"/>
  <nd ref="556210854"/>
  <nd ref="603091791"/>
  <nd ref="556210880"/>
  <tag k="class:bicycle:mtb" v="0"/>
  <tag k="highway" v="path"/>
  <tag k="mtb:scale" v="1"/>
  <tag k="piste:grooming" v="classic+skating"/>
  <tag k="piste:type" v="nordic"/>
  <tag k="source" v="survey"/>
 </way>
 <way id="89497398" visible="true" version="2" changeset="6668690" timestamp="2010-12-15T15:30:11Z" user="vibrog" uid="11992">
  <nd ref="1037762008"/>
  <nd ref="1037762010"/>
  <nd ref="1039384050"/>
  <tag k="natural" v="cliff"/>
 </way>
 <way id="89497399" visible="true" version="1" changeset="6653290" timestamp="2010-12-13T21:44:31Z" user="vibrog" uid="11992">
  <nd ref="1037762006"/>
  <nd ref="1037762007"/>
  <nd ref="1037762009"/>
  <tag k="natural" v="cliff"/>
 </way>
 <way id="89689891" visible="true" version="1" changeset="6668690" timestamp="2010-12-15T15:30:01Z" user="vibrog" uid="11992">
  <nd ref="1039384198"/>
  <nd ref="1039383950"/>
  <nd ref="1039384528"/>
  <tag k="trail_visibility" v="bad"/>
 </way>
 <way id="89689904" visible="true" version="5" changeset="17511835" timestamp="2013-08-26T08:09:44Z" user="LarsMouland" uid="1614136">
  <nd ref="598494653"/>
  <nd ref="1039384258"/>
  <nd ref="1039383908"/>
  <nd ref="1039384486"/>
  <nd ref="1039384303"/>
  <nd ref="1039383955"/>
  <nd ref="1039384534"/>
  <nd ref="1039384183"/>
  <nd ref="2315323457"/>
  <nd ref="1039384755"/>
  <nd ref="1039384374"/>
  <nd ref="1039384036"/>
  <nd ref="1039384607"/>
  <nd ref="1039384063"/>
  <nd ref="1039384628"/>
  <nd ref="1039384243"/>
  <nd ref="1039384887"/>
  <nd ref="1039384460"/>
  <nd ref="1039384127"/>
  <tag k="highway" v="path"/>
  <tag k="source" v="survey"/>
  <tag k="surface" v="ground"/>
 </way>
 <way id="89689907" visible="true" version="4" changeset="44130300" timestamp="2016-12-03T06:22:42Z" user="vibrog" uid="11992">
  <nd ref="1039384543"/>
  <nd ref="1039384279"/>
  <nd ref="2315242878"/>
  <nd ref="2434901710"/>
  <nd ref="2434901709"/>
  <nd ref="2315235312"/>
  <nd ref="2434901708"/>
  <nd ref="2434901707"/>
  <nd ref="2315235323"/>
  <nd ref="2434901705"/>
  <nd ref="2434901702"/>
  <nd ref="2434901700"/>
  <nd ref="2434901699"/>
  <nd ref="2434901698"/>
  <nd ref="2434901697"/>
  <nd ref="2434901694"/>
  <nd ref="2434901693"/>
  <nd ref="2434901691"/>
  <nd ref="2314267496"/>
  <nd ref="2434901690"/>
  <nd ref="2434901689"/>
  <nd ref="2434901688"/>
  <nd ref="2434901687"/>
  <nd ref="2434901685"/>
  <nd ref="1039417140"/>
  <nd ref="1039384460"/>
  <tag k="class:bicycle:mtb" v="-2"/>
  <tag k="highway" v="path"/>
  <tag k="mtb:scale" v="2"/>
  <tag k="source" v="survey"/>
  <tag k="surface" v="dirt"/>
  <tag k="trail_visibility" v="bad"/>
 </way>
 <way id="89689908" visible="true" version="6" changeset="22711946" timestamp="2014-06-03T10:40:17Z" user="LarsMouland" uid="1614136">
  <nd ref="1039384857"/>
  <nd ref="1039384471"/>
  <nd ref="1039384148"/>
  <nd ref="1039384295"/>
  <nd ref="1039383940"/>
  <nd ref="1039384518"/>
  <nd ref="1039384169"/>
  <nd ref="1039384732"/>
  <nd ref="1039384357"/>
  <nd ref="1039384011"/>
  <nd ref="1039384598"/>
  <nd ref="1039384390"/>
  <nd ref="1039384060"/>
  <nd ref="1039384625"/>
  <nd ref="1039384233"/>
  <nd ref="1039384872"/>
  <nd ref="1039384456"/>
  <nd ref="1039384122"/>
  <nd ref="1039384674"/>
  <nd ref="1039384149"/>
  <nd ref="1039384697"/>
  <nd ref="1039384314"/>
  <nd ref="1039383971"/>
  <nd ref="1039384546"/>
  <nd ref="1039384189"/>
  <nd ref="1039384781"/>
  <nd ref="1039384490"/>
  <nd ref="1039384157"/>
  <nd ref="1039384705"/>
  <tag k="class:bicycle:mtb" v="-2"/>
  <tag k="foot" v="yes"/>
  <tag k="highway" v="path"/>
  <tag k="mtb:scale" v="3"/>
  <tag k="source" v="survey"/>
  <tag k="surface" v="ground"/>
 </way>
 <way id="89689922" visible="true" version="1" changeset="6668690" timestamp="2010-12-15T15:30:10Z" user="vibrog" uid="11992">
  <nd ref="1039384857"/>
  <nd ref="1039384501"/>
  <nd ref="1039384164"/>
  <nd ref="1039384712"/>
  <nd ref="1039384347"/>
  <tag k="foot" v="yes"/>
  <tag k="highway" v="path"/>
  <tag k="source" v="survey"/>
  <tag k="surface" v="ground"/>
 </way>
 <way id="89693194" visible="true" version="7" changeset="108572658" timestamp="2021-07-25T16:46:10Z" user="NKA" uid="3497659">
  <nd ref="306860396"/>
  <nd ref="1039417147"/>
  <nd ref="4939942644"/>
  <nd ref="1039417112"/>
  <nd ref="2291068922"/>
  <nd ref="4596998199"/>
  <nd ref="4596998198"/>
  <nd ref="2291068930"/>
  <nd ref="2291068933"/>
  <nd ref="2291068946"/>
  <nd ref="2291068939"/>
  <nd ref="2291068942"/>
  <nd ref="2289211797"/>
  <tag k="highway" v="path"/>
  <tag k="source" v="survey"/>
  <tag k="surface" v="ground"/>
 </way>
 <way id="219782579" visible="true" version="9" changeset="138157151" timestamp="2023-07-05T17:29:03Z" user="lars" uid="128123">
  <nd ref="595745272"/>
  <nd ref="595745270"/>
  <nd ref="316832141"/>
  <nd ref="595745269"/>
  <nd ref="316832143"/>
  <tag k="highway" v="footway"/>
  <tag k="lit" v="no"/>
  <tag k="surface" v="concrete"/>
  <tag k="waterway" v="dam"/>
 </way>
 <way id="219787919" visible="true" version="3" changeset="134342025" timestamp="2023-03-31T11:55:55Z" user="PulisakZ" uid="9026132">
  <nd ref="306860405"/>
  <nd ref="2289211796"/>
  <nd ref="10775509613"/>
  <nd ref="2289211798"/>
  <nd ref="2289211809"/>
  <nd ref="2289211812"/>
  <nd ref="2289211811"/>
  <nd ref="2289211806"/>
  <nd ref="2289211805"/>
  <tag k="highway" v="track"/>
  <tag k="source" v="Bing"/>
  <tag k="surface" v="rock"/>
  <tag k="tracktype" v="grade2"/>
 </way>
 <way id="219787920" visible="true" version="6" changeset="184933119" timestamp="2026-07-01T19:02:24Z" user="lars" uid="128123">
  <nd ref="2289211797"/>
  <nd ref="2289211802"/>
  <nd ref="2289211801"/>
  <nd ref="2289211808"/>
  <nd ref="2289211813"/>
  <nd ref="2289211817"/>
  <nd ref="2289211820"/>
  <nd ref="9275014524"/>
  <nd ref="2289211822"/>
  <nd ref="2289211824"/>
  <nd ref="2289211828"/>
  <nd ref="2289211832"/>
  <nd ref="2289211831"/>
  <tag k="highway" v="footway"/>
  <tag k="surface" v="concrete"/>
  <tag k="waterway" v="dam"/>
 </way>
 <way id="219787922" visible="true" version="2" changeset="15968343" timestamp="2013-05-04T08:32:07Z" user="vibrog" uid="11992">
  <nd ref="2289211823"/>
  <nd ref="2289211824"/>
  <tag k="waterway" v="dam"/>
 </way>
 <way id="219787926" visible="true" version="3" changeset="16342665" timestamp="2013-05-29T19:34:50Z" user="vibrog" uid="11992">
  <nd ref="2289211733"/>
  <nd ref="2289211728"/>
  <nd ref="2289211721"/>
  <nd ref="2289211717"/>
  <nd ref="2289211712"/>
  <nd ref="2289211709"/>
  <nd ref="2324644370"/>
  <nd ref="2324644367"/>
  <nd ref="2324644363"/>
  <nd ref="2291068795"/>
  <nd ref="2289211708"/>
  <nd ref="2289211713"/>
  <nd ref="2289211719"/>
  <nd ref="2289211724"/>
  <nd ref="2291068805"/>
  <nd ref="2289211730"/>
  <nd ref="2289211732"/>
  <nd ref="2289211738"/>
  <nd ref="2289211750"/>
  <nd ref="2289211755"/>
  <nd ref="2289211757"/>
  <nd ref="2289211762"/>
  <nd ref="2289211773"/>
  <nd ref="2289211778"/>
  <nd ref="2289211777"/>
  <nd ref="2289211780"/>
  <nd ref="2289211783"/>
  <nd ref="2324644422"/>
  <nd ref="2324644417"/>
  <nd ref="2324644412"/>
  <nd ref="2324644410"/>
  <nd ref="2324644414"/>
  <nd ref="2324644420"/>
  <nd ref="2324644425"/>
  <nd ref="2289211786"/>
  <nd ref="2289211807"/>
  <nd ref="2289211818"/>
  <nd ref="2289211815"/>
  <nd ref="2289211793"/>
  <nd ref="2289211791"/>
  <nd ref="2289211788"/>
  <nd ref="2289211787"/>
  <nd ref="2289211785"/>
  <nd ref="2289211782"/>
  <nd ref="2289211779"/>
  <nd ref="2289211776"/>
  <nd ref="2289211771"/>
  <nd ref="2289211767"/>
  <nd ref="2289211764"/>
  <nd ref="2289211763"/>
  <nd ref="2289211751"/>
  <nd ref="2289211748"/>
  <nd ref="2289211745"/>
  <nd ref="2289211746"/>
  <nd ref="2289211744"/>
  <nd ref="2289211743"/>
  <nd ref="2289211740"/>
  <nd ref="2291068829"/>
  <nd ref="2291068844"/>
  <nd ref="2291068852"/>
  <nd ref="2291068873"/>
  <nd ref="2291068874"/>
  <nd ref="2291068865"/>
  <nd ref="2291068851"/>
  <nd ref="2291068842"/>
  <nd ref="2291068830"/>
  <nd ref="2291068821"/>
  <nd ref="2291068817"/>
  <nd ref="2291068812"/>
  <nd ref="2291068807"/>
  <nd ref="2291068802"/>
  <nd ref="2291068797"/>
  <nd ref="2291068793"/>
  <nd ref="2291068794"/>
  <nd ref="2291068798"/>
  <nd ref="2291068803"/>
  <nd ref="2289211731"/>
  <nd ref="2291068809"/>
  <nd ref="2289211729"/>
  <nd ref="2289211737"/>
  <nd ref="2289211739"/>
  <nd ref="2289211733"/>
  <tag k="natural" v="scrub"/>
 </way>
 <way id="219978901" visible="true" version="4" changeset="108572658" timestamp="2021-07-25T16:46:10Z" user="NKA" uid="3497659">
  <nd ref="306860393"/>
  <nd ref="2365479162"/>
  <nd ref="2291068910"/>
  <nd ref="2291068903"/>
  <nd ref="2291068889"/>
  <nd ref="2291068893"/>
  <nd ref="2291068900"/>
  <nd ref="2291068902"/>
  <nd ref="2291068905"/>
  <nd ref="2291068914"/>
  <nd ref="4939942640"/>
  <nd ref="2291068918"/>
  <nd ref="2291068921"/>
  <nd ref="2291068922"/>
  <tag k="highway" v="path"/>
  <tag k="surface" v="unpaved"/>
  <tag k="trail_visibility" v="intermediate"/>
 </way>
 <way id="219978909" visible="true" version="5" changeset="85787749" timestamp="2020-05-26T18:54:18Z" user="eivsol" uid="6655029">
  <nd ref="2291068952"/>
  <nd ref="2324610663"/>
  <nd ref="2291068954"/>
  <nd ref="2291068956"/>
  <nd ref="2291068958"/>
  <nd ref="4597004598"/>
  <nd ref="316832146"/>
  <tag k="highway" v="path"/>
  <tag k="mtb:scale" v="2"/>
  <tag k="source" v="survey;extrapolation"/>
  <tag k="surface" v="unpaved"/>
  <tag k="trail_visibility" v="intermediate"/>
 </way>
 <way id="219978914" visible="true" version="3" changeset="70837733" timestamp="2019-06-01T15:21:54Z" user="BredeA" uid="2912537">
  <nd ref="2291068929"/>
  <nd ref="2291068932"/>
  <nd ref="2291068934"/>
  <nd ref="2291068936"/>
  <nd ref="2291068952"/>
  <nd ref="2291068959"/>
  <nd ref="2291068962"/>
  <tag k="highway" v="path"/>
  <tag k="mtb:scale" v="2"/>
  <tag k="source" v="survey"/>
  <tag k="surface" v="unpaved"/>
  <tag k="trail_visibility" v="intermediate"/>
 </way>
 <way id="219978915" visible="true" version="4" changeset="70837733" timestamp="2019-06-01T15:21:54Z" user="BredeA" uid="2912537">
  <nd ref="556803656"/>
  <nd ref="2291068929"/>
  <nd ref="2291068935"/>
  <nd ref="2291068937"/>
  <nd ref="2291068948"/>
  <nd ref="2291068957"/>
  <nd ref="4597004599"/>
  <nd ref="316832146"/>
  <tag k="highway" v="path"/>
  <tag k="mtb:scale" v="2"/>
  <tag k="source" v="survey"/>
  <tag k="surface" v="unpaved"/>
  <tag k="trail_visibility" v="intermediate"/>
 </way>
 <way id="219978917" visible="true" version="1" changeset="15968343" timestamp="2013-05-04T08:31:48Z" user="vibrog" uid="11992">
  <nd ref="2289211801"/>
  <nd ref="2289211795"/>
  <tag k="waterway" v="dam"/>
 </way>
 <way id="219978918" visible="true" version="2" changeset="16347120" timestamp="2013-05-30T06:35:14Z" user="vibrog" uid="11992">
  <nd ref="2289211831"/>
  <nd ref="2291068961"/>
  <nd ref="595745272"/>
  <tag k="foot" v="no"/>
  <tag k="waterway" v="weir"/>
 </way>
 <way id="219978920" visible="true" version="2" changeset="31670442" timestamp="2015-06-02T17:22:31Z" user="vibrog" uid="11992">
  <nd ref="642055316"/>
  <nd ref="595745304"/>
  <nd ref="642055314"/>
  <nd ref="642055411"/>
  <nd ref="642055405"/>
  <nd ref="642055408"/>
  <nd ref="642055402"/>
  <nd ref="642055414"/>
  <nd ref="597439238"/>
  <nd ref="642055417"/>
  <nd ref="2291068904"/>
  <nd ref="642055168"/>
  <nd ref="642055171"/>
  <nd ref="597439149"/>
  <nd ref="597439148"/>
  <nd ref="597439147"/>
  <nd ref="597439146"/>
  <tag k="man_made" v="cutline"/>
  <tag k="piste:grooming" v="classic"/>
  <tag k="piste:type" v="nordic"/>
  <tag k="source" v="survey"/>
 </way>
 <way id="219983490" visible="true" version="7" changeset="97864291" timestamp="2021-01-20T23:18:45Z" user="Ojan" uid="91295">
  <nd ref="2291106457"/>
  <nd ref="2291106451"/>
  <nd ref="8343547322"/>
  <nd ref="8343547321"/>
  <nd ref="2291106435"/>
  <nd ref="8343547320"/>
  <nd ref="8343547319"/>
  <nd ref="2291106427"/>
  <nd ref="8343547317"/>
  <nd ref="8343547318"/>
  <nd ref="8343547316"/>
  <nd ref="8343547315"/>
  <nd ref="2291106406"/>
  <tag k="class:bicycle:mtb" v="-2"/>
  <tag k="highway" v="path"/>
  <tag k="source" v="Norway Orthophoto"/>
  <tag k="trail_visibility" v="bad"/>
 </way>
 <way id="219983495" visible="true" version="4" changeset="97864291" timestamp="2021-01-20T23:18:45Z" user="Ojan" uid="91295">
  <nd ref="2291106529"/>
  <nd ref="2291106523"/>
  <nd ref="2291106514"/>
  <nd ref="2291106506"/>
  <nd ref="2291106503"/>
  <nd ref="2291106501"/>
  <nd ref="2291106494"/>
  <nd ref="2317730265"/>
  <nd ref="2317730263"/>
  <nd ref="2317730261"/>
  <nd ref="2291106469"/>
  <nd ref="2291106461"/>
  <nd ref="2291106455"/>
  <nd ref="2291106447"/>
  <nd ref="2291106441"/>
  <nd ref="2291106433"/>
  <nd ref="2317730231"/>
  <nd ref="2317730229"/>
  <nd ref="2317730226"/>
  <nd ref="2317730224"/>
  <nd ref="2317730222"/>
  <nd ref="2317730219"/>
  <nd ref="2317730217"/>
  <nd ref="2317730215"/>
  <nd ref="2317730209"/>
  <nd ref="2317730207"/>
  <nd ref="2317730205"/>
  <nd ref="2317730203"/>
  <nd ref="2317730201"/>
  <nd ref="2317730195"/>
  <nd ref="2317730180"/>
  <nd ref="2317730176"/>
  <nd ref="2317730178"/>
  <nd ref="2317730191"/>
  <nd ref="2317730193"/>
  <nd ref="2317730186"/>
  <nd ref="2317730184"/>
  <nd ref="2317730197"/>
  <nd ref="2317730199"/>
  <nd ref="2317730189"/>
  <nd ref="2317730174"/>
  <nd ref="2317730172"/>
  <nd ref="851613898"/>
  <tag k="name" v="Skillebekk"/>
  <tag k="waterway" v="stream"/>
 </way>
 <way id="222567933" visible="true" version="8" changeset="47981373" timestamp="2017-04-20T18:53:57Z" user="hecktor" uid="465052">
  <nd ref="2315323453"/>
  <nd ref="2315323467"/>
  <nd ref="2315323429"/>
  <nd ref="2315323447"/>
  <nd ref="2315323463"/>
  <nd ref="2315323465"/>
  <nd ref="2315242866"/>
  <nd ref="2315242867"/>
  <nd ref="2315242865"/>
  <nd ref="2315242869"/>
  <nd ref="2315242876"/>
  <nd ref="2315242892"/>
  <nd ref="2315242896"/>
  <nd ref="2315242899"/>
  <nd ref="2315242905"/>
  <nd ref="2315242907"/>
  <nd ref="2315242903"/>
  <nd ref="2315364330"/>
  <nd ref="2315242911"/>
  <nd ref="2315242914"/>
  <nd ref="2315242916"/>
  <nd ref="2315242918"/>
  <nd ref="2315242921"/>
  <nd ref="2315242923"/>
  <nd ref="2315242927"/>
  <nd ref="2315242928"/>
  <nd ref="2315242930"/>
  <nd ref="2315242929"/>
  <nd ref="2434901681"/>
  <nd ref="2315235343"/>
  <nd ref="2315235342"/>
  <nd ref="2315323459"/>
  <nd ref="2315235341"/>
  <nd ref="2434901687"/>
  <nd ref="2315235340"/>
  <nd ref="2315242925"/>
  <nd ref="2315235339"/>
  <nd ref="2315235338"/>
  <nd ref="2315235335"/>
  <nd ref="2315235333"/>
  <nd ref="2315242901"/>
  <nd ref="2315323451"/>
  <nd ref="2315323431"/>
  <nd ref="2315235320"/>
  <nd ref="2315235325"/>
  <nd ref="2315235317"/>
  <nd ref="2315235316"/>
  <nd ref="2315235321"/>
  <nd ref="2315235319"/>
  <nd ref="2315235311"/>
  <nd ref="2315235313"/>
  <nd ref="2315235315"/>
  <nd ref="2315235322"/>
  <nd ref="2315235327"/>
  <nd ref="2315235328"/>
  <nd ref="2315235329"/>
  <nd ref="2315235330"/>
  <nd ref="2315235332"/>
  <nd ref="2315235334"/>
  <nd ref="2315235331"/>
  <nd ref="2315235326"/>
  <nd ref="2315235323"/>
  <nd ref="2315235324"/>
  <nd ref="2315235318"/>
  <nd ref="2315235314"/>
  <nd ref="2315235312"/>
  <nd ref="2315235310"/>
  <nd ref="2315235307"/>
  <nd ref="2315235305"/>
  <nd ref="2315235304"/>
  <nd ref="2315323441"/>
  <nd ref="2315235302"/>
  <nd ref="2315323445"/>
  <nd ref="2315323427"/>
  <nd ref="2315235303"/>
  <nd ref="2315323433"/>
  <nd ref="2315235300"/>
  <nd ref="2315323439"/>
  <nd ref="2315323453"/>
  <tag k="source" v="contributed"/>
 </way>
 <way id="222568743" visible="true" version="1" changeset="16230846" timestamp="2013-05-21T21:41:28Z" user="vibrog" uid="11992">
  <nd ref="2315242909"/>
  <nd ref="2289211784"/>
  <nd ref="302650554"/>
  <nd ref="2315242890"/>
  <nd ref="2315242880"/>
  <nd ref="2315242882"/>
  <nd ref="2315242894"/>
  <nd ref="2315242909"/>
  <tag k="natural" v="wetland"/>
 </way>
 <way id="222569681" visible="true" version="1" changeset="16230905" timestamp="2013-05-21T21:47:04Z" user="vibrog" uid="11992">
  <nd ref="2315257177"/>
  <nd ref="2315257181"/>
  <nd ref="2315257183"/>
  <nd ref="2315257187"/>
  <nd ref="2315257189"/>
  <nd ref="2315257195"/>
  <nd ref="2315257193"/>
  <nd ref="2315257191"/>
  <nd ref="302650565"/>
  <nd ref="2314267504"/>
  <nd ref="2315257185"/>
  <nd ref="302650563"/>
  <nd ref="2315257179"/>
  <nd ref="2315257175"/>
  <nd ref="2315257177"/>
  <tag k="natural" v="scree"/>
 </way>
 <way id="223581280" visible="true" version="2" changeset="26518530" timestamp="2014-11-03T05:22:14Z" user="vibrog" uid="11992">
  <nd ref="2324610663"/>
  <nd ref="2324610664"/>
  <nd ref="597439252"/>
  <nd ref="316832151"/>
  <tag k="highway" v="path"/>
  <tag k="source" v="survey"/>
  <tag k="surface" v="unpaved"/>
  <tag k="trail_visibility" v="intermediate"/>
 </way>
 <way id="223581281" visible="true" version="1" changeset="16342116" timestamp="2013-05-29T18:54:48Z" user="vibrog" uid="11992">
  <nd ref="317259648"/>
  <nd ref="2324610681"/>
  <nd ref="2324610680"/>
  <nd ref="2324610679"/>
  <nd ref="2324610677"/>
  <nd ref="2324610676"/>
  <tag k="foot" v="yes"/>
  <tag k="highway" v="path"/>
  <tag k="source" v="survey"/>
  <tag k="surface" v="unpaved"/>
  <tag k="trail_visibility" v="intermediate"/>
 </way>
 <way id="223581282" visible="true" version="3" changeset="56944894" timestamp="2018-03-06T19:06:06Z" user="Tractor" uid="395141">
  <nd ref="2324610666"/>
  <nd ref="2324610667"/>
  <nd ref="2324610669"/>
  <tag k="fixme" v="resurvey"/>
  <tag k="piste:abandoned" v="yes"/>
 </way>
 <way id="223584968" visible="true" version="5" changeset="127668242" timestamp="2022-10-17T11:58:12Z" user="Noen" uid="605010">
  <nd ref="2324644408"/>
  <nd ref="597439247"/>
  <nd ref="2289211772"/>
  <nd ref="597439231"/>
  <nd ref="2289211781"/>
  <nd ref="596506160"/>
  <nd ref="596506169"/>
  <nd ref="596506167"/>
  <nd ref="556803695"/>
  <tag k="highway" v="track"/>
  <tag k="lit" v="yes"/>
  <tag k="mtb:scale" v="0"/>
  <tag k="piste:grooming" v="classic"/>
  <tag k="piste:type" v="nordic"/>
  <tag k="source" v="survey"/>
  <tag k="surface" v="compacted"/>
  <tag k="tracktype" v="grade2"/>
 </way>
 <way id="223668365" visible="true" version="2" changeset="26518530" timestamp="2014-11-03T05:21:48Z" user="vibrog" uid="11992">
  <nd ref="2324610666"/>
  <nd ref="316832154"/>
  <tag k="highway" v="path"/>
  <tag k="source" v="survey;extrapolation"/>
  <tag k="surface" v="peat"/>
  <tag k="trail_visibility" v="bad"/>
 </way>
 <way id="223668366" visible="true" version="5" changeset="43968215" timestamp="2016-11-26T17:41:44Z" user="vibrog" uid="11992">
  <nd ref="2325387943"/>
  <nd ref="2325387942"/>
  <nd ref="2325387941"/>
  <nd ref="2325387940"/>
  <nd ref="2325387938"/>
  <nd ref="2325387937"/>
  <nd ref="2325387936"/>
  <nd ref="2325387932"/>
  <nd ref="2325387931"/>
  <nd ref="2325387930"/>
  <nd ref="2325387929"/>
  <nd ref="2325387928"/>
  <nd ref="2325387927"/>
  <nd ref="2325387926"/>
  <nd ref="2325387925"/>
  <nd ref="2325387924"/>
  <nd ref="2325387923"/>
  <nd ref="2325387922"/>
  <nd ref="2325387921"/>
  <nd ref="2325387920"/>
  <nd ref="316832146"/>
  <tag k="highway" v="path"/>
  <tag k="mtb:scale" v="2"/>
  <tag k="source" v="survey"/>
  <tag k="trailblazed" v="yes"/>
  <tag k="trail_visibility" v="intermediate"/>
 </way>
 <way id="223668367" visible="true" version="3" changeset="56944894" timestamp="2018-03-06T19:06:06Z" user="Tractor" uid="395141">
  <nd ref="2324610669"/>
  <nd ref="316832161"/>
  <nd ref="316832163"/>
  <nd ref="316832164"/>
  <tag k="highway" v="path"/>
  <tag k="mtb:scale" v="1"/>
  <tag k="piste:abandoned" v="yes"/>
  <tag k="source" v="survey"/>
  <tag k="surface" v="unpaved"/>
 </way>
 <way id="223668368" visible="true" version="4" changeset="45011242" timestamp="2017-01-08T20:33:59Z" user="vibrog" uid="11992">
  <nd ref="316832146"/>
  <nd ref="4597004597"/>
  <nd ref="4597004601"/>
  <nd ref="4597004602"/>
  <nd ref="316832151"/>
  <nd ref="316832153"/>
  <nd ref="316832154"/>
  <nd ref="2324610669"/>
  <tag k="highway" v="path"/>
  <tag k="mtb:scale" v="1"/>
  <tag k="source" v="survey"/>
  <tag k="surface" v="unpaved"/>
 </way>
 <way id="223668369" visible="true" version="1" changeset="16349945" timestamp="2013-05-30T10:59:58Z" user="vibrog" uid="11992">
  <nd ref="2325387937"/>
  <nd ref="316832161"/>
  <tag k="fixme" v="resurvey"/>
 </way>
 <way id="223668370" visible="true" version="1" changeset="16349945" timestamp="2013-05-30T10:59:58Z" user="vibrog" uid="11992">
  <nd ref="596506172"/>
  <nd ref="2325387939"/>
  <nd ref="316832164"/>
  <nd ref="2325387942"/>
  <nd ref="2325387944"/>
  <tag k="fixme" v="resurvey"/>
 </way>
 <way id="227919163" visible="true" version="1" changeset="16750141" timestamp="2013-06-29T10:37:19Z" user="vibrog" uid="11992">
  <nd ref="597439233"/>
  <nd ref="2365479136"/>
  <nd ref="2365479139"/>
  <nd ref="2365479140"/>
  <nd ref="2365479143"/>
  <nd ref="2365479144"/>
  <nd ref="2365479145"/>
  <nd ref="2365479150"/>
  <nd ref="2365479151"/>
  <nd ref="2365479153"/>
  <nd ref="2365479152"/>
  <nd ref="2365479154"/>
  <nd ref="2365479155"/>
  <nd ref="2365479156"/>
  <nd ref="2365479157"/>
  <nd ref="2365479158"/>
  <nd ref="2365479159"/>
  <nd ref="2365479160"/>
  <nd ref="2365479161"/>
  <nd ref="2365479163"/>
  <nd ref="2365479164"/>
  <nd ref="2365479165"/>
  <nd ref="2365479166"/>
  <nd ref="2365479168"/>
  <nd ref="2365479169"/>
  <nd ref="2365479170"/>
  <nd ref="2365479171"/>
  <nd ref="2365479173"/>
  <nd ref="2365479176"/>
  <nd ref="2365479177"/>
  <nd ref="2365479174"/>
  <nd ref="2365479172"/>
  <nd ref="2365479175"/>
  <tag k="highway" v="path"/>
  <tag k="source" v="survey"/>
  <tag k="trail_visibility" v="bad"/>
 </way>
 <way id="234468828" visible="true" version="4" changeset="56942008" timestamp="2018-03-06T17:21:43Z" user="Tractor" uid="395141">
  <nd ref="316832188"/>
  <nd ref="316832186"/>
  <nd ref="316832179"/>
  <nd ref="316832178"/>
  <nd ref="316832174"/>
  <nd ref="595745528"/>
  <nd ref="316832173"/>
  <nd ref="316832171"/>
  <tag k="highway" v="path"/>
  <tag k="mtb:scale" v="2"/>
  <tag k="source" v="survey"/>
  <tag k="surface" v="unpaved"/>
  <tag k="trailblazed" v="yes"/>
 </way>
 <way id="235097375" visible="true" version="2" changeset="32883418" timestamp="2015-07-26T06:50:58Z" user="Tractor" uid="395141">
  <nd ref="1039384705"/>
  <nd ref="1039384328"/>
  <nd ref="1039383984"/>
  <nd ref="1039384557"/>
  <nd ref="1039384200"/>
  <nd ref="1039384807"/>
  <nd ref="1039384395"/>
  <nd ref="1039384067"/>
  <nd ref="1039384631"/>
  <nd ref="1039384246"/>
  <nd ref="1039384890"/>
  <nd ref="1039384463"/>
  <nd ref="1039384144"/>
  <nd ref="1039384677"/>
  <nd ref="1039384489"/>
  <nd ref="1039384152"/>
  <nd ref="1039384704"/>
  <nd ref="1039384322"/>
  <nd ref="1039383981"/>
  <nd ref="1039384551"/>
  <nd ref="1039384198"/>
  <nd ref="1039384785"/>
  <nd ref="1039384220"/>
  <nd ref="1039384859"/>
  <nd ref="1039384425"/>
  <nd ref="1039384098"/>
  <nd ref="1039384643"/>
  <nd ref="1039384257"/>
  <nd ref="1039383905"/>
  <nd ref="1039384481"/>
  <nd ref="1039384299"/>
  <nd ref="1039383947"/>
  <nd ref="1039384527"/>
  <nd ref="1039384172"/>
  <nd ref="1039384748"/>
  <nd ref="1039384363"/>
  <nd ref="1039384016"/>
  <nd ref="1039384604"/>
  <nd ref="1039384809"/>
  <nd ref="1039384404"/>
  <nd ref="1039384085"/>
  <nd ref="1039384639"/>
  <nd ref="1039384254"/>
  <nd ref="1039384896"/>
  <nd ref="1039384469"/>
  <nd ref="1039384147"/>
  <nd ref="1039383913"/>
  <nd ref="1039384492"/>
  <nd ref="1039384162"/>
  <nd ref="1039384706"/>
  <nd ref="1039384333"/>
  <nd ref="1039383987"/>
  <nd ref="1039384561"/>
  <nd ref="1039384202"/>
  <nd ref="1039384614"/>
  <nd ref="1039384222"/>
  <nd ref="1039384861"/>
  <nd ref="1039384429"/>
  <nd ref="1039384107"/>
  <nd ref="1039384645"/>
  <nd ref="1039384264"/>
  <nd ref="1039383911"/>
  <nd ref="1039384679"/>
  <nd ref="1039384306"/>
  <nd ref="1039383960"/>
  <nd ref="1039384537"/>
  <nd ref="1039384185"/>
  <nd ref="1039384767"/>
  <nd ref="1039384376"/>
  <nd ref="1039384040"/>
  <nd ref="1039384208"/>
  <nd ref="1039384832"/>
  <nd ref="1039384411"/>
  <nd ref="1039384091"/>
  <nd ref="1039384640"/>
  <nd ref="1039384255"/>
  <nd ref="1039383891"/>
  <nd ref="1039384470"/>
  <nd ref="1039384271"/>
  <nd ref="1039383938"/>
  <nd ref="1039384517"/>
  <nd ref="1039384166"/>
  <nd ref="1039384717"/>
  <nd ref="1039384353"/>
  <nd ref="1039384006"/>
  <nd ref="1039384579"/>
  <nd ref="1039384044"/>
  <nd ref="1039384616"/>
  <nd ref="1039384224"/>
  <nd ref="1039384863"/>
  <nd ref="1039384435"/>
  <tag k="highway" v="path"/>
  <tag k="source" v="survey"/>
  <tag k="surface" v="ground"/>
 </way>
 <way id="235097380" visible="true" version="5" changeset="114098893" timestamp="2021-11-22T13:34:01Z" user="mappedby" uid="6607932">
  <nd ref="1039384127"/>
  <nd ref="2315235344"/>
  <nd ref="1039384675"/>
  <nd ref="1039384298"/>
  <nd ref="1039384151"/>
  <nd ref="1039384703"/>
  <nd ref="1039384320"/>
  <nd ref="9275014532"/>
  <nd ref="1039383980"/>
  <nd ref="1039384549"/>
  <nd ref="1039384194"/>
  <nd ref="1039384857"/>
  <tag k="class:bicycle:mtb" v="-2"/>
  <tag k="highway" v="path"/>
  <tag k="mtb:scale" v="2"/>
  <tag k="source" v="survey"/>
  <tag k="surface" v="ground"/>
 </way>
 <way id="235579415" visible="true" version="4" changeset="127668242" timestamp="2022-10-17T11:58:12Z" user="Noen" uid="605010">
  <nd ref="556803695"/>
  <nd ref="597439250"/>
  <nd ref="2324644428"/>
  <nd ref="597439251"/>
  <nd ref="2291068931"/>
  <tag k="highway" v="track"/>
  <tag k="mtb:scale" v="0"/>
  <tag k="piste:grooming" v="classic"/>
  <tag k="piste:type" v="nordic"/>
  <tag k="source" v="survey"/>
  <tag k="surface" v="compacted"/>
  <tag k="tracktype" v="grade2"/>
 </way>
 <way id="244264697" visible="true" version="3" changeset="97864291" timestamp="2021-01-20T23:18:45Z" user="Ojan" uid="91295">
  <nd ref="2291106406"/>
  <nd ref="2516027654"/>
  <nd ref="2516027656"/>
  <nd ref="2516027658"/>
  <nd ref="2516027659"/>
  <nd ref="8343547314"/>
  <nd ref="2516027660"/>
  <nd ref="2516027661"/>
  <nd ref="2516027662"/>
  <nd ref="2516027664"/>
  <tag k="class:bicycle:mtb" v="-3"/>
  <tag k="highway" v="path"/>
  <tag k="source" v="Norway Orthophoto"/>
  <tag k="trail_visibility" v="bad"/>
 </way>
 <way id="244918956" visible="true" version="2" changeset="97864291" timestamp="2021-01-20T23:18:45Z" user="Ojan" uid="91295">
  <nd ref="2521922142"/>
  <nd ref="8343547295"/>
  <nd ref="8343547296"/>
  <nd ref="8343547297"/>
  <nd ref="2521922143"/>
  <nd ref="8343547313"/>
  <nd ref="8343547311"/>
  <nd ref="8343547312"/>
  <nd ref="2521922144"/>
  <nd ref="8343547309"/>
  <nd ref="8343547310"/>
  <nd ref="8343547308"/>
  <nd ref="8343547307"/>
  <nd ref="8343547306"/>
  <nd ref="8343547303"/>
  <nd ref="8343547302"/>
  <nd ref="8343547301"/>
  <nd ref="8343547298"/>
  <nd ref="8343547299"/>
  <nd ref="8343547300"/>
  <nd ref="8343547304"/>
  <nd ref="8343547305"/>
  <nd ref="2521922145"/>
  <nd ref="8343547293"/>
  <nd ref="8343547292"/>
  <nd ref="8343547291"/>
  <nd ref="8343547290"/>
  <nd ref="8343547283"/>
  <nd ref="8343547282"/>
  <nd ref="8343547281"/>
  <nd ref="8343547284"/>
  <nd ref="8343547285"/>
  <nd ref="8343547286"/>
  <nd ref="8343547287"/>
  <nd ref="8343547288"/>
  <nd ref="8343547289"/>
  <nd ref="8343547294"/>
  <nd ref="2521922142"/>
  <tag k="landuse" v="forest"/>
  <tag k="wood" v="logging_area"/>
 </way>
 <way id="257111325" visible="true" version="3" changeset="56966764" timestamp="2018-03-07T12:15:30Z" user="Tractor" uid="395141">
  <nd ref="556798617"/>
  <nd ref="556798740"/>
  <nd ref="556798761"/>
  <nd ref="556798691"/>
  <nd ref="556798720"/>
  <nd ref="556798134"/>
  <nd ref="556798135"/>
  <nd ref="556798136"/>
  <nd ref="597439113"/>
  <nd ref="1039384781"/>
  <nd ref="597439112"/>
  <tag k="man_made" v="cutline"/>
  <tag k="piste:grooming" v="backcountry"/>
  <tag k="piste:type" v="nordic"/>
  <tag k="source" v="survey"/>
 </way>
 <way id="257111326" visible="true" version="2" changeset="44130300" timestamp="2016-12-03T06:22:43Z" user="vibrog" uid="11992">
  <nd ref="556798149"/>
  <nd ref="4535232067"/>
  <nd ref="597439112"/>
  <tag k="piste:grooming" v="backcountry"/>
  <tag k="piste:type" v="nordic"/>
  <tag k="source" v="survey"/>
 </way>
 <way id="259702670" visible="true" version="2" changeset="87914452" timestamp="2020-07-13T09:41:17Z" user="Thonarn" uid="252713">
  <nd ref="2291106406"/>
  <nd ref="2291106404"/>
  <nd ref="556798486"/>
  <nd ref="7710149291"/>
  <nd ref="2291106401"/>
  <nd ref="2291106399"/>
  <nd ref="2291106397"/>
  <nd ref="2291106395"/>
  <nd ref="2291106393"/>
  <nd ref="2291106386"/>
  <nd ref="1039384347"/>
  <tag k="fixme" v="resurvey"/>
  <tag k="highway" v="path"/>
  <tag k="source" v="knowledge;Bing"/>
  <tag k="trail_visibility" v="bad"/>
 </way>
 <way id="310393803" visible="true" version="2" changeset="26480631" timestamp="2014-11-01T12:32:25Z" user="vibrog" uid="11992">
  <nd ref="316832164"/>
  <nd ref="2325387943"/>
  <tag k="highway" v="path"/>
  <tag k="mtb:scale" v="2"/>
  <tag k="source" v="survey"/>
  <tag k="surface" v="unpaved"/>
 </way>
 <way id="310393804" visible="true" version="2" changeset="186531670" timestamp="2026-07-28T17:02:19Z" user="lars" uid="128123">
  <nd ref="316832144"/>
  <nd ref="316832146"/>
  <tag k="highway" v="path"/>
  <tag k="mtb:scale" v="2"/>
  <tag k="source" v="survey"/>
  <tag k="surface" v="ground"/>
  <tag k="trail_visibility" v="intermediate"/>
 </way>
 <way id="310646649" visible="true" version="3" changeset="85787749" timestamp="2020-05-26T18:54:18Z" user="eivsol" uid="6655029">
  <nd ref="316832146"/>
  <nd ref="2289211814"/>
  <nd ref="2291068953"/>
  <nd ref="2291068940"/>
  <tag k="highway" v="path"/>
  <tag k="mtb:scale" v="2"/>
  <tag k="source" v="survey"/>
  <tag k="surface" v="unpaved"/>
  <tag k="trailblazed" v="yes"/>
 </way>
 <way id="310646652" visible="true" version="3" changeset="186531670" timestamp="2026-07-28T17:02:14Z" user="lars" uid="128123">
  <nd ref="2325387920"/>
  <nd ref="4597004600"/>
  <nd ref="316832144"/>
  <nd ref="316832143"/>
  <tag k="highway" v="path"/>
  <tag k="mtb:scale" v="2"/>
  <tag k="source" v="survey"/>
  <tag k="surface" v="ground"/>
  <tag k="trail_visibility" v="intermediate"/>
 </way>
 <way id="310646654" visible="true" version="5" changeset="127668242" timestamp="2022-10-17T11:58:12Z" user="Noen" uid="605010">
  <nd ref="2291068931"/>
  <nd ref="2289211794"/>
  <tag k="highway" v="track"/>
  <tag k="mtb:scale" v="0"/>
  <tag k="piste:grooming" v="classic"/>
  <tag k="piste:type" v="nordic"/>
  <tag k="source" v="survey"/>
  <tag k="surface" v="compacted"/>
  <tag k="tracktype" v="grade2"/>
 </way>
 <way id="310853793" visible="true" version="1" changeset="26511804" timestamp="2014-11-02T19:57:43Z" user="vibrog" uid="11992">
  <nd ref="2289211794"/>
  <nd ref="3163516428"/>
  <nd ref="2291068940"/>
  <tag k="fixme" v="resurvey"/>
  <tag k="highway" v="path"/>
  <tag k="source" v="Bærum Turlag"/>
  <tag k="trailblazed" v="yes"/>
 </way>
 <way id="444612469" visible="true" version="3" changeset="114098893" timestamp="2021-11-22T13:34:01Z" user="mappedby" uid="6607932">
  <nd ref="4420767966"/>
  <nd ref="4420767958"/>
  <nd ref="4420767957"/>
  <nd ref="4420767956"/>
  <nd ref="4420767954"/>
  <nd ref="4420767953"/>
  <nd ref="4420767952"/>
  <nd ref="4420767950"/>
  <nd ref="4420767949"/>
  <nd ref="4420767947"/>
  <nd ref="4420767946"/>
  <nd ref="4420767944"/>
  <nd ref="4420767942"/>
  <nd ref="4420767940"/>
  <nd ref="4420767939"/>
  <nd ref="4420767938"/>
  <nd ref="4420767937"/>
  <nd ref="4420767934"/>
  <nd ref="4420767933"/>
  <nd ref="4420767932"/>
  <nd ref="4420767931"/>
  <nd ref="4420767930"/>
  <nd ref="4420767929"/>
  <nd ref="4420767928"/>
  <nd ref="4420767927"/>
  <nd ref="4420767926"/>
  <nd ref="4420767925"/>
  <nd ref="4420767924"/>
  <nd ref="4420767923"/>
  <nd ref="9275014532"/>
  <nd ref="2314267501"/>
  <tag k="source" v="Kartverket N50"/>
  <tag k="source:date" v="1965-07-01"/>
  <tag k="waterway" v="stream"/>
 </way>
 <way id="444802009" visible="true" version="1" changeset="42503216" timestamp="2016-09-28T19:37:22Z" user="LarsMouland_import" uid="4537757">
  <nd ref="4422628533"/>
  <nd ref="4422628532"/>
  <nd ref="4422628531"/>
  <nd ref="4422628530"/>
  <nd ref="4422628529"/>
  <nd ref="4422628528"/>
  <nd ref="4422628527"/>
  <nd ref="4422628526"/>
  <nd ref="4422628525"/>
  <nd ref="4422628524"/>
  <nd ref="4422628523"/>
  <nd ref="4422628522"/>
  <tag k="source" v="Kartverket N50"/>
  <tag k="source:date" v="1965-07-01"/>
  <tag k="waterway" v="stream"/>
 </way>
 <way id="444802017" visible="true" version="3" changeset="175759873" timestamp="2025-12-10T13:32:48Z" user="LandskapsLars" uid="22387387">
  <nd ref="4422628482"/>
  <nd ref="4957008239"/>
  <nd ref="4422628483"/>
  <nd ref="4422628485"/>
  <nd ref="13367063730"/>
  <nd ref="13367063731"/>
  <nd ref="13367063732"/>
  <nd ref="4422628488"/>
  <nd ref="4422628490"/>
  <nd ref="4422628491"/>
  <nd ref="4422628492"/>
  <nd ref="4422628494"/>
  <nd ref="2314267498"/>
  <tag k="source" v="Kartverket N50"/>
  <tag k="source:date" v="1965-07-01"/>
  <tag k="waterway" v="stream"/>
 </way>
 <way id="464605968" visible="true" version="1" changeset="45011149" timestamp="2017-01-08T20:29:14Z" user="vibrog" uid="11992">
  <nd ref="4596998197"/>
  <nd ref="4596998196"/>
  <nd ref="4596998195"/>
  <nd ref="4596998194"/>
  <nd ref="4596998193"/>
  <nd ref="4596998192"/>
  <nd ref="556798139"/>
  <nd ref="597439093"/>
  <tag k="fixme" v="resurvey"/>
  <tag k="highway" v="path"/>
  <tag k="source" v="Strava;Bing"/>
  <tag k="trail_visibility" v="intermediate"/>
 </way>
 <way id="464605969" visible="true" version="2" changeset="50111848" timestamp="2017-07-07T15:35:42Z" user="vibrog" uid="11992">
  <nd ref="2291068930"/>
  <nd ref="4596998200"/>
  <nd ref="4596998201"/>
  <nd ref="4596998202"/>
  <nd ref="4596998217"/>
  <nd ref="4596998211"/>
  <nd ref="4596998210"/>
  <nd ref="4596998209"/>
  <nd ref="4596998208"/>
  <nd ref="4596998207"/>
  <nd ref="4596998206"/>
  <nd ref="4596998205"/>
  <nd ref="4596998204"/>
  <nd ref="4596998203"/>
  <nd ref="556799135"/>
  <nd ref="597439129"/>
  <nd ref="597439128"/>
  <tag k="fixme" v="resurvey"/>
  <tag k="highway" v="path"/>
  <tag k="source" v="Strava;Bing"/>
  <tag k="surface" v="ground"/>
  <tag k="trail_visibility" v="intermediate"/>
 </way>
 <way id="464605970" visible="true" version="1" changeset="45011149" timestamp="2017-01-08T20:29:14Z" user="vibrog" uid="11992">
  <nd ref="2365479134"/>
  <nd ref="4596998220"/>
  <nd ref="4596998221"/>
  <nd ref="4596998222"/>
  <nd ref="4596998223"/>
  <nd ref="4596998224"/>
  <nd ref="4596998225"/>
  <nd ref="4596998219"/>
  <nd ref="4596998218"/>
  <nd ref="4596998217"/>
  <nd ref="4596998216"/>
  <nd ref="4596998215"/>
  <nd ref="4596998214"/>
  <nd ref="4596998213"/>
  <nd ref="4596998212"/>
  <tag k="fixme" v="resurvey"/>
  <tag k="highway" v="path"/>
  <tag k="source" v="Strava;Bing"/>
  <tag k="trail_visibility" v="intermediate"/>
 </way>
 <way id="464606707" visible="true" version="2" changeset="85787749" timestamp="2020-05-26T18:54:18Z" user="eivsol" uid="6655029">
  <nd ref="2289211814"/>
  <nd ref="4597004599"/>
  <nd ref="4597004598"/>
  <nd ref="4597004597"/>
  <tag k="highway" v="path"/>
  <tag k="mtb:scale" v="2"/>
  <tag k="source" v="Strava;Bing"/>
  <tag k="trail_visibility" v="intermediate"/>
 </way>
 <way id="503714843" visible="true" version="1" changeset="49882053" timestamp="2017-06-28T08:44:24Z" user="LarsMouland" uid="1614136">
  <nd ref="2365479134"/>
  <nd ref="4939942633"/>
  <nd ref="4939942634"/>
  <nd ref="4939942635"/>
  <nd ref="4939942636"/>
  <nd ref="4939942637"/>
  <nd ref="4939942638"/>
  <nd ref="4939942639"/>
  <nd ref="4939942640"/>
  <nd ref="4939942641"/>
  <nd ref="4939942642"/>
  <nd ref="4939942643"/>
  <nd ref="4939942644"/>
  <tag k="highway" v="path"/>
  <tag k="mtb:scale" v="1"/>
 </way>
 <way id="594034817" visible="true" version="4" changeset="108572658" timestamp="2021-07-25T16:46:10Z" user="NKA" uid="3497659">
  <nd ref="5668393967"/>
  <nd ref="5665584490"/>
  <nd ref="5665584491"/>
  <nd ref="5665584492"/>
  <nd ref="5665584493"/>
  <nd ref="5665584494"/>
  <nd ref="5665584495"/>
  <nd ref="5665584496"/>
  <nd ref="5665584497"/>
  <nd ref="4939942644"/>
  <nd ref="5665584499"/>
  <nd ref="5665584500"/>
  <nd ref="5665584501"/>
  <nd ref="5665584502"/>
  <nd ref="5665584503"/>
  <nd ref="5665584504"/>
  <nd ref="5665584505"/>
  <nd ref="2291068903"/>
  <nd ref="5665584506"/>
  <nd ref="5665584507"/>
  <nd ref="5665584508"/>
  <nd ref="5665584509"/>
  <nd ref="5665584511"/>
  <nd ref="5665584510"/>
  <tag k="highway" v="path"/>
  <tag k="name" v="Østernvannstien"/>
 </way>
 <way id="693931404" visible="true" version="1" changeset="70837733" timestamp="2019-06-01T15:21:54Z" user="BredeA" uid="2912537">
  <nd ref="2291068888"/>
  <nd ref="6515180849"/>
  <nd ref="6515180848"/>
  <nd ref="6515180847"/>
  <nd ref="6515180846"/>
  <nd ref="6515180845"/>
  <nd ref="6515180844"/>
  <nd ref="6515180843"/>
  <nd ref="6515180842"/>
  <nd ref="6515180841"/>
  <nd ref="6515180840"/>
  <nd ref="6515180839"/>
  <nd ref="6515180838"/>
  <nd ref="6515180837"/>
  <nd ref="6515180836"/>
  <nd ref="6515180835"/>
  <nd ref="556803656"/>
  <tag k="highway" v="path"/>
  <tag k="mtb:scale" v="2"/>
 </way>
 <way id="789182605" visible="true" version="2" changeset="127668242" timestamp="2022-10-17T11:58:12Z" user="Noen" uid="605010">
  <nd ref="595745302"/>
  <nd ref="306860384"/>
  <nd ref="595745493"/>
  <nd ref="306860386"/>
  <nd ref="597439230"/>
  <nd ref="306860389"/>
  <nd ref="306860391"/>
  <nd ref="306860393"/>
  <nd ref="306860396"/>
  <nd ref="2365479167"/>
  <nd ref="306860398"/>
  <nd ref="306860400"/>
  <nd ref="5668393967"/>
  <nd ref="597439146"/>
  <nd ref="2365479175"/>
  <nd ref="306860405"/>
  <tag k="highway" v="track"/>
  <tag k="mtb:scale" v="0"/>
  <tag k="piste:grooming" v="classic"/>
  <tag k="piste:type" v="nordic"/>
  <tag k="source" v="survey"/>
  <tag k="surface" v="compacted"/>
  <tag k="tracktype" v="grade2"/>
  <tag k="trailblazed" v="yes"/>
 </way>
 <way id="825774013" visible="true" version="1" changeset="87914452" timestamp="2020-07-13T09:41:17Z" user="Thonarn" uid="252713">
  <nd ref="7710149291"/>
  <nd ref="7710152093"/>
  <nd ref="7710152092"/>
  <nd ref="7710149292"/>
  <nd ref="7710149293"/>
  <nd ref="7710152091"/>
  <nd ref="7710152090"/>
  <nd ref="7710152089"/>
  <nd ref="7710152088"/>
  <nd ref="7710149294"/>
  <nd ref="7710152087"/>
  <nd ref="7710149295"/>
  <nd ref="7710152086"/>
  <nd ref="7710149296"/>
  <nd ref="7710149297"/>
  <nd ref="7710152085"/>
  <nd ref="7710149384"/>
  <nd ref="7710149298"/>
  <nd ref="7710149299"/>
  <nd ref="7710149383"/>
  <nd ref="7710149300"/>
  <nd ref="7710149301"/>
  <nd ref="7710149382"/>
  <nd ref="7710149302"/>
  <nd ref="7710149381"/>
  <nd ref="7710149379"/>
  <nd ref="7710149380"/>
  <nd ref="7710149303"/>
  <nd ref="7710149304"/>
  <nd ref="7710149375"/>
  <nd ref="7710149305"/>
  <nd ref="7710149377"/>
  <nd ref="7710149376"/>
  <nd ref="7710149378"/>
  <nd ref="7710149374"/>
  <nd ref="7710149306"/>
  <nd ref="7710149307"/>
  <nd ref="7710149373"/>
  <nd ref="7710149371"/>
  <nd ref="7710149372"/>
  <nd ref="7710149308"/>
  <nd ref="7710149370"/>
  <nd ref="7710149309"/>
  <nd ref="7710149368"/>
  <nd ref="7710149369"/>
  <nd ref="7710149310"/>
  <nd ref="7710149367"/>
  <nd ref="7710149365"/>
  <nd ref="7710149366"/>
  <nd ref="7710149311"/>
  <nd ref="7710149362"/>
  <nd ref="7710149364"/>
  <nd ref="7710149363"/>
  <nd ref="7710149312"/>
  <nd ref="7710149313"/>
  <nd ref="7710149360"/>
  <nd ref="7710149361"/>
  <nd ref="7710149314"/>
  <tag k="highway" v="path"/>
 </way>
 <way id="947502433" visible="true" version="1" changeset="105380267" timestamp="2021-05-26T21:17:35Z" user="Øystein Bjørke" uid="1622854">
  <nd ref="7152416862"/>
  <nd ref="8770207969"/>
  <nd ref="8770207970"/>
  <nd ref="8770207971"/>
  <nd ref="8770207972"/>
  <nd ref="8770207973"/>
  <nd ref="8770207974"/>
  <tag k="highway" v="path"/>
  <tag k="mtb:scale" v="2"/>
  <tag k="source" v="survey"/>
  <tag k="surface" v="ground"/>
 </way>
 <way id="1005262971" visible="true" version="1" changeset="114098893" timestamp="2021-11-22T13:34:01Z" user="mappedby" uid="6607932">
  <nd ref="9275014525"/>
  <nd ref="9275014526"/>
  <nd ref="9275014527"/>
  <nd ref="9275014528"/>
  <nd ref="9275014529"/>
  <nd ref="9275014530"/>
  <nd ref="9275014531"/>
  <nd ref="9275014525"/>
  <tag k="place" v="islet"/>
 </way>
 <way id="1080802116" visible="true" version="1" changeset="123986005" timestamp="2022-07-23T18:16:56Z" user="Berau" uid="11555765">
  <nd ref="9906314282"/>
  <nd ref="9906314283"/>
  <nd ref="9906314288"/>
  <nd ref="9906314285"/>
  <nd ref="9906314289"/>
  <nd ref="9906314286"/>
  <nd ref="9906314287"/>
  <nd ref="9906314284"/>
  <nd ref="9906314282"/>
  <tag k="covered" v="no"/>
  <tag k="floating" v="yes"/>
  <tag k="lit" v="no"/>
  <tag k="man_made" v="pier"/>
  <tag k="surface" v="wood"/>
 </way>
 <way id="1158697737" visible="true" version="1" changeset="134342025" timestamp="2023-03-31T11:55:55Z" user="PulisakZ" uid="9026132">
  <nd ref="10775509612"/>
  <nd ref="2291068943"/>
  <tag k="layer" v="-1"/>
  <tag k="name" v="Østernbekken"/>
  <tag k="source" v="bing;extrapolation"/>
  <tag k="tunnel" v="culvert"/>
  <tag k="waterway" v="stream"/>
 </way>
 <way id="1158697738" visible="true" version="1" changeset="134342025" timestamp="2023-03-31T11:55:55Z" user="PulisakZ" uid="9026132">
  <nd ref="2291068961"/>
  <nd ref="2291068955"/>
  <nd ref="10775509613"/>
  <nd ref="2291068947"/>
  <nd ref="2291068941"/>
  <nd ref="2291068938"/>
  <nd ref="10775509612"/>
  <tag k="name" v="Østernbekken"/>
  <tag k="source" v="bing;extrapolation"/>
  <tag k="waterway" v="stream"/>
 </way>
 <way id="1387605451" visible="true" version="1" changeset="166406319" timestamp="2025-05-17T19:33:07Z" user="Romwriter" uid="29680">
  <nd ref="2314267498"/>
  <nd ref="12844784996"/>
  <tag k="waterway" v="flowline"/>
 </way>
 <way id="1387605452" visible="true" version="1" changeset="166406319" timestamp="2025-05-17T19:33:07Z" user="Romwriter" uid="29680">
  <nd ref="2314267501"/>
  <nd ref="12844784996"/>
  <nd ref="12844784995"/>
  <tag k="waterway" v="flowline"/>
 </way>
 <way id="1387605453" visible="true" version="1" changeset="166406319" timestamp="2025-05-17T19:33:07Z" user="Romwriter" uid="29680">
  <nd ref="851613898"/>
  <nd ref="12844784995"/>
  <nd ref="2291068961"/>
  <tag k="waterway" v="flowline"/>
 </way>
 <way id="1387605454" visible="true" version="1" changeset="166406319" timestamp="2025-05-17T19:33:07Z" user="Romwriter" uid="29680">
  <nd ref="4422628522"/>
  <nd ref="2291068961"/>
  <tag k="waterway" v="flowline"/>
 </way>
 <way id="1461516263" visible="true" version="1" changeset="176396560" timestamp="2025-12-25T14:17:00Z" user="LandskapsLars" uid="22387387">
  <nd ref="9274993111"/>
  <nd ref="13404374426"/>
  <nd ref="13404374427"/>
  <nd ref="13404374428"/>
  <nd ref="2289211845"/>
  <nd ref="4523645467"/>
  <nd ref="9274993112"/>
  <nd ref="4523645469"/>
  <nd ref="9274993110"/>
  <nd ref="9906314282"/>
  <nd ref="9906314284"/>
  <nd ref="9274993109"/>
  <nd ref="302650585"/>
  <nd ref="9274993111"/>
  <tag k="access" v="yes"/>
  <tag k="drinking_water" v="no"/>
  <tag k="informal" v="no"/>
  <tag k="leisure" v="bathing_place"/>
  <tag k="name" v="Østernvann"/>
  <tag k="picnic_table" v="no"/>
  <tag k="shower" v="no"/>
  <tag k="toilets" v="no"/>
 </way>
 <relation id="1411858" visible="true" version="145" changeset="184795331" timestamp="2026-06-29T13:16:01Z" user="Axel Pettersen" uid="23021859">
  <member type="node" ref="765311400" role=""/>
  <member type="node" ref="798882834" role=""/>
  <member type="node" ref="886707806" role=""/>
  <member type="node" ref="798882817" role=""/>
  <member type="node" ref="923578814" role=""/>
  <member type="node" ref="923578807" role=""/>
  <member type="node" ref="798882804" role=""/>
  <member type="node" ref="287961798" role=""/>
  <member type="node" ref="1356403779" role=""/>
  <member type="node" ref="655117913" role=""/>
  <member type="node" ref="965922723" role=""/>
  <member type="node" ref="292351473" role=""/>
  <member type="node" ref="530783833" role=""/>
  <member type="node" ref="331256834" role=""/>
  <member type="node" ref="343508885" role=""/>
  <member type="node" ref="540229469" role=""/>
  <member type="node" ref="655117911" role=""/>
  <member type="node" ref="656136702" role=""/>
  <member type="node" ref="746877791" role=""/>
  <member type="node" ref="564123127" role=""/>
  <member type="node" ref="9175855991" role=""/>
  <member type="way" ref="247539509" role=""/>
  <member type="way" ref="1533527857" role=""/>
  <member type="relation" ref="1586997" role=""/>
  <member type="relation" ref="1584787" role=""/>
  <member type="relation" ref="1586912" role=""/>
  <member type="relation" ref="1825519" role=""/>
  <member type="relation" ref="1580016" role=""/>
  <member type="relation" ref="1580015" role=""/>
  <member type="relation" ref="1580104" role=""/>
  <member type="relation" ref="1580103" role=""/>
  <member type="relation" ref="1580110" role=""/>
  <member type="relation" ref="1580102" role=""/>
  <member type="relation" ref="1580106" role=""/>
  <member type="relation" ref="1580105" role=""/>
  <member type="relation" ref="1580108" role=""/>
  <member type="relation" ref="1580120" role=""/>
  <member type="relation" ref="1580119" role=""/>
  <member type="relation" ref="1581101" role=""/>
  <member type="relation" ref="1581102" role=""/>
  <member type="relation" ref="1581103" role=""/>
  <member type="relation" ref="1581100" role=""/>
  <tag k="colour" v="#7FC3D8"/>
  <tag k="colour:paint" v="NCS S 1040-B"/>
  <tag k="name" v="Blåstier i Oslomarka"/>
  <tag k="network" v="lwn"/>
  <tag k="operator" v="DNT Oslo og Omegn"/>
  <tag k="symbol" v="Light blue 10x5 cm rectangles"/>
  <tag k="type" v="network"/>
  <tag k="website" v="https://www.dntoslo.no/"/>
 </relation>
 <relation id="1580105" visible="true" version="175" changeset="182081659" timestamp="2026-05-01T17:50:38Z" user="ETribbia" uid="13041606">
  <member type="node" ref="552243762" role=""/>
  <member type="node" ref="552246039" role=""/>
  <member type="node" ref="552242740" role=""/>
  <member type="node" ref="610396059" role=""/>
  <member type="node" ref="552246027" role=""/>
  <member type="node" ref="552242423" role=""/>
  <member type="node" ref="127727778" role=""/>
  <member type="node" ref="552246202" role=""/>
  <member type="node" ref="257398552" role=""/>
  <member type="node" ref="530826119" role=""/>
  <member type="node" ref="595745437" role=""/>
  <member type="node" ref="306815435" role=""/>
  <member type="node" ref="653777667" role=""/>
  <member type="node" ref="552245801" role=""/>
  <member type="node" ref="306815442" role=""/>
  <member type="node" ref="867120438" role=""/>
  <member type="node" ref="555380013" role=""/>
  <member type="node" ref="306815413" role=""/>
  <member type="node" ref="552245799" role=""/>
  <member type="node" ref="316831407" role=""/>
  <member type="node" ref="552244889" role=""/>
  <member type="node" ref="602551294" role=""/>
  <member type="node" ref="316831260" role=""/>
  <member type="node" ref="306833830" role=""/>
  <member type="node" ref="306851635" role=""/>
  <member type="node" ref="306851580" role=""/>
  <member type="node" ref="540200566" role=""/>
  <member type="node" ref="602385874" role=""/>
  <member type="node" ref="602387446" role=""/>
  <member type="node" ref="552242664" role=""/>
  <member type="node" ref="530783154" role=""/>
  <member type="node" ref="552242372" role=""/>
  <member type="node" ref="552243686" role=""/>
  <member type="node" ref="540200691" role=""/>
  <member type="node" ref="656642678" role=""/>
  <member type="node" ref="530783439" role=""/>
  <member type="node" ref="530783364" role=""/>
  <member type="node" ref="912390508" role=""/>
  <member type="node" ref="602551269" role=""/>
  <member type="node" ref="595745436" role=""/>
  <member type="node" ref="912390524" role=""/>
  <member type="node" ref="317254397" role=""/>
  <member type="node" ref="316831268" role=""/>
  <member type="node" ref="552243632" role=""/>
  <member type="node" ref="559100466" role=""/>
  <member type="node" ref="553412281" role=""/>
  <member type="node" ref="306860366" role=""/>
  <member type="node" ref="559100437" role=""/>
  <member type="node" ref="317254596" role=""/>
  <member type="node" ref="306860336" role=""/>
  <member type="node" ref="553412247" role=""/>
  <member type="node" ref="382985468" role=""/>
  <member type="node" ref="306860247" role=""/>
  <member type="node" ref="556787437" role=""/>
  <member type="node" ref="614470455" role=""/>
  <member type="node" ref="600059441" role=""/>
  <member type="node" ref="306809864" role=""/>
  <member type="node" ref="540200861" role=""/>
  <member type="node" ref="559100578" role=""/>
  <member type="node" ref="316831253" role=""/>
  <member type="node" ref="559100551" role=""/>
  <member type="node" ref="552242409" role=""/>
  <member type="node" ref="530783667" role=""/>
  <member type="node" ref="559100611" role=""/>
  <member type="node" ref="530783832" role=""/>
  <member type="node" ref="549245671" role=""/>
  <member type="node" ref="552245805" role=""/>
  <member type="node" ref="530783353" role=""/>
  <member type="node" ref="540200615" role=""/>
  <member type="node" ref="558698360" role=""/>
  <member type="node" ref="302653772" role=""/>
  <member type="node" ref="530783868" role=""/>
  <member type="node" ref="595745535" role=""/>
  <member type="node" ref="316832188" role=""/>
  <member type="node" ref="552245669" role=""/>
  <member type="node" ref="552245739" role=""/>
  <member type="node" ref="317254491" role=""/>
  <member type="node" ref="552244095" role=""/>
  <member type="node" ref="317254492" role=""/>
  <member type="node" ref="317254388" role=""/>
  <member type="node" ref="317254505" role=""/>
  <member type="node" ref="540200701" role=""/>
  <member type="node" ref="559100649" role=""/>
  <member type="node" ref="595745400" role=""/>
  <member type="node" ref="596444585" role=""/>
  <member type="node" ref="598611447" role=""/>
  <member type="node" ref="552244704" role=""/>
  <member type="node" ref="317254384" role=""/>
  <member type="node" ref="558698381" role=""/>
  <member type="node" ref="317254569" role=""/>
  <member type="node" ref="306860350" role=""/>
  <member type="node" ref="539795029" role=""/>
  <member type="node" ref="306833768" role=""/>
  <member type="node" ref="549245670" role=""/>
  <member type="node" ref="549245668" role=""/>
  <member type="node" ref="549245674" role=""/>
  <member type="node" ref="549245675" role=""/>
  <member type="node" ref="302320024" role=""/>
  <member type="node" ref="549245673" role=""/>
  <member type="node" ref="302319531" role=""/>
  <member type="node" ref="306809798" role=""/>
  <member type="node" ref="317254402" role=""/>
  <member type="node" ref="437559736" role=""/>
  <member type="node" ref="317254395" role=""/>
  <member type="node" ref="559101032" role=""/>
  <member type="node" ref="530783067" role=""/>
  <member type="node" ref="552243854" role=""/>
  <member type="node" ref="317254655" role=""/>
  <member type="node" ref="530783151" role=""/>
  <member type="node" ref="317254612" role=""/>
  <member type="node" ref="306833810" role=""/>
  <member type="node" ref="316831424" role=""/>
  <member type="node" ref="317254381" role=""/>
  <member type="node" ref="317254478" role=""/>
  <member type="node" ref="306851625" role=""/>
  <member type="node" ref="530783179" role=""/>
  <member type="node" ref="306815424" role=""/>
  <member type="node" ref="561283743" role=""/>
  <member type="node" ref="317254487" role=""/>
  <member type="node" ref="555080811" role=""/>
  <member type="node" ref="552242606" role=""/>
  <member type="node" ref="317254500" role=""/>
  <member type="node" ref="530783202" role=""/>
  <member type="node" ref="595745566" role=""/>
  <member type="node" ref="552245347" role=""/>
  <member type="node" ref="552244301" role=""/>
  <member type="node" ref="552244324" role=""/>
  <member type="node" ref="552245883" role=""/>
  <member type="node" ref="610205742" role=""/>
  <member type="node" ref="552245273" role=""/>
  <member type="node" ref="552244330" role=""/>
  <member type="node" ref="552244500" role=""/>
  <member type="node" ref="597439178" role=""/>
  <member type="node" ref="552244270" role=""/>
  <member type="node" ref="555081371" role=""/>
  <member type="node" ref="552245923" role=""/>
  <member type="node" ref="306852955" role=""/>
  <member type="node" ref="306852964" role=""/>
  <member type="node" ref="306833856" role=""/>
  <member type="node" ref="1393006244" role=""/>
  <member type="node" ref="306851525" role=""/>
  <member type="node" ref="316831388" role=""/>
  <member type="node" ref="257398081" role=""/>
  <member type="node" ref="552242695" role=""/>
  <member type="node" ref="317254574" role=""/>
  <member type="node" ref="530783782" role=""/>
  <member type="node" ref="2306036443" role=""/>
  <member type="node" ref="316832171" role=""/>
  <member type="node" ref="552245292" role=""/>
  <member type="node" ref="598611464" role=""/>
  <member type="node" ref="530783777" role=""/>
  <member type="node" ref="530783655" role=""/>
  <member type="node" ref="2289178878" role=""/>
  <member type="node" ref="2344715512" role=""/>
  <member type="node" ref="316831342" role=""/>
  <member type="node" ref="867121165" role=""/>
  <member type="node" ref="3787858671" role=""/>
  <member type="node" ref="3787858670" role=""/>
  <member type="node" ref="612922409" role=""/>
  <member type="node" ref="3603190513" role=""/>
  <member type="node" ref="2408265453" role=""/>
  <member type="node" ref="612922519" role=""/>
  <member type="node" ref="2297318851" role=""/>
  <member type="node" ref="3177604905" role=""/>
  <member type="node" ref="437552479" role=""/>
  <member type="node" ref="552243613" role=""/>
  <member type="node" ref="549245761" role=""/>
  <member type="way" ref="125407321" role=""/>
  <member type="way" ref="375416247" role=""/>
  <member type="way" ref="457413089" role=""/>
  <member type="way" ref="46835492" role=""/>
  <member type="way" ref="233426183" role=""/>
  <member type="way" ref="823061723" role=""/>
  <member type="way" ref="48178559" role=""/>
  <member type="way" ref="48178560" role=""/>
  <member type="way" ref="48178562" role=""/>
  <member type="way" ref="235097379" role=""/>
  <member type="way" ref="28856499" role=""/>
  <member type="way" ref="47368696" role=""/>
  <member type="way" ref="47368695" role=""/>
  <member type="way" ref="47368697" role=""/>
  <member type="way" ref="43655193" role=""/>
  <member type="way" ref="823061721" role=""/>
  <member type="way" ref="47368713" role=""/>
  <member type="way" ref="43858537" role=""/>
  <member type="way" ref="125407328" role=""/>
  <member type="way" ref="46618719" role=""/>
  <member type="way" ref="43858492" role=""/>
  <member type="way" ref="46738247" role=""/>
  <member type="way" ref="125407327" role=""/>
  <member type="way" ref="46738245" role=""/>
  <member type="way" ref="46738241" role=""/>
  <member type="way" ref="46618661" role=""/>
  <member type="way" ref="46787567" role=""/>
  <member type="way" ref="46618704" role=""/>
  <member type="way" ref="945246174" role=""/>
  <member type="way" ref="234468828" role=""/>
  <member type="way" ref="47368706" role=""/>
  <member type="way" ref="28857064" role=""/>
  <member type="way" ref="46673109" role=""/>
  <member type="way" ref="78189228" role=""/>
  <member type="way" ref="43858518" role=""/>
  <member type="way" ref="78189231" role=""/>
  <member type="way" ref="47834264" role=""/>
  <member type="way" ref="43858517" role=""/>
  <member type="way" ref="46618655" role=""/>
  <member type="way" ref="27945721" role=""/>
  <member type="way" ref="46618674" role=""/>
  <member type="way" ref="46618684" role=""/>
  <member type="way" ref="233765590" role=""/>
  <member type="way" ref="47995939" role=""/>
  <member type="way" ref="851741139" role=""/>
  <member type="way" ref="851741138" role=""/>
  <member type="way" ref="72773981" role=""/>
  <member type="way" ref="47974178" role=""/>
  <member type="way" ref="456086921" role=""/>
  <member type="way" ref="456086919" role=""/>
  <member type="way" ref="425085818" role=""/>
  <member type="way" ref="437250549" role=""/>
  <member type="way" ref="321076759" role=""/>
  <member type="way" ref="47368723" role=""/>
  <member type="way" ref="47368716" role=""/>
  <member type="way" ref="46673128" role=""/>
  <member type="way" ref="140427348" role=""/>
  <member type="way" ref="219782592" role=""/>
  <member type="way" ref="288875646" role=""/>
  <member type="way" ref="700930582" role=""/>
  <member type="way" ref="229770988" role=""/>
  <member type="way" ref="150141430" role=""/>
  <member type="way" ref="788761131" role=""/>
  <member type="way" ref="788761130" role=""/>
  <member type="way" ref="47995932" role=""/>
  <member type="way" ref="99405848" role=""/>
  <member type="way" ref="51396294" role=""/>
  <member type="way" ref="788626414" role=""/>
  <member type="way" ref="788626413" role=""/>
  <member type="way" ref="47309698" role=""/>
  <member type="way" ref="72773939" role=""/>
  <member type="way" ref="72773966" role=""/>
  <member type="way" ref="72773984" role=""/>
  <member type="way" ref="47995926" role=""/>
  <member type="way" ref="47300701" role=""/>
  <member type="way" ref="47309683" role=""/>
  <member type="way" ref="43858461" role=""/>
  <member type="way" ref="47283101" role=""/>
  <member type="way" ref="47283100" role=""/>
  <member type="way" ref="183679692" role=""/>
  <member type="way" ref="458812614" role=""/>
  <member type="way" ref="42506390" role=""/>
  <member type="way" ref="51228264" role=""/>
  <member type="way" ref="47368721" role=""/>
  <member type="way" ref="46673123" role=""/>
  <member type="way" ref="46673125" role=""/>
  <member type="way" ref="43655211" role=""/>
  <member type="way" ref="140427343" role=""/>
  <member type="way" ref="48178553" role=""/>
  <member type="way" ref="140427347" role=""/>
  <member type="way" ref="46673080" role=""/>
  <member type="way" ref="140427352" role=""/>
  <member type="way" ref="43796253" role=""/>
  <member type="way" ref="46618656" role=""/>
  <member type="way" ref="51396276" role=""/>
  <member type="way" ref="85442979" role=""/>
  <member type="way" ref="47995922" role=""/>
  <member type="way" ref="242976326" role=""/>
  <member type="way" ref="48002083" role=""/>
  <member type="way" ref="428935720" role=""/>
  <member type="way" ref="48002086" role=""/>
  <member type="way" ref="43655170" role=""/>
  <member type="way" ref="233148365" role=""/>
  <member type="way" ref="428879968" role=""/>
  <member type="way" ref="428879967" role=""/>
  <member type="way" ref="42506396" role=""/>
  <member type="way" ref="447835073" role=""/>
  <member type="way" ref="447835074" role=""/>
  <member type="way" ref="428879966" role=""/>
  <member type="way" ref="13762912" role=""/>
  <member type="way" ref="447569085" role=""/>
  <member type="way" ref="447569084" role=""/>
  <member type="way" ref="43655216" role=""/>
  <member type="way" ref="88491916" role=""/>
  <member type="way" ref="46835509" role=""/>
  <member type="way" ref="765830474" role=""/>
  <member type="way" ref="46673108" role=""/>
  <member type="way" ref="46673110" role=""/>
  <member type="way" ref="46835507" role=""/>
  <member type="way" ref="46618714" role=""/>
  <member type="way" ref="49601141" role=""/>
  <member type="way" ref="46618726" role=""/>
  <member type="way" ref="46618653" role=""/>
  <member type="way" ref="339601436" role=""/>
  <member type="way" ref="46618706" role=""/>
  <member type="way" ref="223581279" role=""/>
  <member type="way" ref="43655202" role=""/>
  <member type="way" ref="46592875" role=""/>
  <member type="way" ref="46673122" role=""/>
  <member type="way" ref="46673124" role=""/>
  <member type="way" ref="46673126" role=""/>
  <member type="way" ref="218561999" role=""/>
  <member type="way" ref="43838462" role=""/>
  <member type="way" ref="227920551" role=""/>
  <member type="way" ref="227920554" role=""/>
  <member type="way" ref="232478794" role=""/>
  <member type="way" ref="43796256" role=""/>
  <member type="way" ref="227920550" role=""/>
  <member type="way" ref="51701568" role=""/>
  <member type="way" ref="43796259" role=""/>
  <member type="way" ref="896110001" role=""/>
  <member type="way" ref="896110002" role=""/>
  <member type="way" ref="46618723" role=""/>
  <member type="way" ref="43967355" role=""/>
  <member type="way" ref="376344308" role=""/>
  <member type="way" ref="229812830" role=""/>
  <member type="way" ref="229200486" role=""/>
  <member type="way" ref="229200489" role=""/>
  <member type="way" ref="43517727" role=""/>
  <member type="way" ref="43517736" role=""/>
  <member type="way" ref="43517737" role=""/>
  <member type="way" ref="43517734" role=""/>
  <member type="way" ref="43517723" role=""/>
  <member type="way" ref="321076761" role=""/>
  <member type="way" ref="321076760" role=""/>
  <member type="way" ref="43961884" role=""/>
  <member type="way" ref="43858389" role=""/>
  <member type="way" ref="48789225" role=""/>
  <member type="way" ref="43722653" role=""/>
  <member type="way" ref="229329859" role=""/>
  <member type="way" ref="52384533" role=""/>
  <member type="way" ref="51086411" role=""/>
  <member type="way" ref="51086420" role=""/>
  <member type="way" ref="43858381" role=""/>
  <member type="way" ref="51086419" role=""/>
  <member type="way" ref="43858374" role=""/>
  <member type="way" ref="233419878" role=""/>
  <member type="way" ref="37430644" role=""/>
  <member type="way" ref="43444407" role=""/>
  <member type="way" ref="43722663" role=""/>
  <member type="way" ref="43517754" role=""/>
  <member type="way" ref="43087763" role=""/>
  <member type="way" ref="43087773" role=""/>
  <member type="way" ref="43517714" role=""/>
  <member type="way" ref="1507513744" role=""/>
  <member type="way" ref="43517743" role=""/>
  <member type="way" ref="52587857" role=""/>
  <member type="way" ref="52587860" role=""/>
  <member type="way" ref="43858380" role=""/>
  <member type="way" ref="27945646" role=""/>
  <member type="way" ref="43517766" role=""/>
  <member type="way" ref="43517765" role=""/>
  <member type="way" ref="229612791" role=""/>
  <member type="way" ref="43723255" role=""/>
  <member type="way" ref="229855713" role=""/>
  <member type="way" ref="43968208" role=""/>
  <member type="way" ref="290515208" role=""/>
  <member type="way" ref="60857417" role=""/>
  <member type="way" ref="60857405" role=""/>
  <member type="way" ref="60857406" role=""/>
  <member type="way" ref="705546600" role=""/>
  <member type="way" ref="74787464" role=""/>
  <member type="way" ref="74787442" role=""/>
  <member type="way" ref="74787460" role=""/>
  <member type="way" ref="48056977" role=""/>
  <member type="way" ref="48056980" role=""/>
  <member type="way" ref="83530545" role=""/>
  <member type="way" ref="83665080" role=""/>
  <member type="way" ref="228891523" role=""/>
  <member type="way" ref="48056979" role=""/>
  <member type="way" ref="48056982" role=""/>
  <member type="way" ref="42506383" role=""/>
  <member type="way" ref="228891512" role=""/>
  <member type="way" ref="228891510" role=""/>
  <member type="way" ref="42506381" role=""/>
  <member type="way" ref="31861862" role=""/>
  <member type="way" ref="506722271" role=""/>
  <member type="way" ref="414484318" role=""/>
  <member type="way" ref="506722270" role=""/>
  <member type="way" ref="221573644" role=""/>
  <member type="way" ref="42506406" role=""/>
  <member type="way" ref="221573642" role=""/>
  <member type="way" ref="28857522" role=""/>
  <member type="way" ref="46890245" role=""/>
  <member type="way" ref="88541419" role=""/>
  <member type="way" ref="43832051" role=""/>
  <member type="way" ref="43444409" role=""/>
  <member type="way" ref="43087758" role=""/>
  <member type="way" ref="28857520" role=""/>
  <member type="way" ref="85525745" role=""/>
  <member type="way" ref="43722670" role=""/>
  <member type="way" ref="43517733" role=""/>
  <member type="way" ref="229201278" role=""/>
  <member type="way" ref="74494636" role=""/>
  <member type="way" ref="74494643" role=""/>
  <member type="way" ref="243188888" role=""/>
  <member type="way" ref="46694487" role=""/>
  <member type="way" ref="53615745" role=""/>
  <member type="way" ref="53615743" role=""/>
  <member type="way" ref="43961914" role=""/>
  <member type="way" ref="43961908" role=""/>
  <member type="way" ref="43961903" role=""/>
  <member type="way" ref="43541094" role=""/>
  <member type="way" ref="43541095" role=""/>
  <member type="way" ref="96931623" role=""/>
  <member type="way" ref="96931633" role=""/>
  <member type="way" ref="51366471" role=""/>
  <member type="way" ref="96931629" role=""/>
  <member type="way" ref="47368686" role=""/>
  <member type="way" ref="52073123" role=""/>
  <member type="way" ref="52073124" role=""/>
  <member type="way" ref="233169086" role=""/>
  <member type="way" ref="47303849" role=""/>
  <member type="way" ref="47283105" role=""/>
  <member type="way" ref="47371837" role=""/>
  <member type="way" ref="47371839" role=""/>
  <member type="way" ref="47283106" role=""/>
  <member type="way" ref="229832139" role=""/>
  <member type="way" ref="229832138" role=""/>
  <member type="way" ref="31861867" role=""/>
  <member type="way" ref="43655172" role=""/>
  <member type="way" ref="235097377" role=""/>
  <member type="way" ref="43933742" role=""/>
  <member type="way" ref="233910598" role=""/>
  <member type="way" ref="31861868" role=""/>
  <member type="way" ref="973075533" role=""/>
  <member type="way" ref="233169085" role=""/>
  <member type="way" ref="43655186" role=""/>
  <member type="way" ref="27064928" role=""/>
  <member type="way" ref="227817282" role=""/>
  <member type="way" ref="50477659" role=""/>
  <member type="way" ref="46618676" role=""/>
  <member type="way" ref="27064249" role=""/>
  <member type="way" ref="28114182" role=""/>
  <member type="way" ref="233765589" role=""/>
  <member type="way" ref="47044738" role=""/>
  <member type="way" ref="42506405" role=""/>
  <member type="way" ref="221573588" role=""/>
  <member type="way" ref="221573640" role=""/>
  <member type="way" ref="43853434" role=""/>
  <member type="way" ref="46887019" role=""/>
  <member type="way" ref="27946403" role=""/>
  <member type="way" ref="415665482" role=""/>
  <member type="way" ref="321076757" role=""/>
  <member type="way" ref="27946429" role=""/>
  <member type="way" ref="1022410521" role=""/>
  <member type="way" ref="1022410520" role=""/>
  <member type="way" ref="221467295" role=""/>
  <member type="way" ref="47044734" role=""/>
  <member type="way" ref="233169084" role=""/>
  <member type="way" ref="225306185" role=""/>
  <member type="way" ref="43933738" role=""/>
  <member type="way" ref="46618663" role=""/>
  <member type="way" ref="1104658378" role=""/>
  <member type="way" ref="415141377" role=""/>
  <member type="way" ref="233910596" role=""/>
  <member type="way" ref="43858495" role=""/>
  <member type="way" ref="233765592" role=""/>
  <member type="way" ref="43858501" role=""/>
  <member type="way" ref="43117401" role=""/>
  <member type="way" ref="43117405" role=""/>
  <member type="way" ref="43655182" role=""/>
  <member type="way" ref="46887031" role=""/>
  <member type="way" ref="46887024" role=""/>
  <member type="way" ref="43858375" role=""/>
  <member type="way" ref="28856494" role=""/>
  <member type="way" ref="73057425" role=""/>
  <member type="way" ref="516323423" role=""/>
  <member type="way" ref="516323427" role=""/>
  <member type="way" ref="233169083" role=""/>
  <member type="way" ref="229936579" role=""/>
  <member type="way" ref="233169080" role=""/>
  <member type="way" ref="849896927" role=""/>
  <member type="way" ref="775598791" role=""/>
  <member type="way" ref="43858428" role=""/>
  <member type="way" ref="353786620" role=""/>
  <member type="way" ref="42506378" role=""/>
  <member type="way" ref="183531213" role=""/>
  <member type="way" ref="183531569" role=""/>
  <member type="way" ref="183531553" role=""/>
  <member type="way" ref="183531577" role=""/>
  <member type="way" ref="849896928" role=""/>
  <member type="way" ref="427387505" role=""/>
  <member type="way" ref="42506384" role=""/>
  <member type="way" ref="51416926" role=""/>
  <member type="way" ref="229335602" role=""/>
  <member type="way" ref="229335600" role=""/>
  <member type="way" ref="51416925" role=""/>
  <member type="way" ref="51382427" role=""/>
  <member type="way" ref="43858403" role=""/>
  <member type="way" ref="43655165" role=""/>
  <member type="way" ref="47307419" role=""/>
  <member type="way" ref="47309689" role=""/>
  <member type="way" ref="445223969" role=""/>
  <member type="way" ref="43858454" role=""/>
  <member type="way" ref="229832130" role=""/>
  <member type="way" ref="42506372" role=""/>
  <member type="way" ref="235097378" role=""/>
  <member type="way" ref="28856498" role=""/>
  <member type="way" ref="77517164" role=""/>
  <member type="way" ref="43858502" role=""/>
  <member type="way" ref="27946430" role=""/>
  <member type="way" ref="125407318" role=""/>
  <member type="way" ref="43117409" role=""/>
  <member type="way" ref="31861866" role=""/>
  <member type="way" ref="43117395" role=""/>
  <member type="way" ref="47283093" role=""/>
  <member type="way" ref="43858432" role=""/>
  <member type="way" ref="47283090" role=""/>
  <member type="way" ref="229936580" role=""/>
  <member type="way" ref="229936586" role=""/>
  <member type="way" ref="43859713" role=""/>
  <member type="way" ref="230157294" role=""/>
  <member type="way" ref="43655169" role=""/>
  <member type="way" ref="96931620" role=""/>
  <member type="way" ref="43933746" role=""/>
  <member type="way" ref="789182605" role=""/>
  <member type="way" ref="46738212" role=""/>
  <member type="way" ref="310853793" role=""/>
  <member type="way" ref="310646649" role=""/>
  <member type="way" ref="223668366" role=""/>
  <member type="way" ref="28818276" role=""/>
  <member type="way" ref="43722659" role=""/>
  <member type="way" ref="47309681" role=""/>
  <member type="way" ref="43858433" role=""/>
  <member type="way" ref="229936588" role=""/>
  <member type="way" ref="43858440" role=""/>
  <member type="way" ref="43655167" role=""/>
  <member type="way" ref="43117397" role=""/>
  <member type="way" ref="51350960" role=""/>
  <member type="way" ref="51086421" role=""/>
  <member type="way" ref="51086423" role=""/>
  <member type="way" ref="47368705" role=""/>
  <member type="way" ref="506020667" role=""/>
  <member type="way" ref="219978908" role=""/>
  <member type="way" ref="219978905" role=""/>
  <member type="way" ref="789182602" role=""/>
  <member type="way" ref="789182603" role=""/>
  <member type="way" ref="46738232" role=""/>
  <member type="way" ref="235579416" role=""/>
  <member type="way" ref="47417104" role=""/>
  <member type="way" ref="48178554" role=""/>
  <member type="way" ref="46887033" role=""/>
  <member type="way" ref="46743170" role=""/>
  <member type="way" ref="736764108" role=""/>
  <member type="way" ref="43796252" role=""/>
  <member type="way" ref="89693197" role=""/>
  <member type="way" ref="28857066" role=""/>
  <member type="way" ref="51350935" role=""/>
  <member type="way" ref="88700225" role=""/>
  <member type="way" ref="85525752" role=""/>
  <member type="way" ref="28857519" role=""/>
  <member type="way" ref="233600766" role=""/>
  <member type="way" ref="42506395" role=""/>
  <member type="way" ref="231866715" role=""/>
  <member type="way" ref="221573604" role=""/>
  <member type="way" ref="43838396" role=""/>
  <member type="way" ref="43838423" role=""/>
  <member type="way" ref="46887027" role=""/>
  <member type="way" ref="46887028" role=""/>
  <member type="way" ref="43117398" role=""/>
  <member type="way" ref="50674723" role=""/>
  <member type="way" ref="229200490" role=""/>
  <member type="way" ref="43858387" role=""/>
  <member type="way" ref="43858384" role=""/>
  <member type="way" ref="48215483" role=""/>
  <member type="way" ref="88702681" role=""/>
  <member type="way" ref="375416258" role=""/>
  <member type="way" ref="47318120" role=""/>
  <member type="way" ref="42506380" role=""/>
  <member type="way" ref="74494657" role=""/>
  <member type="way" ref="1373625791" role=""/>
  <member type="way" ref="96931634" role=""/>
  <member type="way" ref="96931624" role=""/>
  <member type="way" ref="376699779" role=""/>
  <member type="way" ref="306213199" role=""/>
  <member type="way" ref="43655203" role=""/>
  <member type="way" ref="736764107" role=""/>
  <member type="way" ref="48178564" role=""/>
  <member type="way" ref="221573638" role=""/>
  <member type="way" ref="310646663" role=""/>
  <member type="way" ref="44442489" role=""/>
  <member type="way" ref="44442486" role=""/>
  <member type="way" ref="310852818" role=""/>
  <member type="way" ref="42506404" role=""/>
  <member type="way" ref="42506401" role=""/>
  <member type="way" ref="414484319" role=""/>
  <member type="way" ref="46887026" role=""/>
  <member type="way" ref="221573566" role=""/>
  <member type="way" ref="43655184" role=""/>
  <member type="way" ref="221467310" role=""/>
  <member type="way" ref="43858496" role=""/>
  <member type="way" ref="506020676" role=""/>
  <member type="way" ref="47044732" role=""/>
  <member type="way" ref="375416252" role=""/>
  <member type="way" ref="232478801" role=""/>
  <member type="way" ref="48225265" role=""/>
  <member type="way" ref="315357854" role=""/>
  <member type="way" ref="142656543" role=""/>
  <member type="way" ref="232478798" role=""/>
  <member type="way" ref="232478815" role=""/>
  <member type="way" ref="817470753" role=""/>
  <member type="way" ref="232478812" role=""/>
  <member type="way" ref="311963806" role=""/>
  <member type="way" ref="311017515" role=""/>
  <member type="way" ref="821951656" role=""/>
  <member type="way" ref="142656566" role=""/>
  <member type="way" ref="224679794" role=""/>
  <member type="way" ref="375416251" role=""/>
  <member type="way" ref="219412660" role=""/>
  <member type="way" ref="188873437" role=""/>
  <member type="way" ref="225719808" role=""/>
  <member type="way" ref="219782577" role=""/>
  <member type="way" ref="225476721" role=""/>
  <member type="way" ref="426315303" role=""/>
  <member type="way" ref="219782585" role=""/>
  <member type="way" ref="945771351" role=""/>
  <member type="way" ref="945771352" role=""/>
  <member type="way" ref="219782567" role=""/>
  <member type="way" ref="375416254" role=""/>
  <member type="way" ref="225838246" role=""/>
  <member type="way" ref="310646660" role=""/>
  <member type="way" ref="347652215" role=""/>
  <member type="way" ref="219782573" role=""/>
  <member type="way" ref="310646657" role=""/>
  <member type="way" ref="137757014" role=""/>
  <member type="way" ref="347697875" role=""/>
  <member type="way" ref="315625784" role=""/>
  <member type="way" ref="311017513" role=""/>
  <member type="way" ref="43858548" role=""/>
  <member type="way" ref="313733442" role=""/>
  <member type="way" ref="313733443" role=""/>
  <member type="way" ref="354636117" role=""/>
  <member type="way" ref="47974181" role=""/>
  <member type="way" ref="73057443" role=""/>
  <member type="way" ref="516323431" role=""/>
  <member type="way" ref="73057398" role=""/>
  <member type="way" ref="310646647" role=""/>
  <member type="way" ref="73057387" role=""/>
  <member type="way" ref="775598790" role=""/>
  <member type="way" ref="43541093" role=""/>
  <member type="way" ref="376344304" role=""/>
  <member type="way" ref="376295948" role=""/>
  <member type="way" ref="516323430" role=""/>
  <member type="way" ref="805932936" role=""/>
  <member type="way" ref="979832233" role=""/>
  <member type="way" ref="376699785" role=""/>
  <member type="way" ref="96931628" role=""/>
  <member type="way" ref="969707443" role=""/>
  <member type="way" ref="1214099315" role=""/>
  <member type="way" ref="376699782" role=""/>
  <member type="way" ref="243188883" role=""/>
  <member type="way" ref="46623822" role=""/>
  <member type="way" ref="96931621" role=""/>
  <tag k="colour" v="#6cbff1"/>
  <tag k="name" v="Blåstier i Bærumsmarka"/>
  <tag k="network" v="lwn"/>
  <tag k="operator" v="DNT Oslo og Omegn"/>
  <tag k="osmc:symbol" v="blue:blue"/>
  <tag k="route" v="hiking"/>
  <tag k="symbol" v="blue bar"/>
  <tag k="type" v="route"/>
  <tag k="website" v="https://www.dntoslo.no/"/>
 </relation>
 <relation id="1729214" visible="true" version="47" changeset="186398227" timestamp="2026-07-26T13:01:45Z" user="LandskapsLars" uid="22387387">
  <member type="way" ref="84297400" role=""/>
  <member type="way" ref="454077211" role=""/>
  <member type="way" ref="26682676" role=""/>
  <member type="way" ref="1470033337" role=""/>
  <member type="way" ref="1470033336" role=""/>
  <member type="way" ref="32523754" role=""/>
  <member type="way" ref="186664628" role=""/>
  <member type="way" ref="26981846" role=""/>
  <member type="way" ref="27564353" role=""/>
  <member type="way" ref="1158697738" role=""/>
  <member type="way" ref="1158697737" role=""/>
  <member type="way" ref="46835502" role=""/>
  <member type="way" ref="229320483" role=""/>
  <member type="way" ref="229320482" role=""/>
  <member type="way" ref="229320484" role=""/>
  <member type="way" ref="229322111" role=""/>
  <member type="way" ref="229322110" role=""/>
  <member type="way" ref="229445099" role=""/>
  <member type="way" ref="229445102" role=""/>
  <member type="way" ref="229445100" role=""/>
  <member type="way" ref="229445101" role=""/>
  <member type="way" ref="229445103" role=""/>
  <member type="way" ref="127966873" role=""/>
  <member type="way" ref="127966864" role=""/>
  <member type="way" ref="116734071" role=""/>
  <member type="way" ref="447355077" role=""/>
  <member type="way" ref="447355072" role=""/>
  <member type="way" ref="116734091" role=""/>
  <member type="way" ref="122253667" role=""/>
  <member type="way" ref="31237398" role=""/>
  <member type="way" ref="122300304" role=""/>
  <member type="way" ref="31237239" role=""/>
  <member type="way" ref="54054860" role=""/>
  <member type="way" ref="1457496413" role=""/>
  <member type="way" ref="78626458" role=""/>
  <member type="way" ref="38078462" role=""/>
  <member type="way" ref="90971902" role=""/>
  <member type="way" ref="1213765632" role=""/>
  <member type="way" ref="463215854" role=""/>
  <member type="way" ref="51903757" role=""/>
  <member type="way" ref="1213765631" role=""/>
  <member type="way" ref="116734094" role=""/>
  <member type="way" ref="27945719" role=""/>
  <member type="way" ref="78626443" role=""/>
  <member type="way" ref="39502067" role=""/>
  <member type="way" ref="1391308122" role=""/>
  <member type="way" ref="1391308121" role=""/>
  <member type="way" ref="1213765628" role=""/>
  <member type="way" ref="84489196" role=""/>
  <member type="way" ref="39501986" role=""/>
  <member type="way" ref="84489184" role=""/>
  <member type="way" ref="427566179" role=""/>
  <member type="way" ref="150275292" role=""/>
  <member type="way" ref="127869120" role=""/>
  <member type="way" ref="38077533" role=""/>
  <member type="way" ref="39502009" role=""/>
  <member type="way" ref="69886441" role=""/>
  <member type="way" ref="12700165" role=""/>
  <member type="way" ref="115838038" role=""/>
  <member type="way" ref="66767219" role=""/>
  <member type="way" ref="12698714" role=""/>
  <member type="way" ref="150275288" role=""/>
  <member type="way" ref="42802128" role=""/>
  <member type="way" ref="1544824342" role=""/>
  <member type="way" ref="1544824341" role=""/>
  <member type="way" ref="1043586341" role=""/>
  <member type="way" ref="1539803463" role=""/>
  <member type="way" ref="1539803464" role=""/>
  <member type="way" ref="1043586340" role=""/>
  <member type="way" ref="38078410" role=""/>
  <member type="way" ref="143314539" role=""/>
  <member type="way" ref="116734122" role=""/>
  <member type="way" ref="199712583" role=""/>
  <member type="way" ref="116734108" role=""/>
  <member type="way" ref="31237403" role=""/>
  <member type="way" ref="427566177" role=""/>
  <member type="way" ref="427566178" role=""/>
  <member type="way" ref="229604057" role=""/>
  <member type="way" ref="221573655" role=""/>
  <member type="way" ref="221573571" role=""/>
  <member type="way" ref="115838036" role=""/>
  <member type="relation" ref="1729883" role=""/>
  <member type="way" ref="142774602" role=""/>
  <tag k="name" v="Sandviksvassdraget"/>
  <tag k="type" v="watershed"/>
  <tag k="wikidata" v="Q11999485"/>
  <tag k="wikipedia" v="no:Sandviksvassdraget"/>
 </relation>
 <relation id="2195893" visible="true" version="11" changeset="70410609" timestamp="2019-05-19T13:28:48Z" user="vibrog" uid="11992">
  <member type="relation" ref="4102744" role=""/>
  <member type="relation" ref="2195764" role=""/>
  <member type="relation" ref="2195908" role=""/>
  <member type="relation" ref="7026664" role=""/>
  <member type="relation" ref="6984558" role=""/>
  <member type="relation" ref="9602867" role=""/>
  <member type="relation" ref="7026471" role=""/>
  <member type="relation" ref="2195914" role=""/>
  <member type="relation" ref="1564492" role=""/>
  <member type="relation" ref="2195765" role=""/>
  <member type="relation" ref="2195868" role=""/>
  <member type="relation" ref="2805475" role=""/>
  <member type="relation" ref="2805968" role=""/>
  <member type="relation" ref="2807168" role=""/>
  <member type="relation" ref="5301340" role=""/>
  <tag k="name" v="Oslo Terrengsykkelcup"/>
  <tag k="network" v="mtb"/>
  <tag k="official_name" v="Kalas Cup"/>
  <tag k="old_name" v="United Bakeries Cup;Nissan Cup;Scott Cup"/>
  <tag k="type" v="collection"/>
  <tag k="website" v="http://kalascup.no/"/>
 </relation>
 <relation id="2951927" visible="true" version="2" changeset="47981373" timestamp="2017-04-20T18:53:59Z" user="hecktor" uid="465052">
  <member type="way" ref="222580717" role="inner"/>
  <member type="way" ref="222567933" role="outer"/>
  <tag k="landuse" v="logging"/>
  <tag k="natural" v="scrub"/>
  <tag k="start_date" v="2013-05-**"/>
  <tag k="type" v="multipolygon"/>
 </relation>
 <relation id="2994813" visible="true" version="6" changeset="44136886" timestamp="2016-12-03T13:28:33Z" user="vibrog" uid="11992">
  <member type="way" ref="321076759" role=""/>
  <member type="way" ref="47368721" role=""/>
  <member type="way" ref="46673123" role=""/>
  <member type="way" ref="46673125" role=""/>
  <member type="way" ref="43655211" role=""/>
  <member type="way" ref="140427343" role=""/>
  <member type="way" ref="48178553" role=""/>
  <member type="way" ref="140427347" role=""/>
  <member type="way" ref="46673080" role=""/>
  <member type="way" ref="140427352" role=""/>
  <member type="way" ref="43796253" role=""/>
  <member type="way" ref="28857064" role=""/>
  <member type="way" ref="47368706" role=""/>
  <member type="way" ref="234468828" role=""/>
  <member type="way" ref="46618719" role=""/>
  <member type="way" ref="457413087" role=""/>
  <member type="way" ref="46738236" role=""/>
  <member type="way" ref="46618679" role=""/>
  <member type="way" ref="46738247" role=""/>
  <member type="way" ref="46738245" role=""/>
  <member type="way" ref="234468830" role=""/>
  <member type="way" ref="125407327" role=""/>
  <member type="way" ref="43858492" role=""/>
  <tag k="from" v="Østern"/>
  <tag k="historic" v="path"/>
  <tag k="route" v="historic"/>
  <tag k="to" v="Østernseter"/>
  <tag k="type" v="route"/>
 </relation>
 <relation id="3171312" visible="true" version="7" changeset="70410794" timestamp="2019-05-19T13:35:40Z" user="vibrog" uid="11992">
  <member type="way" ref="456084659" role=""/>
  <member type="way" ref="46618684" role=""/>
  <member type="way" ref="233765590" role=""/>
  <member type="way" ref="506063175" role=""/>
  <member type="way" ref="46618683" role=""/>
  <member type="way" ref="691038179" role=""/>
  <member type="way" ref="78189231" role=""/>
  <member type="way" ref="47834264" role=""/>
  <member type="way" ref="43858517" role=""/>
  <member type="way" ref="46673083" role=""/>
  <member type="way" ref="456777947" role=""/>
  <member type="way" ref="691039002" role=""/>
  <member type="way" ref="456779035" role=""/>
  <member type="way" ref="456777945" role=""/>
  <member type="way" ref="456779031" role=""/>
  <member type="way" ref="456777946" role=""/>
  <member type="way" ref="47834275" role=""/>
  <member type="way" ref="47834281" role=""/>
  <member type="way" ref="691039003" role=""/>
  <member type="way" ref="691038178" role=""/>
  <member type="way" ref="456084660" role=""/>
  <member type="way" ref="691038177" role=""/>
  <member type="way" ref="691038176" role=""/>
  <member type="way" ref="46673091" role=""/>
  <member type="way" ref="46787566" role=""/>
  <member type="way" ref="456084661" role=""/>
  <member type="way" ref="47417104" role=""/>
  <member type="way" ref="235579416" role=""/>
  <member type="way" ref="46618695" role=""/>
  <member type="way" ref="46618659" role=""/>
  <member type="way" ref="46618694" role=""/>
  <tag k="name" v="Lysløypa på Fossum"/>
  <tag k="route" v="ski"/>
  <tag k="type" v="route"/>
 </relation>
 <relation id="4466232" visible="true" version="61" changeset="177646247" timestamp="2026-01-24T13:32:28Z" user="JakubS" uid="504620">
  <member type="node" ref="365652596" role=""/>
  <member type="node" ref="2982911879" role=""/>
  <member type="node" ref="2982911875" role=""/>
  <member type="node" ref="2982911881" role=""/>
  <member type="node" ref="3081234452" role=""/>
  <member type="node" ref="3275128245" role=""/>
  <member type="node" ref="2340954437" role=""/>
  <member type="node" ref="2357094842" role=""/>
  <member type="node" ref="863942201" role=""/>
  <member type="node" ref="2988094184" role=""/>
  <member type="node" ref="2988094185" role=""/>
  <member type="node" ref="2988094180" role=""/>
  <member type="node" ref="2988094182" role=""/>
  <member type="node" ref="2340986333" role=""/>
  <member type="node" ref="935544073" role=""/>
  <member type="node" ref="2982913003" role=""/>
  <member type="node" ref="2980782077" role=""/>
  <member type="node" ref="3085102913" role=""/>
  <member type="node" ref="2363415696" role=""/>
  <member type="node" ref="2363415700" role=""/>
  <member type="node" ref="353264974" role=""/>
  <member type="node" ref="2982482205" role=""/>
  <member type="node" ref="2982482203" role=""/>
  <member type="node" ref="3276906953" role=""/>
  <member type="way" ref="148744796" role=""/>
  <member type="way" ref="148744795" role=""/>
  <member type="way" ref="148744804" role=""/>
  <member type="way" ref="114424148" role=""/>
  <member type="way" ref="43444398" role=""/>
  <member type="way" ref="77517160" role=""/>
  <member type="way" ref="321076760" role=""/>
  <member type="way" ref="43517722" role=""/>
  <member type="way" ref="321076756" role=""/>
  <member type="way" ref="321076762" role=""/>
  <member type="way" ref="50688748" role=""/>
  <member type="way" ref="43517739" role=""/>
  <member type="way" ref="43517737" role=""/>
  <member type="way" ref="96931623" role=""/>
  <member type="way" ref="96931633" role=""/>
  <member type="way" ref="233169083" role=""/>
  <member type="way" ref="72773952" role=""/>
  <member type="way" ref="229936588" role=""/>
  <member type="way" ref="229936580" role=""/>
  <member type="way" ref="47283090" role=""/>
  <member type="way" ref="43858432" role=""/>
  <member type="way" ref="43117409" role=""/>
  <member type="way" ref="125407318" role=""/>
  <member type="way" ref="27946430" role=""/>
  <member type="way" ref="43858502" role=""/>
  <member type="way" ref="415141377" role=""/>
  <member type="way" ref="1104658378" role=""/>
  <member type="way" ref="46618663" role=""/>
  <member type="way" ref="43933738" role=""/>
  <member type="way" ref="225306185" role=""/>
  <member type="way" ref="233169084" role=""/>
  <member type="way" ref="973075533" role=""/>
  <member type="way" ref="233169085" role=""/>
  <member type="way" ref="414484318" role=""/>
  <member type="way" ref="506722270" role=""/>
  <member type="way" ref="27946403" role=""/>
  <member type="way" ref="415665482" role=""/>
  <member type="way" ref="47283094" role=""/>
  <member type="way" ref="43117395" role=""/>
  <member type="way" ref="31861866" role=""/>
  <member type="way" ref="321076759" role=""/>
  <member type="way" ref="47368721" role=""/>
  <member type="way" ref="46673123" role=""/>
  <member type="way" ref="46673125" role=""/>
  <member type="way" ref="43655211" role=""/>
  <member type="way" ref="140427343" role=""/>
  <member type="way" ref="48178553" role=""/>
  <member type="way" ref="140427347" role=""/>
  <member type="way" ref="46673080" role=""/>
  <member type="way" ref="140427352" role=""/>
  <member type="way" ref="43796253" role=""/>
  <member type="way" ref="28857064" role=""/>
  <member type="way" ref="47368706" role=""/>
  <member type="way" ref="234468828" role=""/>
  <member type="way" ref="46618719" role=""/>
  <member type="way" ref="199704557" role=""/>
  <member type="way" ref="88702681" role=""/>
  <member type="way" ref="85525752" role=""/>
  <member type="way" ref="28857519" role=""/>
  <member type="way" ref="233600766" role=""/>
  <member type="way" ref="28857520" role=""/>
  <member type="way" ref="43087758" role=""/>
  <member type="way" ref="43444409" role=""/>
  <member type="way" ref="220638208" role=""/>
  <member type="way" ref="43655186" role=""/>
  <member type="way" ref="227817280" role=""/>
  <member type="way" ref="46618676" role=""/>
  <member type="way" ref="27064249" role=""/>
  <member type="way" ref="46618679" role=""/>
  <member type="way" ref="457413087" role=""/>
  <member type="way" ref="46738236" role=""/>
  <member type="way" ref="46738247" role=""/>
  <member type="way" ref="46738245" role=""/>
  <member type="way" ref="51442120" role=""/>
  <member type="way" ref="219794612" role=""/>
  <member type="way" ref="51442119" role=""/>
  <member type="way" ref="42506390" role=""/>
  <member type="way" ref="458812614" role=""/>
  <member type="way" ref="183679692" role=""/>
  <member type="way" ref="13856200" role=""/>
  <member type="way" ref="971882513" role=""/>
  <member type="way" ref="971882517" role=""/>
  <member type="way" ref="92310988" role=""/>
  <member type="way" ref="480372622" role=""/>
  <member type="way" ref="113813277" role=""/>
  <member type="way" ref="110152610" role=""/>
  <member type="way" ref="434539169" role=""/>
  <member type="way" ref="32225678" role=""/>
  <member type="way" ref="1180739468" role=""/>
  <member type="way" ref="1088131084" role=""/>
  <member type="way" ref="112136315" role=""/>
  <member type="way" ref="1088131089" role=""/>
  <member type="way" ref="306653434" role=""/>
  <member type="way" ref="1088131071" role=""/>
  <member type="way" ref="1088131070" role=""/>
  <member type="way" ref="1088131149" role=""/>
  <member type="way" ref="34510484" role=""/>
  <member type="way" ref="306653435" role=""/>
  <member type="way" ref="221576988" role=""/>
  <member type="way" ref="221576987" role=""/>
  <member type="way" ref="44115674" role=""/>
  <member type="way" ref="48572227" role=""/>
  <member type="way" ref="44442486" role=""/>
  <member type="way" ref="44442482" role=""/>
  <member type="way" ref="221573638" role=""/>
  <member type="way" ref="221573622" role=""/>
  <member type="way" ref="321250435" role=""/>
  <member type="way" ref="313489354" role=""/>
  <member type="way" ref="355400977" role=""/>
  <member type="way" ref="31289683" role=""/>
  <member type="way" ref="422584943" role=""/>
  <member type="way" ref="24714972" role=""/>
  <member type="way" ref="37054444" role=""/>
  <member type="way" ref="43570162" role=""/>
  <member type="way" ref="322505778" role=""/>
  <member type="way" ref="26815066" role=""/>
  <member type="way" ref="322417011" role=""/>
  <member type="way" ref="30887494" role=""/>
  <member type="way" ref="32442738" role=""/>
  <member type="way" ref="220510014" role=""/>
  <member type="way" ref="26815074" role=""/>
  <member type="way" ref="32442743" role=""/>
  <member type="way" ref="26815075" role=""/>
  <member type="way" ref="30931760" role=""/>
  <member type="way" ref="26815077" role=""/>
  <member type="way" ref="30928092" role=""/>
  <member type="way" ref="30931761" role=""/>
  <member type="way" ref="83183536" role=""/>
  <member type="way" ref="26815079" role=""/>
  <member type="way" ref="1064757774" role=""/>
  <member type="way" ref="82515545" role=""/>
  <member type="way" ref="1470033344" role=""/>
  <member type="way" ref="27044144" role=""/>
  <member type="way" ref="322505767" role=""/>
  <member type="way" ref="31568966" role=""/>
  <member type="way" ref="1178624709" role=""/>
  <member type="way" ref="322416821" role=""/>
  <member type="way" ref="29568779" role=""/>
  <member type="way" ref="37054449" role=""/>
  <member type="way" ref="29568784" role=""/>
  <member type="way" ref="249212108" role=""/>
  <member type="way" ref="249212102" role=""/>
  <member type="way" ref="249212094" role=""/>
  <member type="way" ref="249212097" role=""/>
  <member type="way" ref="249212096" role=""/>
  <member type="way" ref="249212101" role=""/>
  <member type="way" ref="29568767" role=""/>
  <member type="way" ref="29568775" role=""/>
  <member type="way" ref="29568732" role=""/>
  <member type="way" ref="44961608" role=""/>
  <member type="way" ref="33468070" role=""/>
  <member type="way" ref="322505772" role=""/>
  <member type="way" ref="71809708" role=""/>
  <member type="way" ref="71809692" role=""/>
  <member type="way" ref="143119595" role=""/>
  <member type="way" ref="322505771" role=""/>
  <member type="way" ref="219698896" role=""/>
  <member type="way" ref="322505775" role=""/>
  <member type="way" ref="322416820" role=""/>
  <member type="way" ref="322416969" role=""/>
  <member type="way" ref="51740903" role=""/>
  <member type="way" ref="220510001" role=""/>
  <member type="way" ref="131684733" role=""/>
  <member type="way" ref="82427257" role=""/>
  <member type="way" ref="82427189" role=""/>
  <member type="way" ref="201208321" role=""/>
  <member type="way" ref="322436942" role=""/>
  <member type="way" ref="186176080" role=""/>
  <member type="way" ref="5209285" role=""/>
  <member type="way" ref="322436939" role=""/>
  <member type="way" ref="96115836" role=""/>
  <member type="way" ref="1197063167" role=""/>
  <member type="way" ref="5149018" role=""/>
  <member type="way" ref="1197063166" role=""/>
  <member type="way" ref="323574896" role=""/>
  <member type="way" ref="385453037" role=""/>
  <member type="way" ref="148675132" role=""/>
  <member type="way" ref="37054454" role=""/>
  <member type="way" ref="313489346" role=""/>
  <member type="way" ref="313489348" role=""/>
  <member type="way" ref="854667509" role=""/>
  <member type="way" ref="313489339" role=""/>
  <member type="way" ref="313104499" role=""/>
  <member type="way" ref="34078491" role=""/>
  <member type="way" ref="854667512" role=""/>
  <member type="way" ref="31568967" role=""/>
  <member type="way" ref="385453038" role=""/>
  <member type="way" ref="385453041" role=""/>
  <member type="way" ref="385453034" role=""/>
  <member type="way" ref="385453039" role=""/>
  <member type="way" ref="385453040" role=""/>
  <member type="way" ref="385453035" role=""/>
  <member type="way" ref="385453036" role=""/>
  <member type="way" ref="323574894" role=""/>
  <member type="way" ref="322436948" role=""/>
  <member type="way" ref="355547771" role=""/>
  <member type="way" ref="355547792" role=""/>
  <member type="way" ref="148744802" role=""/>
  <member type="way" ref="1391199969" role=""/>
  <member type="way" ref="43570194" role=""/>
  <member type="way" ref="43570189" role=""/>
  <member type="way" ref="43570195" role=""/>
  <member type="way" ref="43570197" role=""/>
  <member type="way" ref="435308744" role=""/>
  <member type="way" ref="437769070" role=""/>
  <member type="way" ref="234468830" role=""/>
  <member type="way" ref="125407327" role=""/>
  <member type="way" ref="43858492" role=""/>
  <member type="way" ref="625225934" role=""/>
  <tag k="alt_name" v="Fereksla"/>
  <tag k="historic" v="path"/>
  <tag k="name" v="Seterveier i Bærum"/>
  <tag k="route" v="historic"/>
  <tag k="type" v="route"/>
 </relation>
 <relation id="5728254" visible="true" version="216" changeset="167087102" timestamp="2025-06-02T11:12:06Z" user="JakubS" uid="504620">
  <member type="way" ref="1214588625" role="outer"/>
  <member type="way" ref="24959549" role="outer"/>
  <member type="way" ref="388422136" role="outer"/>
  <member type="way" ref="854981607" role="outer"/>
  <member type="way" ref="43656610" role="outer"/>
  <member type="way" ref="216738564" role="outer"/>
  <member type="way" ref="1213765151" role="outer"/>
  <member type="way" ref="31237397" role="inner"/>
  <member type="way" ref="244918989" role="inner"/>
  <member type="way" ref="229468790" role="inner"/>
  <member type="way" ref="191035570" role="inner"/>
  <member type="way" ref="216739475" role="inner"/>
  <member type="way" ref="31237396" role="inner"/>
  <member type="way" ref="31237398" role="inner"/>
  <member type="way" ref="27564353" role="inner"/>
  <member type="way" ref="229938453" role="inner"/>
  <member type="way" ref="189868728" role="inner"/>
  <member type="way" ref="187784724" role="inner"/>
  <member type="way" ref="229614437" role="inner"/>
  <member type="way" ref="189063687" role="inner"/>
  <member type="way" ref="189018398" role="inner"/>
  <member type="way" ref="191037600" role="inner"/>
  <member type="way" ref="226914627" role="inner"/>
  <member type="way" ref="191037662" role="inner"/>
  <member type="way" ref="425991426" role="inner"/>
  <member type="way" ref="425991427" role="inner"/>
  <member type="way" ref="183456752" role="inner"/>
  <member type="way" ref="187784725" role="inner"/>
  <member type="way" ref="229936599" role="inner"/>
  <member type="way" ref="187784726" role="inner"/>
  <member type="way" ref="187931676" role="inner"/>
  <member type="way" ref="179686351" role="inner"/>
  <member type="way" ref="73071501" role="inner"/>
  <member type="way" ref="189718583" role="inner"/>
  <member type="way" ref="189718563" role="inner"/>
  <member type="way" ref="229304946" role="inner"/>
  <member type="way" ref="189870822" role="inner"/>
  <member type="way" ref="65288513" role="inner"/>
  <member type="way" ref="225302714" role="inner"/>
  <member type="way" ref="225302720" role="inner"/>
  <member type="way" ref="225302724" role="inner"/>
  <member type="way" ref="189870466" role="inner"/>
  <member type="way" ref="189869161" role="inner"/>
  <member type="way" ref="189869105" role="inner"/>
  <member type="way" ref="189869130" role="inner"/>
  <member type="way" ref="43444403" role="inner"/>
  <member type="way" ref="83919460" role="inner"/>
  <member type="way" ref="83919478" role="inner"/>
  <member type="way" ref="209406669" role="inner"/>
  <member type="way" ref="183465295" role="inner"/>
  <member type="way" ref="189872241" role="inner"/>
  <member type="way" ref="440711704" role="inner"/>
  <member type="way" ref="189872692" role="inner"/>
  <member type="way" ref="440711705" role="inner"/>
  <member type="way" ref="223584329" role="inner"/>
  <member type="way" ref="440712575" role="inner"/>
  <member type="way" ref="227919682" role="inner"/>
  <member type="way" ref="27945780" role="inner"/>
  <member type="way" ref="288875649" role="inner"/>
  <member type="way" ref="440712578" role="inner"/>
  <member type="way" ref="227919683" role="inner"/>
  <member type="way" ref="223645537" role="inner"/>
  <member type="way" ref="223645526" role="inner"/>
  <member type="way" ref="223645499" role="inner"/>
  <member type="way" ref="27945777" role="inner"/>
  <member type="way" ref="44221691" role="inner"/>
  <member type="way" ref="460036446" role="inner"/>
  <member type="way" ref="461472852" role="inner"/>
  <member type="way" ref="47006680" role="inner"/>
  <member type="way" ref="47006679" role="inner"/>
  <member type="way" ref="47006678" role="inner"/>
  <member type="way" ref="47006682" role="inner"/>
  <member type="way" ref="47006681" role="inner"/>
  <member type="way" ref="223668779" role="inner"/>
  <member type="way" ref="684026990" role="inner"/>
  <member type="way" ref="223668810" role="inner"/>
  <member type="way" ref="224679798" role="inner"/>
  <member type="way" ref="224679787" role="inner"/>
  <member type="way" ref="223645535" role="inner"/>
  <member type="way" ref="224679800" role="inner"/>
  <member type="way" ref="220400777" role="inner"/>
  <member type="way" ref="224679799" role="inner"/>
  <member type="way" ref="223584325" role="inner"/>
  <member type="way" ref="223645497" role="inner"/>
  <member type="way" ref="223645523" role="inner"/>
  <member type="way" ref="223645514" role="inner"/>
  <member type="way" ref="220400774" role="inner"/>
  <member type="way" ref="220400775" role="inner"/>
  <member type="way" ref="311972948" role="inner"/>
  <member type="way" ref="224679801" role="inner"/>
  <member type="way" ref="232478819" role="inner"/>
  <member type="way" ref="142656561" role="inner"/>
  <member type="way" ref="850661685" role="inner"/>
  <member type="way" ref="851643489" role="inner"/>
  <member type="way" ref="209406668" role="inner"/>
  <member type="way" ref="851741143" role="inner"/>
  <member type="way" ref="851741142" role="inner"/>
  <member type="way" ref="851741141" role="inner"/>
  <member type="way" ref="227942592" role="inner"/>
  <member type="way" ref="227942594" role="inner"/>
  <member type="way" ref="219977363" role="inner"/>
  <member type="way" ref="203018007" role="inner"/>
  <member type="way" ref="851923187" role="inner"/>
  <member type="way" ref="851923186" role="inner"/>
  <member type="way" ref="202938878" role="inner"/>
  <member type="way" ref="851935413" role="inner"/>
  <member type="way" ref="31237432" role="inner"/>
  <member type="way" ref="851935412" role="inner"/>
  <member type="way" ref="851935402" role="inner"/>
  <member type="way" ref="31237433" role="inner"/>
  <member type="way" ref="851981650" role="inner"/>
  <member type="way" ref="851981651" role="inner"/>
  <member type="way" ref="851998470" role="inner"/>
  <member type="way" ref="31237434" role="inner"/>
  <member type="way" ref="71577068" role="inner"/>
  <member type="way" ref="851998469" role="inner"/>
  <member type="way" ref="142771142" role="inner"/>
  <member type="way" ref="232226535" role="inner"/>
  <member type="way" ref="232226534" role="inner"/>
  <member type="way" ref="232226533" role="inner"/>
  <member type="way" ref="232226537" role="inner"/>
  <member type="way" ref="232226532" role="inner"/>
  <member type="way" ref="232226536" role="inner"/>
  <member type="way" ref="78059315" role="inner"/>
  <member type="way" ref="317686496" role="inner"/>
  <member type="way" ref="142771230" role="inner"/>
  <member type="way" ref="219408295" role="inner"/>
  <member type="way" ref="852020349" role="inner"/>
  <member type="way" ref="169687639" role="inner"/>
  <member type="way" ref="317686492" role="inner"/>
  <member type="way" ref="317686490" role="inner"/>
  <member type="way" ref="142771187" role="inner"/>
  <member type="way" ref="218557948" role="inner"/>
  <member type="way" ref="218557953" role="inner"/>
  <member type="way" ref="219412654" role="inner"/>
  <member type="way" ref="218557952" role="inner"/>
  <member type="way" ref="216740077" role="inner"/>
  <member type="way" ref="216740076" role="inner"/>
  <member type="way" ref="216740073" role="inner"/>
  <member type="way" ref="219412643" role="inner"/>
  <member type="way" ref="216740074" role="inner"/>
  <member type="way" ref="216740075" role="inner"/>
  <member type="way" ref="222256927" role="inner"/>
  <member type="way" ref="222256013" role="inner"/>
  <member type="way" ref="222255853" role="inner"/>
  <member type="way" ref="224415042" role="inner"/>
  <member type="way" ref="202938877" role="inner"/>
  <member type="way" ref="71577074" role="inner"/>
  <member type="way" ref="853443931" role="inner"/>
  <member type="way" ref="853537308" role="inner"/>
  <member type="way" ref="219198656" role="inner"/>
  <member type="way" ref="854059208" role="inner"/>
  <member type="way" ref="854059207" role="inner"/>
  <member type="way" ref="219408294" role="inner"/>
  <member type="way" ref="217616143" role="inner"/>
  <member type="way" ref="169687621" role="inner"/>
  <member type="way" ref="854154580" role="inner"/>
  <member type="way" ref="200203569" role="inner"/>
  <member type="way" ref="854154579" role="inner"/>
  <member type="way" ref="854854302" role="inner"/>
  <member type="way" ref="639159515" role="inner"/>
  <member type="way" ref="219496364" role="inner"/>
  <member type="way" ref="639159513" role="inner"/>
  <member type="way" ref="639159514" role="inner"/>
  <member type="way" ref="222829569" role="inner"/>
  <member type="way" ref="639159993" role="inner"/>
  <member type="way" ref="222829558" role="inner"/>
  <member type="way" ref="222829561" role="inner"/>
  <member type="way" ref="74450465" role="inner"/>
  <member type="way" ref="219983505" role="inner"/>
  <member type="way" ref="219983497" role="inner"/>
  <member type="way" ref="222829576" role="inner"/>
  <member type="way" ref="222829554" role="inner"/>
  <member type="way" ref="222829573" role="inner"/>
  <member type="way" ref="222829551" role="inner"/>
  <member type="way" ref="219408296" role="inner"/>
  <member type="way" ref="857432829" role="inner"/>
  <member type="way" ref="149659961" role="inner"/>
  <member type="way" ref="913844845" role="inner"/>
  <member type="way" ref="116734094" role="inner"/>
  <member type="way" ref="71270452" role="inner"/>
  <member type="way" ref="71270440" role="inner"/>
  <member type="way" ref="71270450" role="inner"/>
  <member type="way" ref="1047441951" role="inner"/>
  <member type="way" ref="1047441947" role="inner"/>
  <member type="way" ref="1047441946" role="inner"/>
  <member type="way" ref="1047441945" role="inner"/>
  <member type="way" ref="1047441944" role="inner"/>
  <member type="way" ref="459659737" role="inner"/>
  <member type="way" ref="219978923" role="inner"/>
  <member type="way" ref="219787924" role="inner"/>
  <member type="way" ref="463462501" role="inner"/>
  <member type="way" ref="219978924" role="inner"/>
  <member type="way" ref="219787923" role="inner"/>
  <member type="way" ref="219787925" role="inner"/>
  <member type="way" ref="222572245" role="inner"/>
  <member type="way" ref="89700138" role="inner"/>
  <member type="way" ref="1104658379" role="inner"/>
  <member type="way" ref="1391563252" role="inner"/>
  <member type="way" ref="1391563251" role="inner"/>
  <member type="way" ref="1391563250" role="inner"/>
  <member type="way" ref="454885334" role="inner"/>
  <member type="way" ref="180479505" role="inner"/>
  <tag k="leaf_type" v="mixed"/>
  <tag k="natural" v="wood"/>
  <tag k="type" v="multipolygon"/>
 </relation>
 <relation id="7381883" visible="true" version="7" changeset="183708902" timestamp="2026-06-05T18:04:07Z" user="FennecusZerda" uid="665677">
  <member type="way" ref="47421102" role=""/>
  <member type="way" ref="44105788" role=""/>
  <member type="way" ref="47044734" role=""/>
  <member type="way" ref="221467295" role=""/>
  <member type="way" ref="221573638" role=""/>
  <member type="way" ref="44442482" role=""/>
  <member type="way" ref="44442479" role=""/>
  <member type="way" ref="339396956" role=""/>
  <member type="way" ref="353046677" role=""/>
  <member type="way" ref="72455724" role=""/>
  <member type="way" ref="51001262" role=""/>
  <member type="way" ref="277611234" role=""/>
  <member type="way" ref="51001263" role=""/>
  <member type="way" ref="1104723179" role=""/>
  <member type="way" ref="220534300" role=""/>
  <member type="way" ref="1526499528" role=""/>
  <member type="way" ref="44115678" role=""/>
  <member type="way" ref="311017522" role=""/>
  <member type="way" ref="96053880" role=""/>
  <member type="way" ref="47044736" role=""/>
  <member type="way" ref="221578820" role=""/>
  <member type="way" ref="43961364" role=""/>
  <member type="way" ref="43961363" role=""/>
  <member type="way" ref="221576986" role=""/>
  <member type="way" ref="221576988" role=""/>
  <member type="way" ref="221576987" role=""/>
  <member type="way" ref="44115674" role=""/>
  <member type="way" ref="48572227" role=""/>
  <member type="way" ref="44115672" role=""/>
  <member type="way" ref="221576990" role=""/>
  <member type="way" ref="967295929" role=""/>
  <member type="way" ref="967295916" role=""/>
  <member type="way" ref="967295928" role=""/>
  <member type="way" ref="5034288" role=""/>
  <member type="way" ref="28114182" role=""/>
  <member type="way" ref="233765589" role=""/>
  <member type="way" ref="47044737" role=""/>
  <member type="way" ref="44108176" role=""/>
  <member type="way" ref="46673079" role=""/>
  <member type="way" ref="189721479" role=""/>
  <member type="way" ref="456084658" role=""/>
  <member type="way" ref="506020672" role=""/>
  <member type="way" ref="221478869" role=""/>
  <member type="way" ref="88645101" role=""/>
  <member type="way" ref="1394483208" role=""/>
  <member type="way" ref="88644994" role=""/>
  <member type="way" ref="43655177" role=""/>
  <member type="way" ref="463036824" role=""/>
  <member type="way" ref="463461939" role=""/>
  <member type="way" ref="47044732" role=""/>
  <member type="way" ref="43858501" role=""/>
  <member type="way" ref="43117401" role=""/>
  <member type="way" ref="43117400" role=""/>
  <member type="way" ref="89700666" role=""/>
  <member type="way" ref="43933746" role=""/>
  <member type="way" ref="789182605" role=""/>
  <member type="way" ref="506020666" role=""/>
  <member type="way" ref="46618676" role=""/>
  <member type="way" ref="27064249" role=""/>
  <member type="way" ref="50477659" role=""/>
  <member type="way" ref="227817282" role=""/>
  <tag k="name" v="Ridetraséer i Fossum-Haga området"/>
  <tag k="operator" v="Bærum kommune"/>
  <tag k="route" v="horse"/>
  <tag k="type" v="route"/>
  <tag k="website" v="https://www.baerum.kommune.no/globalassets/tjenester/natur-kultur-og-fritid/friluftsliv/ridestier-i-fossum-haga-omradet-2006.pdf"/>
 </relation>
 <relation id="9602867" visible="true" version="2" changeset="70410794" timestamp="2019-05-19T13:35:40Z" user="vibrog" uid="11992">
  <member type="way" ref="46738248" role=""/>
  <member type="way" ref="43858492" role=""/>
  <member type="way" ref="46618683" role=""/>
  <member type="way" ref="506063175" role=""/>
  <member type="way" ref="46618661" role=""/>
  <member type="way" ref="46738241" role=""/>
  <member type="way" ref="46738245" role=""/>
  <member type="way" ref="125407327" role=""/>
  <member type="way" ref="233765590" role=""/>
  <member type="way" ref="46618684" role=""/>
  <member type="way" ref="456084659" role=""/>
  <member type="way" ref="456779031" role=""/>
  <member type="way" ref="456777945" role=""/>
  <member type="way" ref="456779035" role=""/>
  <member type="way" ref="691039002" role=""/>
  <member type="way" ref="691039004" role=""/>
  <member type="way" ref="47834281" role=""/>
  <member type="way" ref="691038176" role=""/>
  <member type="way" ref="46787566" role=""/>
  <tag k="fixme" v="incomplete"/>
  <tag k="mtb:type" v="crosscountry"/>
  <tag k="name" v="KalasCup Fossum"/>
  <tag k="operator" v="Fossum IL"/>
  <tag k="roundtrip" v="yes"/>
  <tag k="route" v="mtb"/>
  <tag k="state" v="temporary"/>
  <tag k="type" v="route"/>
 </relation>
 <relation id="18080026" visible="true" version="2" changeset="163139451" timestamp="2025-03-02T21:50:05Z" user="hros" uid="7223593">
  <member type="way" ref="27564353" role="outer"/>
  <member type="way" ref="1005262971" role="inner"/>
  <tag k="ele" v="215"/>
  <tag k="name" v="Østernvann"/>
  <tag k="natural" v="water"/>
  <tag k="source:date" v="1965-07-01"/>
  <tag k="type" v="multipolygon"/>
  <tag k="wikidata" v="Q4568324"/>
 </relation>
</osm>
